10-04 19:22:02.978  1537  1643 I ActivityManager: Start proc 32473:uk.co.deanthecoder.mechrewired/u0a197 for next-top-activity {uk.co.deanthecoder.mechrewired/com.godot.game.GodotAppLauncher}
10-04 19:22:03.098 32473 32473 D GodotActivity: Launch intent Intent { act=android.intent.action.MAIN cat=[android.intent.category.LAUNCHER] flg=0x10a10100 cmp=uk.co.deanthecoder.mechrewired/com.godot.game.GodotAppLauncher } with parameters []
10-04 19:22:03.194 32473 32519 I godot   : Godot Engine v4.7.1.stable.mono.official.a13da4feb - https://godotengine.org
10-04 19:22:03.222  1537  1911 D VolumetricContentMonitor: Focused window changed to RunningWindowInfo{  pid: 32473, uid: 10197, userId: 0, windowContainerToken: 156308786, windowToken: android.view.IWindow$Stub$Proxy@2a77283, windowId: com.android.server.wm.WindowState$WindowId@a81dc00, displayId: 0, windowType: 1, activity: RunningActivityInfo { rootTask: 1515, uid: 10197, pid: 32473, userId: 0, activity: com.godot.game.GodotAppLauncher, windowId: com.android.server.wm.WindowState$WindowId@a81dc00, state: ACTIVITY_STATE_VISIBLE}}, from android.view.IWindow$Stub$Proxy@feda9e1
10-04 19:22:03.321 32473 32519 I godot   : OpenXR: Created instance for OpenXR 1.1.54
10-04 19:22:03.321 32473 32519 I godot   : OpenXR: Running on OpenXR runtime:  Oculus   207.297.0
10-04 19:22:03.328 32473 32519 I godot   : OpenXR: XrGraphicsRequirementsVulkan2KHR:
10-04 19:22:03.329 32473 32519 I godot   :  - minApiVersionSupported:  1.0.0
10-04 19:22:03.329 32473 32519 I godot   :  - maxApiVersionSupported:  1.2.0
10-04 19:22:03.336 32473 32519 I godot   : VulkanHooks detected (e.g. OpenXR): Force-disabling Swappy Frame Pacing.
10-04 19:22:03.336 32473 32519 I godot   : Vulkan 1.3.295 - Forward Mobile - Using Device #0: Qualcomm - Adreno (TM) 740
10-04 19:22:03.590 32473 32519 I godot   :
10-04 19:22:03.710 32473 32521 I OpenXR_SessionImpl: nativeOnActivityReady: uk.co.deanthecoder.mechrewired/com.godot.game.GodotAppLauncher
10-04 19:22:03.748 32473 32519 E godot   : ERROR: .NET: Assemblies not found
10-04 19:22:03.748 32473 32519 E godot   :    at: initialize (modules/mono/mono_gd/gd_mono.cpp:650)
10-04 19:22:03.781  1537  1911 D VolumetricContentMonitor: Focused window changed to RunningWindowInfo{  pid: 32473, uid: 10197, userId: 0, windowContainerToken: 47400667, windowToken: android.view.IWindow$Stub$Proxy@bee1578, windowId: com.android.server.wm.WindowState$WindowId@1b9e451, displayId: 0, windowType: 2, activity: RunningActivityInfo { rootTask: 1515, uid: 10197, pid: 32473, userId: 0, activity: com.godot.game.GodotAppLauncher, windowId: com.android.server.wm.WindowState$WindowId@a81dc00, state: ACTIVITY_STATE_VISIBLE}}, from android.view.IWindow$Stub$Proxy@2a77283
10-04 19:22:03.910 32473 32519 F libc    : Fatal signal 11 (SIGSEGV), code 1 (SEGV_MAPERR), fault addr 0x0 in tid 32519 (VkThread), pid 32473 (der.mechrewired)
10-04 19:22:04.151 32569 32569 F DEBUG   : *** *** *** *** *** *** *** *** *** *** *** *** *** *** *** ***
10-04 19:22:04.151 32569 32569 F DEBUG   : Build fingerprint: 'oculus/eureka/eureka:14/UP1A.231005.007.A1/52433670048800520:user/abl_signing_keys:release,amss_signing_keys:release,release-keys'
10-04 19:22:04.151 32569 32569 F DEBUG   : Revision: '0'
10-04 19:22:04.151 32569 32569 F DEBUG   : ABI: 'arm64'
10-04 19:22:04.151 32569 32569 F DEBUG   : Timestamp: 2026-10-04 19:22:03.966558308+0100
10-04 19:22:04.151 32569 32569 F DEBUG   : Process uptime: 599329s
10-04 19:22:04.151 32569 32569 F DEBUG   : Diagnostic-Collection-Type: Tombstone Proto
10-04 19:22:04.151 32569 32569 F DEBUG   : Has-Diagnostic-Summary: Yes
10-04 19:22:04.151 32569 32569 F DEBUG   : Vm-Swap-Kb: 18992
10-04 19:22:04.151 32569 32569 F DEBUG   : Rss-Shmem-Kb: 1312
10-04 19:22:04.151 32569 32569 F DEBUG   : Rss-Anon-Kb: 169460
10-04 19:22:04.151 32569 32569 F DEBUG   : Rss-Hwm-Kb: 353936
10-04 19:22:04.151 32569 32569 F DEBUG   : APK-Location: /data/app/~~vUwnjadl91f7EvhK4Dge4Q==/uk.co.deanthecoder.mechrewired-S04x6UwAJWeC8hzMOlcBTw==/base.apk
10-04 19:22:04.151 32569 32569 F DEBUG   : Debugging: No
10-04 19:22:04.151 32569 32569 F DEBUG   : Rss-Kb: 353772
10-04 19:22:04.151 32569 32569 F DEBUG   : Has-Waited-For-Debugger: No
10-04 19:22:04.151 32569 32569 F DEBUG   : Last-Activity-Time: 29424537
10-04 19:22:04.151 32569 32569 F DEBUG   : Process-Runtime: 569918258
10-04 19:22:04.151 32569 32569 F DEBUG   : Waiting-To-Kill:
10-04 19:22:04.151 32569 32569 F DEBUG   : Killed-By-AM: No
10-04 19:22:04.151 32569 32569 F DEBUG   : Removed: No
10-04 19:22:04.151 32569 32569 F DEBUG   : Wanted-ANR-Ui: No
10-04 19:22:04.151 32569 32569 F DEBUG   : Killed: No
10-04 19:22:04.151 32569 32569 F DEBUG   : OOM-Score-Adj: 0
10-04 19:22:04.151 32569 32569 F DEBUG   : Wanted-Error-Ui: No
10-04 19:22:04.151 32569 32569 F DEBUG   : Kill-Time: 0
10-04 19:22:04.151 32569 32569 F DEBUG   : State: TOP
10-04 19:22:04.151 32569 32569 F DEBUG   : Foreground: Yes
10-04 19:22:04.151 32569 32569 F DEBUG   : Executable: /system/bin/app_process64
10-04 19:22:04.151 32569 32569 F DEBUG   : Cmdline: uk.co.deanthecoder.mechrewired
10-04 19:22:04.151 32569 32569 F DEBUG   : pid: 32473, tid: 32519, name: VkThread  >>> uk.co.deanthecoder.mechrewired <<<
10-04 19:22:04.151 32569 32569 F DEBUG   : uid: 10197
10-04 19:22:04.151 32569 32569 F DEBUG   : tagged_addr_ctrl: 0000000000000001 (PR_TAGGED_ADDR_ENABLE)
10-04 19:22:04.151 32569 32569 F DEBUG   : syscall: running
10-04 19:22:04.151 32569 32569 F DEBUG   : signal 11 (SIGSEGV), code 1 (SEGV_MAPERR), fault addr 0x0000000000000000
10-04 19:22:04.151 32569 32569 F DEBUG   : Cause: null pointer dereference
10-04 19:22:04.151 32569 32569 F DEBUG   :     x0  b4000072652d3a80  x1  000000729e8676e0  x2  b4000072652e1180  x3  000000729e867930
10-04 19:22:04.151 32569 32569 F DEBUG   :     x4  000000000000000e  x5  b400007265239378  x6  0000000000000001  x7  0000007300000063
10-04 19:22:04.151 32569 32569 F DEBUG   :     x8  0000000000000000  x9  b4000072652e11a0  x10 0000000000007f07  x11 0000000000007f07
10-04 19:22:04.151 32569 32569 F DEBUG   :     x12 b400007264642e00  x13 b400007265258c00  x14 b400007264642f90  x15 0000000000000012
10-04 19:22:04.151 32569 32569 F DEBUG   :     x16 0000000000000001  x17 00000073d19b2750  x18 000000729da2e000  x19 b4000072652d3a80
10-04 19:22:04.151 32569 32569 F DEBUG   :     x20 000000729e868d40  x21 00000072ab04bce8  x22 0000000000000000  x23 000000729e867970
10-04 19:22:04.151 32569 32569 F DEBUG   :     x24 b4000072652e1180  x25 0000000000000006  x26 000000729e868d40  x27 000000729e867970
10-04 19:22:04.151 32569 32569 F DEBUG   :     x28 0000000000000000  x29 000000729e8676f0
10-04 19:22:04.151 32569 32569 F DEBUG   :     lr  00000072a87fe028  sp  000000729e8676d0  pc  0000000000000000  pst 0000000000001000
10-04 19:22:04.151 32569 32569 F DEBUG   : 24 total frames
10-04 19:22:04.151 32569 32569 F DEBUG   : backtrace:
10-04 19:22:04.151 32569 32569 F DEBUG   :       #00 pc 0000000000000000  <unknown>
10-04 19:22:04.151 32569 32569 F DEBUG   :       #01 pc 0000000001bfa024  /data/app/~~vUwnjadl91f7EvhK4Dge4Q==/uk.co.deanthecoder.mechrewired-S04x6UwAJWeC8hzMOlcBTw==/base.apk!libgodot_android.so (offset 0x628000) (BuildId: 26f4bf95ce5e10668241262b050d84696076cfb4)
10-04 19:22:04.151 32569 32569 F DEBUG   :       #02 pc 0000000001bfe960  /data/app/~~vUwnjadl91f7EvhK4Dge4Q==/uk.co.deanthecoder.mechrewired-S04x6UwAJWeC8hzMOlcBTw==/base.apk!libgodot_android.so (offset 0x628000) (BuildId: 26f4bf95ce5e10668241262b050d84696076cfb4)
10-04 19:22:04.151 32569 32569 F DEBUG   :       #03 pc 0000000003b90d58  /data/app/~~vUwnjadl91f7EvhK4Dge4Q==/uk.co.deanthecoder.mechrewired-S04x6UwAJWeC8hzMOlcBTw==/base.apk!libgodot_android.so (offset 0x628000) (BuildId: 26f4bf95ce5e10668241262b050d84696076cfb4)
10-04 19:22:04.151 32569 32569 F DEBUG   :       #04 pc 0000000003b926bc  /data/app/~~vUwnjadl91f7EvhK4Dge4Q==/uk.co.deanthecoder.mechrewired-S04x6UwAJWeC8hzMOlcBTw==/base.apk!libgodot_android.so (offset 0x628000) (BuildId: 26f4bf95ce5e10668241262b050d84696076cfb4)
10-04 19:22:04.151 32569 32569 F DEBUG   :       #05 pc 0000000003b95ac0  /data/app/~~vUwnjadl91f7EvhK4Dge4Q==/uk.co.deanthecoder.mechrewired-S04x6UwAJWeC8hzMOlcBTw==/base.apk!libgodot_android.so (offset 0x628000) (BuildId: 26f4bf95ce5e10668241262b050d84696076cfb4)
10-04 19:22:04.151 32569 32569 F DEBUG   :       #06 pc 0000000003b72634  /data/app/~~vUwnjadl91f7EvhK4Dge4Q==/uk.co.deanthecoder.mechrewired-S04x6UwAJWeC8hzMOlcBTw==/base.apk!libgodot_android.so (offset 0x628000) (BuildId: 26f4bf95ce5e10668241262b050d84696076cfb4)
10-04 19:22:04.151 32569 32569 F DEBUG   :       #07 pc 0000000003b77344  /data/app/~~vUwnjadl91f7EvhK4Dge4Q==/uk.co.deanthecoder.mechrewired-S04x6UwAJWeC8hzMOlcBTw==/base.apk!libgodot_android.so (offset 0x628000) (BuildId: 26f4bf95ce5e10668241262b050d84696076cfb4)
10-04 19:22:04.151 32569 32569 F DEBUG   :       #08 pc 0000000003b90d58  /data/app/~~vUwnjadl91f7EvhK4Dge4Q==/uk.co.deanthecoder.mechrewired-S04x6UwAJWeC8hzMOlcBTw==/base.apk!libgodot_android.so (offset 0x628000) (BuildId: 26f4bf95ce5e10668241262b050d84696076cfb4)
10-04 19:22:04.151 32569 32569 F DEBUG   :       #09 pc 0000000003b926bc  /data/app/~~vUwnjadl91f7EvhK4Dge4Q==/uk.co.deanthecoder.mechrewired-S04x6UwAJWeC8hzMOlcBTw==/base.apk!libgodot_android.so (offset 0x628000) (BuildId: 26f4bf95ce5e10668241262b050d84696076cfb4)
10-04 19:22:04.151 32569 32569 F DEBUG   :       #10 pc 0000000003b95ac0  /data/app/~~vUwnjadl91f7EvhK4Dge4Q==/uk.co.deanthecoder.mechrewired-S04x6UwAJWeC8hzMOlcBTw==/base.apk!libgodot_android.so (offset 0x628000) (BuildId: 26f4bf95ce5e10668241262b050d84696076cfb4)
10-04 19:22:04.151 32569 32569 F DEBUG   :       #11 pc 0000000003b9617c  /data/app/~~vUwnjadl91f7EvhK4Dge4Q==/uk.co.deanthecoder.mechrewired-S04x6UwAJWeC8hzMOlcBTw==/base.apk!libgodot_android.so (offset 0x628000) (BuildId: 26f4bf95ce5e10668241262b050d84696076cfb4)
10-04 19:22:04.151 32569 32569 F DEBUG   :       #12 pc 000000000126a88c  /data/app/~~vUwnjadl91f7EvhK4Dge4Q==/uk.co.deanthecoder.mechrewired-S04x6UwAJWeC8hzMOlcBTw==/base.apk!libgodot_android.so (offset 0x628000) (BuildId: 26f4bf95ce5e10668241262b050d84696076cfb4)
10-04 19:22:04.151 32569 32569 F DEBUG   :       #13 pc 0000000001225634  /data/app/~~vUwnjadl91f7EvhK4Dge4Q==/uk.co.deanthecoder.mechrewired-S04x6UwAJWeC8hzMOlcBTw==/base.apk!libgodot_android.so (offset 0x628000) (Java_org_godotengine_godot_GodotLib_step+200) (BuildId: 26f4bf95ce5e10668241262b050d84696076cfb4)
10-04 19:22:04.151 32569 32569 F DEBUG   :       #14 pc 0000000000227440  /apex/com.android.art/lib64/libart.so (art_quick_generic_jni_trampoline+144) (BuildId: f895d9c211cc6d2938399a2191d5f93f)
10-04 19:22:04.151 32569 32569 F DEBUG   :       #15 pc 0000000000209418  /apex/com.android.art/lib64/libart.so (nterp_helper+152) (BuildId: f895d9c211cc6d2938399a2191d5f93f)
10-04 19:22:04.151 32569 32569 F DEBUG   :       #16 pc 000000000023dbc4  /data/app/~~vUwnjadl91f7EvhK4Dge4Q==/uk.co.deanthecoder.mechrewired-S04x6UwAJWeC8hzMOlcBTw==/base.apk (org.godotengine.godot.vulkan.VkRenderer.onVkDrawFrame+0)
10-04 19:22:04.151 32569 32569 F DEBUG   :       #17 pc 000000000020a2d4  /apex/com.android.art/lib64/libart.so (nterp_helper+3924) (BuildId: f895d9c211cc6d2938399a2191d5f93f)
10-04 19:22:04.151 32569 32569 F DEBUG   :       #18 pc 000000000023e51e  /data/app/~~vUwnjadl91f7EvhK4Dge4Q==/uk.co.deanthecoder.mechrewired-S04x6UwAJWeC8hzMOlcBTw==/base.apk (org.godotengine.godot.vulkan.VkThread.run+274)
10-04 19:22:04.151 32569 32569 F DEBUG   :       #19 pc 00000000002109a4  /apex/com.android.art/lib64/libart.so (art_quick_invoke_stub+612) (BuildId: f895d9c211cc6d2938399a2191d5f93f)
10-04 19:22:04.151 32569 32569 F DEBUG   :       #20 pc 0000000000253f1c  /apex/com.android.art/lib64/libart.so (art::ArtMethod::Invoke(art::Thread*, unsigned int*, unsigned int, art::JValue*, char const*)+172) (BuildId: f895d9c211cc6d2938399a2191d5f93f)
10-04 19:22:04.151 32569 32569 F DEBUG   :       #21 pc 0000000000694808  /apex/com.android.art/lib64/libart.so (art::Thread::CreateCallback(void*)+1416) (BuildId: f895d9c211cc6d2938399a2191d5f93f)
10-04 19:22:04.151 32569 32569 F DEBUG   :       #22 pc 00000000001372ac  /apex/com.android.runtime/lib64/bionic/libc.so (__pthread_start(void*)+204) (BuildId: 802681f07ca5a0c7cd6224d3088e4b3a)
10-04 19:22:04.151 32569 32569 F DEBUG   :       #23 pc 00000000000cf170  /apex/com.android.runtime/lib64/bionic/libc.so (__start_thread+64) (BuildId: 802681f07ca5a0c7cd6224d3088e4b3a)
10-04 19:26:44.513  1537  1643 I ActivityManager: Start proc 3817:uk.co.deanthecoder.mechrewired/u0a197 for next-top-activity {uk.co.deanthecoder.mechrewired/com.godot.game.GodotAppLauncher}
10-04 19:26:44.688  3817  3817 D GodotActivity: Launch intent Intent { act=android.intent.action.MAIN cat=[android.intent.category.LAUNCHER] flg=0x10a10100 cmp=uk.co.deanthecoder.mechrewired/com.godot.game.GodotAppLauncher } with parameters []
10-04 19:26:44.814  3817  3881 I godot   : Godot Engine v4.7.1.stable.mono.official.a13da4feb - https://godotengine.org
10-04 19:26:44.825  1537  1911 D VolumetricContentMonitor: Focused window changed to RunningWindowInfo{  pid: 3817, uid: 10197, userId: 0, windowContainerToken: 175402006, windowToken: android.view.IWindow$Stub$Proxy@b84e997, windowId: com.android.server.wm.WindowState$WindowId@88da784, displayId: 0, windowType: 1, activity: RunningActivityInfo { rootTask: 1529, uid: 10197, pid: 3817, userId: 0, activity: com.godot.game.GodotAppLauncher, windowId: com.android.server.wm.WindowState$WindowId@88da784, state: ACTIVITY_STATE_VISIBLE}}, from android.view.IWindow$Stub$Proxy@6b03254
10-04 19:26:45.099  3817  3881 I godot   : OpenXR: Created instance for OpenXR 1.1.54
10-04 19:26:45.099  3817  3881 I godot   : OpenXR: Running on OpenXR runtime:  Oculus   207.297.0
10-04 19:26:45.106  3817  3881 I godot   : OpenXR: XrGraphicsRequirementsVulkan2KHR:
10-04 19:26:45.106  3817  3881 I godot   :  - minApiVersionSupported:  1.0.0
10-04 19:26:45.106  3817  3881 I godot   :  - maxApiVersionSupported:  1.2.0
10-04 19:26:45.117  3817  3881 I godot   : VulkanHooks detected (e.g. OpenXR): Force-disabling Swappy Frame Pacing.
10-04 19:26:45.117  3817  3881 I godot   : Vulkan 1.3.295 - Forward Mobile - Using Device #0: Qualcomm - Adreno (TM) 740
10-04 19:26:45.438  3817  3881 I godot   :
10-04 19:26:45.556  3817  3883 I OpenXR_SessionImpl: nativeOnActivityReady: uk.co.deanthecoder.mechrewired/com.godot.game.GodotAppLauncher
10-04 19:26:46.115  3817  3881 I godot   : MechRewired: reactor online.
10-04 19:26:46.132  3817  3881 I godot   : MechRewired: VR game data directory: /data/data/uk.co.deanthecoder.mechrewired/files/game-data
10-04 19:26:46.160  3817  3881 I godot   : MechRewired: OpenXR seated cockpit enabled.
10-04 19:26:46.215  3817  3881 I godot   : MechRewired: rendering with mobile on vulkan.
10-04 19:26:46.235  3817  3881 I godot   : MechRewired: combat difficulty Medium.
10-04 19:26:46.637  3817  3881 I godot   : MechRewired: validated private MW2.PRJ SHA-256 e79f04412fb26cdad86403f19dd73605a8278fc3666608d782d9526bb2a2bef4.
10-04 19:26:46.660  3817  3881 I godot   : MechRewired: indexed 7,735 resources from MW2.PRJ (21,893,380 bytes).
10-04 19:26:46.668  3817  3881 I godot   : MechRewired: selected Wolf campaign (BWD/YELLSCN1.BWD; MEK/MDG00STD.MEK).
10-04 19:26:46.710  3817  3881 I godot   : MechRewired: resolved mission BWD/YELLSCN1.BWD (prefix YELL; palette PAL/YELL_DA.COL; world BWD/YELLWLD1.BWD; planet BWD/YELLPLT1.BWD; deployment BWD/YELLST01.BWD; 3 navigation references).
10-04 19:26:46.743  3817  3881 I godot   : MechRewired: configured player Mad Dog (60 tons, 8 firing points).
10-04 19:26:46.761  3817  3881 I godot   : MechRewired: loaded player loadout (6 weapons, 24 heat sinks, 2 ammo bins).
10-04 19:26:46.768  3817  3881 I godot   : MechRewired: loaded mission lighting (time 1500; view distance 500m; luma standard).
10-04 19:26:46.769  3817  3881 I godot   : MechRewired: loaded player deployment.
10-04 19:26:46.789  3817  3881 I godot   : MechRewired: decoded 5 mission tables from BWD/YELLSCN1.BWD; default table has 24 records and 5 supported objectives.
10-04 19:26:46.791  3817  3881 I godot   : MechRewired: loaded 3 mission navigation points from BWD/YELLSCN1.BWD.
10-04 19:26:46.812  3817  3881 I godot   : MechRewired: resolved 4 mission game pieces (4 hostile).
10-04 19:26:46.842  3817  3881 I godot   : MechRewired: assembled YELL mission world (8 BWD resources, 135 terrain objects, 22 scenery objects, 20 debris objects, 5 effect controls, 8 actors).
10-04 19:26:46.849  3817  3881 I godot   : MechRewired: loaded 2 mission-area boundaries from BWD/YELLSCN1.BWD.
10-04 19:26:46.853  3817  3881 I godot   : MISSION_STARTUP: mission data 182 ms.
10-04 19:26:47.148  3817  3881 I godot   : MechRewired: configured mission atmosphere.
10-04 19:26:47.611  3817  3881 I godot   : MechRewired: loaded original material 170 artwork CEL/A9SMO319.XEL (83x103).
10-04 19:26:48.957  3817  3881 I godot   : MechRewired: rendered mission world (185 instances, 8 active actor components, 20 ground-settled debris objects, 82 unique models; luminosity levels 12 terrain / 8 objects).
10-04 19:26:48.957  3817  3881 I godot   : MISSION_STARTUP: world objects 2077 ms.
10-04 19:26:52.763  3817  3881 I godot   : MISSION_STARTUP: derived terrain 3805 ms.
10-04 19:26:53.501  3817  3881 I godot   : MechRewired: prepared desert terrain surface.
10-04 19:26:53.501  3817  3881 I godot   : MISSION_STARTUP: implicit ground and terrain index 738 ms.
10-04 19:26:54.097  3817  3881 I godot   : MechRewired: loaded 4 authored battlefield effect objects.
10-04 19:26:54.175  3817  3881 I godot   : MechRewired: staged 1 map-authored dropship set pieces.
10-04 19:26:54.176  3817  3881 I godot   : MISSION_STARTUP: scenery and effects 675 ms.
10-04 19:26:54.225  3817  3881 I godot   : MechRewired: loaded player and mission audio.
10-04 19:26:55.276  3817  3881 I godot   : MISSION_STARTUP: player and audio 1100 ms.
10-04 19:26:55.288  3817  3881 I godot   : MechRewired: streamed 0 active and 49 queued rock cells around player cell (37, -37).
10-04 19:26:55.806  3817  3881 I godot   : MISSION_STARTUP: initial rock population 530 ms.
10-04 19:26:57.312  3817  3881 I godot   : MechRewired: deployed hostile force (4 mechs, 0 emplacements).
10-04 19:26:57.312  3817  3881 I godot   : MechRewired: configured 16 static and 8 actor scenery obstacles.
10-04 19:26:57.576  3817  3881 I godot   : MechRewired: targeting online (4 hostile combatants; 6 player weapons).
10-04 19:26:57.617  3817  3881 I godot   : WARNING: MechRewired: mission fidelity audit found 9 warning(s) for BWD/YELLSCN1.BWD (UnknownBwdTag=3, ExcludedMissionTableRecord=6).
10-04 19:26:57.618  3817  3881 I godot   : WARNING: MechRewired: audit UnknownBwdTag (3): BWD/YELLSCN1.BWD MUSI@0xAC: Tag is 24 bytes and has no semantic decoder.
10-04 19:26:57.618  3817  3881 I godot   : WARNING: MechRewired: audit ExcludedMissionTableRecord (6): BWD/YELLSCN1.BWD MTBL 0 record 4: GoTo record is not represented by a player objective or dependency.
10-04 19:26:58.709  3817  3881 I godot   : QUEST_SKY_CACHE light=SunLight direction=(-0.6742022, 0.49555823, 0.547607) sky_mode=LightAndSky
10-04 19:26:58.709  3817  3881 I godot   : QUEST_SKY_CACHE light=MoonLight direction=(-0.39191696, 0.67674905, 0.62322706) sky_mode=LightAndSky
10-04 19:26:58.874  3817  3881 I godot   : MechRewired: deployed player Mad Dog (15 rendered parts).
10-04 19:26:58.903  3817  3881 I godot   : MISSION_STARTUP: mission systems and HUD 3097 ms.
10-04 19:26:58.903  3817  3881 I godot   : MISSION_STARTUP: scene assembled 12236 ms total.
10-04 19:26:59.703  3817  3881 I godot   : QUEST_VR_INPUT: paused=True focus=Ready head=True left=False right=False seat=False menu=False aim=False
10-04 19:26:59.941  3817  3881 I godot   : MISSION_STARTUP: first frame ready 13274 ms total.
10-04 19:27:00.155  3817  3881 I godot   : QUEST_SKY_CACHE capture=2048x1024 format=Rgbaf source_radiance=Size1024 source_mode=Quality original_radiance=Size256 original_mode=Automatic complete=true
10-04 19:27:00.185  3817  3881 I godot   : QUEST_SKY_CACHE final_radiance=Size256 final_mode=Automatic sun=LIGHT0_DIRECTION
10-04 19:27:00.708  3817  3881 I godot   : QUEST_VR_INPUT: paused=False focus=Focused head=True left=False right=True seat=True menu=False aim=True
10-04 19:27:23.818  3817  3881 I godot   : QUEST_VR_INPUT: paused=False focus=Focused head=True left=True right=True seat=True menu=False aim=True
10-04 19:27:25.688  3817  3881 I godot   : QUEST_VR_INPUT: paused=True focus=Focused head=True left=True right=True seat=True menu=True aim=False
10-04 19:27:29.739  3817  3881 I godot   : QUEST_COMBAT_CHUNK: {"kind":"RUN","runId":"20261004-182729-1d1caa","recordId":1,"index":0,"count":3,"data":"{\u0022runId\u0022:\u002220261004-182729-1d1caa\u0022,\u0022schema\u0022:5,\u0022graphicsProfile\u0022:\u0022baked-profile\u0022,\u0022poolPolicy\u0022:\u0022quest-prewarmed-per-mech-v1\u0022,\u0022mission\u0022:\u0022YELLSCN1\u0022,\u0022target\u0022:\u0022Enemy-Falcon Nova-1\u0022,\u0022weaponEffectPoolPolicy\u0022:\u0022mission64-per-family-limit128-v1\u0022,\u0022targetingPolicy\u0022:\u0022segment-bounds-quest-250ms-v1\u0022,\u0022variants\u0022:[\u0022baseline\u0022,\u0022smoke-off\u0022,\u0022weapon-lights-off\u0022,\u0022baseline\u0022],\u0022secondsPerTrial\u0022:15,\u0022enemyCount\u0022:4,\u0022options\u0022:{\u0022SunShadows\u0022:false,\u0022Glow\u0022:false,\u0022Glass\u0022:false,\u0022Smoke\u0022:true,\u0022BakedSky\u0022:true,\u0022QuestUvMateri"}
10-04 19:27:29.739  3817  3881 I godot   : QUEST_COMBAT_CHUNK: {"kind":"RUN","runId":"20261004-182729-1d1caa","recordId":1,"index":1,"count":3,"data":"als\u0022:true,\u0022BakedInteriorLighting\u0022:true,\u0022HudGlow\u0022:false,\u0022Radar\u0022:true,\u0022Weapons\u0022:true,\u0022Status\u0022:true,\u0022Navigation\u0022:true,\u0022Targeting\u0022:true},\u0022baselineSettings\u0022:{\u0022bakedProfile\u0022:true,\u0022smoke\u0022:true,\u0022weaponLights\u0022:true},\u0022build\u0022:\u0022release\u0022,\u0022engine\u0022:\u00224.7.1-stable (official)\u0022,\u0022device\u0022:\u0022Quest 3\u0022,\u0022gpu\u0022:\u0022Adreno (TM) 740\u0022,\u0022renderer\u0022:\u0022mobile\u0022,\u0022msaa\u0022:\u0022Msaa2X\u0022,\u0022terrainTriplanar\u0022:false,\u0022note\u0022:\u0022Fresh mission per trial; live AI/physics/damage, fixed starting pose, player fire every 2s. Production Quest pools prewarmed; runtime pool c"}
10-04 19:27:29.739  3817  3881 I godot   : QUEST_COMBAT_CHUNK: {"kind":"RUN","runId":"20261004-182729-1d1caa","recordId":1,"index":2,"count":3,"data":"reation is unexpected. Driver/shader caches may remain warm. Final mission also resets.\u0022}"}
10-04 19:27:29.795  3817  3881 I godot   : MechRewired: reactor online.
10-04 19:27:29.795  3817  3881 I godot   : MechRewired: VR game data directory: /data/data/uk.co.deanthecoder.mechrewired/files/game-data
10-04 19:27:29.796  3817  3881 I godot   : MechRewired: OpenXR seated cockpit enabled.
10-04 19:27:29.796  3817  3881 I godot   : MechRewired: rendering with mobile on vulkan.
10-04 19:27:29.796  3817  3881 I godot   : MechRewired: combat difficulty Medium.
10-04 19:27:30.009  3817  3881 I godot   : MechRewired: validated private MW2.PRJ SHA-256 e79f04412fb26cdad86403f19dd73605a8278fc3666608d782d9526bb2a2bef4.
10-04 19:27:30.009  3817  3881 I godot   : MechRewired: indexed 7,735 resources from MW2.PRJ (21,893,380 bytes).
10-04 19:27:30.009  3817  3881 I godot   : MechRewired: selected Wolf campaign (BWD/YELLSCN1.BWD; MEK/MDG00STD.MEK).
10-04 19:27:30.009  3817  3881 I godot   : MechRewired: resolved mission BWD/YELLSCN1.BWD (prefix YELL; palette PAL/YELL_DA.COL; world BWD/YELLWLD1.BWD; planet BWD/YELLPLT1.BWD; deployment BWD/YELLST01.BWD; 3 navigation references).
10-04 19:27:30.010  3817  3881 I godot   : MechRewired: configured player Mad Dog (60 tons, 8 firing points).
10-04 19:27:30.010  3817  3881 I godot   : MechRewired: loaded player loadout (6 weapons, 24 heat sinks, 2 ammo bins).
10-04 19:27:30.010  3817  3881 I godot   : MechRewired: loaded mission lighting (time 1500; view distance 500m; luma standard).
10-04 19:27:30.010  3817  3881 I godot   : MechRewired: loaded player deployment.
10-04 19:27:30.011  3817  3881 I godot   : MechRewired: decoded 5 mission tables from BWD/YELLSCN1.BWD; default table has 24 records and 5 supported objectives.
10-04 19:27:30.011  3817  3881 I godot   : MechRewired: loaded 3 mission navigation points from BWD/YELLSCN1.BWD.
10-04 19:27:30.014  3817  3881 I godot   : MechRewired: resolved 4 mission game pieces (4 hostile).
10-04 19:27:30.015  3817  3881 I godot   : MechRewired: assembled YELL mission world (8 BWD resources, 135 terrain objects, 22 scenery objects, 20 debris objects, 5 effect controls, 8 actors).
10-04 19:27:30.015  3817  3881 I godot   : MechRewired: loaded 2 mission-area boundaries from BWD/YELLSCN1.BWD.
10-04 19:27:30.015  3817  3881 I godot   : MISSION_STARTUP: mission data 7 ms.
10-04 19:27:30.059  3817  3881 I godot   : MechRewired: configured mission atmosphere.
10-04 19:27:30.355  3817  3881 I godot   : MechRewired: loaded original material 170 artwork CEL/A9SMO319.XEL (83x103).
10-04 19:27:30.689  3817  3881 I godot   : MechRewired: rendered mission world (185 instances, 8 active actor components, 20 ground-settled debris objects, 82 unique models; luminosity levels 12 terrain / 8 objects).
10-04 19:27:30.689  3817  3881 I godot   : MISSION_STARTUP: world objects 673 ms.
10-04 19:27:34.971  3817  3881 I godot   : MISSION_STARTUP: derived terrain 4283 ms.
10-04 19:27:35.786  3817  3881 I godot   : MechRewired: prepared desert terrain surface.
10-04 19:27:35.786  3817  3881 I godot   : MISSION_STARTUP: implicit ground and terrain index 815 ms.
10-04 19:27:36.066  3817  3881 I godot   : MechRewired: loaded 4 authored battlefield effect objects.
10-04 19:27:36.077  3817  3881 I godot   : MechRewired: staged 1 map-authored dropship set pieces.
10-04 19:27:36.077  3817  3881 I godot   : MISSION_STARTUP: scenery and effects 291 ms.
10-04 19:27:36.129  3817  3881 I godot   : MechRewired: loaded player and mission audio.
10-04 19:27:36.556  3817  3881 I godot   : MISSION_STARTUP: player and audio 479 ms.
10-04 19:27:36.556  3817  3881 I godot   : MechRewired: streamed 0 active and 49 queued rock cells around player cell (37, -37).
10-04 19:27:37.004  3817  3881 I godot   : MISSION_STARTUP: initial rock population 447 ms.
10-04 19:27:38.225  3817  3881 I godot   : MechRewired: deployed hostile force (4 mechs, 0 emplacements).
10-04 19:27:38.225  3817  3881 I godot   : MechRewired: configured 16 static and 8 actor scenery obstacles.
10-04 19:27:38.242  3817  3881 I godot   : MechRewired: targeting online (4 hostile combatants; 6 player weapons).
10-04 19:27:38.259  3817  3881 I godot   : WARNING: MechRewired: mission fidelity audit found 9 warning(s) for BWD/YELLSCN1.BWD (UnknownBwdTag=3, ExcludedMissionTableRecord=6).
10-04 19:27:38.260  3817  3881 I godot   : WARNING: MechRewired: audit UnknownBwdTag (3): BWD/YELLSCN1.BWD MUSI@0xAC: Tag is 24 bytes and has no semantic decoder.
10-04 19:27:38.260  3817  3881 I godot   : WARNING: MechRewired: audit ExcludedMissionTableRecord (6): BWD/YELLSCN1.BWD MTBL 0 record 4: GoTo record is not represented by a player objective or dependency.
10-04 19:27:38.756  3817  3881 I godot   : QUEST_SKY_CACHE light=SunLight direction=(-0.6742022, 0.49555823, 0.547607) sky_mode=LightAndSky
10-04 19:27:38.756  3817  3881 I godot   : QUEST_SKY_CACHE light=MoonLight direction=(-0.39191696, 0.67674905, 0.62322706) sky_mode=LightAndSky
10-04 19:27:38.767  3817  3881 I godot   : MechRewired: deployed player Mad Dog (15 rendered parts).
10-04 19:27:38.776  3817  3881 I godot   : MISSION_STARTUP: mission systems and HUD 1772 ms.
10-04 19:27:38.776  3817  3881 I godot   : MISSION_STARTUP: scene assembled 8767 ms total.
10-04 19:27:39.242  3817  3881 I godot   : MISSION_STARTUP: first frame ready 9233 ms total.
10-04 19:27:39.252  3817  3881 I godot   : QUEST_VR_INPUT: paused=True focus=Focused head=True left=True right=True seat=False menu=False aim=False
10-04 19:27:39.419  3817  3881 I godot   : QUEST_SKY_CACHE capture=2048x1024 format=Rgbaf source_radiance=Size1024 source_mode=Quality original_radiance=Size256 original_mode=Automatic complete=true
10-04 19:27:39.462  3817  3881 I godot   : QUEST_SKY_CACHE final_radiance=Size256 final_mode=Automatic sun=LIGHT0_DIRECTION
10-04 19:27:39.474  3817  3881 I godot   : MechRewired: streamed 0 active and 49 queued rock cells around player cell (27, -42).
10-04 19:27:41.001  3817  3881 I godot   : QUEST_COMBAT_TRIAL: {"runId":"20261004-182729-1d1caa","trial":1,"variant":"baseline","graphicsProfile":"baked-profile","target":"Enemy-Falcon Nova-1","pose":"[X: (1, 0, 0), Y: (0, 1, 0), Z: (0, 0, 1), O: (2647.35, -0.110938914, -3975.4148)]","hz":72,"missilePoolCount":96,"missilePoolsReady":true,"bakedSky":true,"smoke":true,"missileSmoke":true,"weaponLights":true,"cockpitUv":true,"bakedInteriorLighting":true}
10-04 19:27:41.005  3817  3881 I godot   : MechRewired: activated ambient smoke 'YELLSMO1.BWD-0' within 800m.
10-04 19:27:41.005  3817  3881 I godot   : MechRewired: activated ambient fire 'YELLSMO1.BWD-1' within 800m.
10-04 19:27:41.005  3817  3881 I godot   : MechRewired: activated ambient smoke 'YELLSMO1.BWD-3' within 800m.
10-04 19:27:41.006  3817  3881 I godot   : MechRewired: activated ambient fire 'YELLSMO1.BWD-4' within 800m.
10-04 19:27:41.028  3817  3881 I godot   : MechRewired: highlighting objective target Firebase object 3 (S_ABNVGD.WTB) at 77.8m.
10-04 19:27:41.151  3817  3881 I godot   : MechRewired: targeted hostile Falcon Nova (243/243 whole-mech health).
10-04 19:27:41.151  3817  3881 I godot   : MechRewired: automatically targeted newly powered hostile Falcon Nova.
10-04 19:27:41.151  3817  3881 I godot   : MechRewired: enemy power up detected: Falcon Nova.
10-04 19:27:41.152  3817  3881 I godot   : MechRewired: Falcon Nova woke at 62m (GPS target 500m; sleep 500m; wake range 500m; atmospheric visibility 500m; visual range 500m; line of sight True).
10-04 19:27:41.154  3817  3881 I godot   : MechRewired: Falcon Nova combat movement CreatingSpace at 62m (243/243 health).
10-04 19:27:41.526  3817  3881 I godot   : MechRewired: weapon struck non-targetable battlefield geometry.
10-04 19:27:41.530  3817  3881 I godot   : MechRewired: fired Large Pulse Laser instance 2502 from LeftArm (slot 2/6); heat 10.0/54.
10-04 19:27:42.030  3817  3881 I godot   : MechRewired: Falcon Nova fired Small Pulse Laser instance 2701; heat 2.0/58.
10-04 19:27:43.041  3817  3881 I godot   : MechRewired: Falcon Nova fired SRM 4 instance 501; heat 3.0/58; ammo 96.
10-04 19:27:43.505  3817  3881 I godot   : MechRewired: weapon struck non-targetable battlefield geometry.
10-04 19:27:43.505  3817  3881 I godot   : MechRewired: fired Large Pulse Laser instance 2501 from RightArm (slot 1/6); heat 15.2/54.
10-04 19:27:43.695  3817  3881 I godot   : MechRewired: PlayerMech CenterTorso hit by Falcon Nova for 2 damage (260/262 aggregate; 20/20 internal).
10-04 19:27:45.514  3817  3881 I godot   : MechRewired: weapon struck non-targetable battlefield geometry.
10-04 19:27:45.515  3817  3881 I godot   : MechRewired: fired Medium Pulse Laser instance 2602 from LeftArm (slot 4/6); heat 14.4/54.
10-04 19:27:46.043  3817  3881 I godot   : MechRewired: PlayerMech CenterTorso hit by Falcon Nova for 3 damage (257/262 aggregate; 20/20 internal).
10-04 19:27:46.043  3817  3881 I godot   : MechRewired: Falcon Nova fired Small Pulse Laser instance 2701; heat 2.0/58.
10-04 19:27:47.073  3817  3881 I godot   : MechRewired: Falcon Nova fired SRM 4 instance 501; heat 3.0/58; ammo 92.
10-04 19:27:47.517  3817  3881 I godot   : MechRewired: weapon struck non-targetable battlefield geometry.
10-04 19:27:47.517  3817  3881 I godot   : MechRewired: fired Medium Pulse Laser instance 2601 from RightArm (slot 3/6); heat 13.6/54.
10-04 19:27:49.520  3817  3881 I godot   : MechRewired: fired LRM 20 instance 2 from LeftTorso (slot 6/6); heat 14.8/54; ammo 100.
10-04 19:27:50.059  3817  3881 I godot   : MechRewired: PlayerMech LeftLeg hit by Falcon Nova for 3 damage (254/262 aggregate; 14/14 internal).
10-04 19:27:50.059  3817  3881 I godot   : MechRewired: Falcon Nova fired Small Pulse Laser instance 2701; heat 2.0/58.
10-04 19:27:50.301  3817  3947 E godot   : ERROR: This function (free_rid) can only be called from the render thread.
10-04 19:27:50.301  3817  3947 E godot   :    at: free_rid (servers/rendering/rendering_device.cpp:7604)
10-04 19:27:50.301  3817  3947 E godot   :    C# backtrace (most recent call first):
10-04 19:27:50.301  3817  3947 E godot   :        [0] void Godot.GodotObject.Dispose(bool)
10-04 19:27:50.301  3817  3947 E godot   :        [1] void Godot.GodotObject.Finalize()
10-04 19:27:50.301  3817  3947 E godot   : ERROR: This function (free_rid) can only be called from the render thread.
10-04 19:27:50.301  3817  3947 E godot   :    at: free_rid (servers/rendering/rendering_device.cpp:7604)
10-04 19:27:50.301  3817  3947 E godot   :    C# backtrace (most recent call first):
10-04 19:27:50.301  3817  3947 E godot   :        [0] void Godot.GodotObject.Dispose(bool)
10-04 19:27:50.301  3817  3947 E godot   :        [1] void Godot.GodotObject.Finalize()
10-04 19:27:50.301  3817  3947 E godot   : ERROR: This function (free_rid) can only be called from the render thread.
10-04 19:27:50.301  3817  3947 E godot   :    at: free_rid (servers/rendering/rendering_device.cpp:7604)
10-04 19:27:50.301  3817  3947 E godot   :    C# backtrace (most recent call first):
10-04 19:27:50.301  3817  3947 E godot   :        [0] void Godot.GodotObject.Dispose(bool)
10-04 19:27:50.301  3817  3947 E godot   :        [1] void Godot.GodotObject.Finalize()
10-04 19:27:51.072  3817  3881 I godot   : MechRewired: Falcon Nova fired SRM 4 instance 501; heat 3.0/58; ammo 88.
10-04 19:27:51.505  3817  3881 I godot   : MechRewired: fired LRM 20 instance 1 from RightTorso (slot 5/6); heat 16.0/54; ammo 100.
10-04 19:27:53.508  3817  3881 I godot   : MechRewired: weapon struck non-targetable battlefield geometry.
10-04 19:27:53.508  3817  3881 I godot   : MechRewired: fired Large Pulse Laser instance 2502 from LeftArm (slot 2/6); heat 21.2/54.
10-04 19:27:54.096  3817  3881 I godot   : MechRewired: Falcon Nova fired Small Pulse Laser instance 2701; heat 2.0/58.
10-04 19:27:55.110  3817  3881 I godot   : MechRewired: Falcon Nova fired SRM 4 instance 501; heat 3.0/58; ammo 84.
10-04 19:27:55.514  3817  3881 I godot   : MechRewired: weapon struck non-targetable battlefield geometry.
10-04 19:27:55.514  3817  3881 I godot   : MechRewired: fired Large Pulse Laser instance 2501 from RightArm (slot 1/6); heat 26.4/54.
10-04 19:27:56.100  3817  3881 I godot   : QUEST_COMBAT_CHUNK: {"kind":"SUMMARY","runId":"20261004-182729-1d1caa","recordId":3,"index":0,"count":3,"data":"{\u0022graphicsProfile\u0022:\u0022baked-profile\u0022,\u0022bakedSky\u0022:true,\u0022cockpitUv\u0022:true,\u0022bakedInteriorLighting\u0022:true,\u0022smoke\u0022:true,\u0022missileSmoke\u0022:true,\u0022weaponLights\u0022:true,\u0022runId\u0022:\u002220261004-182729-1d1caa\u0022,\u0022trial\u0022:1,\u0022variant\u0022:\u0022baseline\u0022,\u0022status\u0022:\u0022complete\u0022,\u0022target\u0022:\u0022Enemy-Falcon Nova-1\u0022,\u0022frames\u0022:931,\u0022hudInstrumentDraws\u0022:449,\u0022meanMs\u0022:16.127088184747567,\u0022p95Ms\u0022:21.167499999998896,\u0022p99Ms\u0022:28.58319999999992,\u0022averageFps\u0022:62.007473918680795,\u0022onePercentLowFps\u0022:26.895493525582253,\u0022firstVolleyMeanMs\u0022:15.168427941176473,\u0022firstVolleyMaxMs"}
10-04 19:27:56.100  3817  3881 I godot   : QUEST_COMBAT_CHUNK: {"kind":"SUMMARY","runId":"20261004-182729-1d1caa","recordId":3,"index":1,"count":3,"data":"\u0022:38.47620000000007,\u0022repeatedVolleyMeanMs\u0022:16.138999760479017,\u0022firstImpactFrameMs\u0022:38.47620000000007,\u0022cpuMs\u0022:0.5077819561087611,\u0022gpuMs\u0022:14.9509462459113,\u0022physicsMs\u0022:6.757581095596,\u0022processMs\u0022:23.043577873254463,\u0022allocatedBytes\u0022:24493704,\u0022gc0\u0022:4,\u0022gc1\u0022:1,\u0022gc2\u0022:1,\u0022enemyAiMs\u0022:395.5163799999996,\u0022losMs\u0022:12.934896000000002,\u0022losCalls\u0022:67,\u0022poolBuilds\u0022:0,\u0022poolBuildMs\u0022:0,\u0022weaponShots\u0022:16,\u0022playerDirectRaycastCalls\u0022:6,\u0022playerDirectRaycastMs\u0022:15.372606000000001,\u0022playerDirectDamageCalls\u0022:6,\u0022playerDirectDamageMs\u0022:0.872707,\u0022playerWeaponVisualCalls\u0022:6,\u0022playerW"}
10-04 19:27:56.100  3817  3881 I godot   : QUEST_COMBAT_CHUNK: {"kind":"SUMMARY","runId":"20261004-182729-1d1caa","recordId":3,"index":2,"count":3,"data":"eaponVisualMs\u0022:2.4366129999999995,\u0022playerWorldRaycastMs\u0022:7.841407,\u0022playerMechRaycastMs\u0022:6.427396999999999,\u0022weaponEffectPoolBuilds\u0022:0,\u0022weaponEffectPoolFallbacks\u0022:0,\u0022enemyShots\u0022:8,\u0022missileLaunches\u0022:56,\u0022impacts\u0022:58,\u0022maxHeadTranslation\u0022:0.00440157,\u0022maxHeadAngle\u0022:1.2574105}"}
10-04 19:27:56.138  3817  3881 I godot   : QUEST_COMBAT_CHUNK: {"kind":"SPIKE","runId":"20261004-182729-1d1caa","recordId":4,"index":0,"count":3,"data":"{\u0022runId\u0022:\u002220261004-182729-1d1caa\u0022,\u0022trial\u0022:1,\u0022frame\u0022:{\u0022Seconds\u0022:0.046899,\u0022Ms\u0022:46.894200000000005,\u0022GpuMs\u0022:0,\u0022CpuMs\u0022:0,\u0022ProcessMs\u0022:24.660999999999998,\u0022PhysicsMs\u0022:0.33799999999999997,\u0022AllocatedBytes\u0022:0,\u0022Gc0\u0022:0,\u0022Gc1\u0022:0,\u0022Gc2\u0022:0,\u0022Combat\u0022:{\u0022EnemyAiTicks\u0022:16,\u0022EnemyAiElapsedTicks\u0022:742706,\u0022LineOfSightCalls\u0022:0,\u0022LineOfSightElapsedTicks\u0022:0,\u0022MissilePoolsCreated\u0022:0,\u0022MissilePoolCreationElapsedTicks\u0022:0,\u0022PlayerDirectRaycastCalls\u0022:0,\u0022PlayerDirectRaycastElapsedTicks\u0022:0,\u0022PlayerDirectDamageCalls\u0022:0,\u0022PlayerDirectDamageElapsedTicks\u0022:0,"}
10-04 19:27:56.138  3817  3881 I godot   : QUEST_COMBAT_CHUNK: {"kind":"SPIKE","runId":"20261004-182729-1d1caa","recordId":4,"index":1,"count":3,"data":"\u0022PlayerWeaponVisualCalls\u0022:0,\u0022PlayerWeaponVisualElapsedTicks\u0022:0,\u0022WeaponLaunches\u0022:0,\u0022EnemyWeaponLaunches\u0022:0,\u0022MissileLaunches\u0022:0,\u0022Impacts\u0022:0,\u0022ActiveMissiles\u0022:0,\u0022ActiveLasers\u0022:0,\u0022PlayerWorldRaycastElapsedTicks\u0022:0,\u0022PlayerMechRaycastElapsedTicks\u0022:0,\u0022WeaponEffectPoolBuilds\u0022:0,\u0022WeaponEffectPoolFallbacks\u0022:0,\u0022EnemyAiMilliseconds\u0022:0.742706,\u0022EnemyAiElapsedMs\u0022:0.742706,\u0022LineOfSightMilliseconds\u0022:0,\u0022LineOfSightElapsedMs\u0022:0,\u0022MissilePoolCreationMilliseconds\u0022:0,\u0022MissilePoolCreationElapsedMs\u0022:0,\u0022PlayerDirectRaycastMilliseconds\u0022:0,\u0022PlayerWorldRaycastMilliseconds\u0022:0,\u0022PlayerMechRa"}
10-04 19:27:56.138  3817  3881 I godot   : QUEST_COMBAT_CHUNK: {"kind":"SPIKE","runId":"20261004-182729-1d1caa","recordId":4,"index":2,"count":3,"data":"ycastMilliseconds\u0022:0,\u0022PlayerDirectDamageMilliseconds\u0022:0,\u0022PlayerWeaponVisualMilliseconds\u0022:0},\u0022HeadTranslation\u0022:0.00013291693,\u0022HeadAngle\u0022:0}}"}
10-04 19:27:56.138  3817  3881 I godot   : QUEST_COMBAT_CHUNK: {"kind":"SPIKE","runId":"20261004-182729-1d1caa","recordId":5,"index":0,"count":3,"data":"{\u0022runId\u0022:\u002220261004-182729-1d1caa\u0022,\u0022trial\u0022:1,\u0022frame\u0022:{\u0022Seconds\u0022:0.1389929,\u0022Ms\u0022:72.802,\u0022GpuMs\u0022:13.364999771118164,\u0022CpuMs\u0022:0.35100001096725464,\u0022ProcessMs\u0022:24.660999999999998,\u0022PhysicsMs\u0022:0.33799999999999997,\u0022AllocatedBytes\u0022:0,\u0022Gc0\u0022:0,\u0022Gc1\u0022:0,\u0022Gc2\u0022:0,\u0022Combat\u0022:{\u0022EnemyAiTicks\u0022:16,\u0022EnemyAiElapsedTicks\u0022:684218,\u0022LineOfSightCalls\u0022:0,\u0022LineOfSightElapsedTicks\u0022:0,\u0022MissilePoolsCreated\u0022:0,\u0022MissilePoolCreationElapsedTicks\u0022:0,\u0022PlayerDirectRaycastCalls\u0022:0,\u0022PlayerDirectRaycastElapsedTicks\u0022:0,\u0022PlayerDirectDamageCalls\u0022:0,\u0022PlayerDirectDamageE"}
10-04 19:27:56.138  3817  3881 I godot   : QUEST_COMBAT_CHUNK: {"kind":"SPIKE","runId":"20261004-182729-1d1caa","recordId":5,"index":1,"count":3,"data":"lapsedTicks\u0022:0,\u0022PlayerWeaponVisualCalls\u0022:0,\u0022PlayerWeaponVisualElapsedTicks\u0022:0,\u0022WeaponLaunches\u0022:0,\u0022EnemyWeaponLaunches\u0022:0,\u0022MissileLaunches\u0022:0,\u0022Impacts\u0022:0,\u0022ActiveMissiles\u0022:0,\u0022ActiveLasers\u0022:0,\u0022PlayerWorldRaycastElapsedTicks\u0022:0,\u0022PlayerMechRaycastElapsedTicks\u0022:0,\u0022WeaponEffectPoolBuilds\u0022:0,\u0022WeaponEffectPoolFallbacks\u0022:0,\u0022EnemyAiMilliseconds\u0022:0.684218,\u0022EnemyAiElapsedMs\u0022:0.684218,\u0022LineOfSightMilliseconds\u0022:0,\u0022LineOfSightElapsedMs\u0022:0,\u0022MissilePoolCreationMilliseconds\u0022:0,\u0022MissilePoolCreationElapsedMs\u0022:0,\u0022PlayerDirectRaycastMilliseconds\u0022:0,\u0022PlayerWorldRaycastMilliseconds\u0022:"}
10-04 19:27:56.138  3817  3881 I godot   : QUEST_COMBAT_CHUNK: {"kind":"SPIKE","runId":"20261004-182729-1d1caa","recordId":5,"index":2,"count":3,"data":"0,\u0022PlayerMechRaycastMilliseconds\u0022:0,\u0022PlayerDirectDamageMilliseconds\u0022:0,\u0022PlayerWeaponVisualMilliseconds\u0022:0},\u0022HeadTranslation\u0022:0.00033442644,\u0022HeadAngle\u0022:0}}"}
10-04 19:27:56.139  3817  3881 I godot   : QUEST_COMBAT_CHUNK: {"kind":"SPIKE","runId":"20261004-182729-1d1caa","recordId":6,"index":0,"count":3,"data":"{\u0022runId\u0022:\u002220261004-182729-1d1caa\u0022,\u0022trial\u0022:1,\u0022frame\u0022:{\u0022Seconds\u0022:0.2096316,\u0022Ms\u0022:32.526300000000006,\u0022GpuMs\u0022:13.282999992370605,\u0022CpuMs\u0022:0.29600000381469727,\u0022ProcessMs\u0022:24.660999999999998,\u0022PhysicsMs\u0022:0.33799999999999997,\u0022AllocatedBytes\u0022:0,\u0022Gc0\u0022:0,\u0022Gc1\u0022:0,\u0022Gc2\u0022:0,\u0022Combat\u0022:{\u0022EnemyAiTicks\u0022:8,\u0022EnemyAiElapsedTicks\u0022:603805,\u0022LineOfSightCalls\u0022:0,\u0022LineOfSightElapsedTicks\u0022:0,\u0022MissilePoolsCreated\u0022:0,\u0022MissilePoolCreationElapsedTicks\u0022:0,\u0022PlayerDirectRaycastCalls\u0022:0,\u0022PlayerDirectRaycastElapsedTicks\u0022:0,\u0022PlayerDirectDamageCalls\u0022:0,\u0022PlayerDi"}
10-04 19:27:56.139  3817  3881 I godot   : QUEST_COMBAT_CHUNK: {"kind":"SPIKE","runId":"20261004-182729-1d1caa","recordId":6,"index":1,"count":3,"data":"rectDamageElapsedTicks\u0022:0,\u0022PlayerWeaponVisualCalls\u0022:0,\u0022PlayerWeaponVisualElapsedTicks\u0022:0,\u0022WeaponLaunches\u0022:0,\u0022EnemyWeaponLaunches\u0022:0,\u0022MissileLaunches\u0022:0,\u0022Impacts\u0022:0,\u0022ActiveMissiles\u0022:0,\u0022ActiveLasers\u0022:0,\u0022PlayerWorldRaycastElapsedTicks\u0022:0,\u0022PlayerMechRaycastElapsedTicks\u0022:0,\u0022WeaponEffectPoolBuilds\u0022:0,\u0022WeaponEffectPoolFallbacks\u0022:0,\u0022EnemyAiMilliseconds\u0022:0.603805,\u0022EnemyAiElapsedMs\u0022:0.603805,\u0022LineOfSightMilliseconds\u0022:0,\u0022LineOfSightElapsedMs\u0022:0,\u0022MissilePoolCreationMilliseconds\u0022:0,\u0022MissilePoolCreationElapsedMs\u0022:0,\u0022PlayerDirectRaycastMilliseconds\u0022:0,\u0022PlayerWorldRaycastMillisec"}
10-04 19:27:56.139  3817  3881 I godot   : QUEST_COMBAT_CHUNK: {"kind":"SPIKE","runId":"20261004-182729-1d1caa","recordId":6,"index":2,"count":3,"data":"onds\u0022:0,\u0022PlayerMechRaycastMilliseconds\u0022:0,\u0022PlayerDirectDamageMilliseconds\u0022:0,\u0022PlayerWeaponVisualMilliseconds\u0022:0},\u0022HeadTranslation\u0022:0.00027474883,\u0022HeadAngle\u0022:0.05595291}}"}
10-04 19:27:56.139  3817  3881 I godot   : QUEST_COMBAT_CHUNK: {"kind":"SPIKE","runId":"20261004-182729-1d1caa","recordId":7,"index":0,"count":3,"data":"{\u0022runId\u0022:\u002220261004-182729-1d1caa\u0022,\u0022trial\u0022:1,\u0022frame\u0022:{\u0022Seconds\u0022:0.5452822,\u0022Ms\u0022:38.47620000000007,\u0022GpuMs\u0022:13.104999542236328,\u0022CpuMs\u0022:0.4180000126361847,\u0022ProcessMs\u0022:24.660999999999998,\u0022PhysicsMs\u0022:0.33799999999999997,\u0022AllocatedBytes\u0022:0,\u0022Gc0\u0022:0,\u0022Gc1\u0022:0,\u0022Gc2\u0022:0,\u0022Combat\u0022:{\u0022EnemyAiTicks\u0022:8,\u0022EnemyAiElapsedTicks\u0022:556512,\u0022LineOfSightCalls\u0022:0,\u0022LineOfSightElapsedTicks\u0022:0,\u0022MissilePoolsCreated\u0022:0,\u0022MissilePoolCreationElapsedTicks\u0022:0,\u0022PlayerDirectRaycastCalls\u0022:1,\u0022PlayerDirectRaycastElapsedTicks\u0022:8449376,\u0022PlayerDirectDamageCalls\u0022:1,\u0022Play"}
10-04 19:27:56.139  3817  3881 I godot   : QUEST_COMBAT_CHUNK: {"kind":"SPIKE","runId":"20261004-182729-1d1caa","recordId":7,"index":1,"count":3,"data":"erDirectDamageElapsedTicks\u0022:391042,\u0022PlayerWeaponVisualCalls\u0022:1,\u0022PlayerWeaponVisualElapsedTicks\u0022:1790625,\u0022WeaponLaunches\u0022:1,\u0022EnemyWeaponLaunches\u0022:0,\u0022MissileLaunches\u0022:0,\u0022Impacts\u0022:1,\u0022ActiveMissiles\u0022:0,\u0022ActiveLasers\u0022:3,\u0022PlayerWorldRaycastElapsedTicks\u0022:3603647,\u0022PlayerMechRaycastElapsedTicks\u0022:3762292,\u0022WeaponEffectPoolBuilds\u0022:0,\u0022WeaponEffectPoolFallbacks\u0022:0,\u0022EnemyAiMilliseconds\u0022:0.556512,\u0022EnemyAiElapsedMs\u0022:0.556512,\u0022LineOfSightMilliseconds\u0022:0,\u0022LineOfSightElapsedMs\u0022:0,\u0022MissilePoolCreationMilliseconds\u0022:0,\u0022MissilePoolCreationElapsedMs\u0022:0,\u0022PlayerDirectRaycastMilliseconds\u0022:8.44937"}
10-04 19:27:56.139  3817  3881 I godot   : QUEST_COMBAT_CHUNK: {"kind":"SPIKE","runId":"20261004-182729-1d1caa","recordId":7,"index":2,"count":3,"data":"6,\u0022PlayerWorldRaycastMilliseconds\u0022:3.603647,\u0022PlayerMechRaycastMilliseconds\u0022:3.762292,\u0022PlayerDirectDamageMilliseconds\u0022:0.391042,\u0022PlayerWeaponVisualMilliseconds\u0022:1.790625},\u0022HeadTranslation\u0022:0.00015078532,\u0022HeadAngle\u0022:0.03956468}}"}
10-04 19:27:56.139  3817  3881 I godot   : QUEST_COMBAT_CHUNK: {"kind":"SPIKE","runId":"20261004-182729-1d1caa","recordId":8,"index":0,"count":3,"data":"{\u0022runId\u0022:\u002220261004-182729-1d1caa\u0022,\u0022trial\u0022:1,\u0022frame\u0022:{\u0022Seconds\u0022:0.5752401,\u0022Ms\u0022:29.95789999999998,\u0022GpuMs\u0022:28.92099952697754,\u0022CpuMs\u0022:6.184000015258789,\u0022ProcessMs\u0022:24.660999999999998,\u0022PhysicsMs\u0022:0.33799999999999997,\u0022AllocatedBytes\u0022:0,\u0022Gc0\u0022:0,\u0022Gc1\u0022:0,\u0022Gc2\u0022:0,\u0022Combat\u0022:{\u0022EnemyAiTicks\u0022:8,\u0022EnemyAiElapsedTicks\u0022:606510,\u0022LineOfSightCalls\u0022:0,\u0022LineOfSightElapsedTicks\u0022:0,\u0022MissilePoolsCreated\u0022:0,\u0022MissilePoolCreationElapsedTicks\u0022:0,\u0022PlayerDirectRaycastCalls\u0022:0,\u0022PlayerDirectRaycastElapsedTicks\u0022:0,\u0022PlayerDirectDamageCalls\u0022:0,\u0022PlayerDirect"}
10-04 19:27:56.140  3817  3881 I godot   : QUEST_COMBAT_CHUNK: {"kind":"SPIKE","runId":"20261004-182729-1d1caa","recordId":8,"index":1,"count":3,"data":"DamageElapsedTicks\u0022:0,\u0022PlayerWeaponVisualCalls\u0022:0,\u0022PlayerWeaponVisualElapsedTicks\u0022:0,\u0022WeaponLaunches\u0022:0,\u0022EnemyWeaponLaunches\u0022:0,\u0022MissileLaunches\u0022:0,\u0022Impacts\u0022:0,\u0022ActiveMissiles\u0022:0,\u0022ActiveLasers\u0022:3,\u0022PlayerWorldRaycastElapsedTicks\u0022:0,\u0022PlayerMechRaycastElapsedTicks\u0022:0,\u0022WeaponEffectPoolBuilds\u0022:0,\u0022WeaponEffectPoolFallbacks\u0022:0,\u0022EnemyAiMilliseconds\u0022:0.60651,\u0022EnemyAiElapsedMs\u0022:0.60651,\u0022LineOfSightMilliseconds\u0022:0,\u0022LineOfSightElapsedMs\u0022:0,\u0022MissilePoolCreationMilliseconds\u0022:0,\u0022MissilePoolCreationElapsedMs\u0022:0,\u0022PlayerDirectRaycastMilliseconds\u0022:0,\u0022PlayerWorldRaycastMilliseconds"}
10-04 19:27:56.140  3817  3881 I godot   : QUEST_COMBAT_CHUNK: {"kind":"SPIKE","runId":"20261004-182729-1d1caa","recordId":8,"index":2,"count":3,"data":"\u0022:0,\u0022PlayerMechRaycastMilliseconds\u0022:0,\u0022PlayerDirectDamageMilliseconds\u0022:0,\u0022PlayerWeaponVisualMilliseconds\u0022:0},\u0022HeadTranslation\u0022:0.00026676923,\u0022HeadAngle\u0022:0}}"}
10-04 19:27:56.140  3817  3881 I godot   : QUEST_COMBAT_CHUNK: {"kind":"SPIKE","runId":"20261004-182729-1d1caa","recordId":9,"index":0,"count":3,"data":"{\u0022runId\u0022:\u002220261004-182729-1d1caa\u0022,\u0022trial\u0022:1,\u0022frame\u0022:{\u0022Seconds\u0022:1.1118564,\u0022Ms\u0022:28.58319999999992,\u0022GpuMs\u0022:13.803000450134277,\u0022CpuMs\u0022:0.37299999594688416,\u0022ProcessMs\u0022:69.005,\u0022PhysicsMs\u0022:8.538,\u0022AllocatedBytes\u0022:7307216,\u0022Gc0\u0022:1,\u0022Gc1\u0022:0,\u0022Gc2\u0022:0,\u0022Combat\u0022:{\u0022EnemyAiTicks\u0022:4,\u0022EnemyAiElapsedTicks\u0022:15063595,\u0022LineOfSightCalls\u0022:0,\u0022LineOfSightElapsedTicks\u0022:0,\u0022MissilePoolsCreated\u0022:0,\u0022MissilePoolCreationElapsedTicks\u0022:0,\u0022PlayerDirectRaycastCalls\u0022:0,\u0022PlayerDirectRaycastElapsedTicks\u0022:0,\u0022PlayerDirectDamageCalls\u0022:0,\u0022PlayerDirectDamageElapsedTi"}
10-04 19:27:56.140  3817  3881 I godot   : QUEST_COMBAT_CHUNK: {"kind":"SPIKE","runId":"20261004-182729-1d1caa","recordId":9,"index":1,"count":3,"data":"cks\u0022:0,\u0022PlayerWeaponVisualCalls\u0022:0,\u0022PlayerWeaponVisualElapsedTicks\u0022:0,\u0022WeaponLaunches\u0022:0,\u0022EnemyWeaponLaunches\u0022:0,\u0022MissileLaunches\u0022:0,\u0022Impacts\u0022:0,\u0022ActiveMissiles\u0022:0,\u0022ActiveLasers\u0022:6,\u0022PlayerWorldRaycastElapsedTicks\u0022:0,\u0022PlayerMechRaycastElapsedTicks\u0022:0,\u0022WeaponEffectPoolBuilds\u0022:0,\u0022WeaponEffectPoolFallbacks\u0022:0,\u0022EnemyAiMilliseconds\u0022:15.063595,\u0022EnemyAiElapsedMs\u0022:15.063595,\u0022LineOfSightMilliseconds\u0022:0,\u0022LineOfSightElapsedMs\u0022:0,\u0022MissilePoolCreationMilliseconds\u0022:0,\u0022MissilePoolCreationElapsedMs\u0022:0,\u0022PlayerDirectRaycastMilliseconds\u0022:0,\u0022PlayerWorldRaycastMilliseconds\u0022:0,"}
10-04 19:27:56.140  3817  3881 I godot   : QUEST_COMBAT_CHUNK: {"kind":"SPIKE","runId":"20261004-182729-1d1caa","recordId":9,"index":2,"count":3,"data":"\u0022PlayerMechRaycastMilliseconds\u0022:0,\u0022PlayerDirectDamageMilliseconds\u0022:0,\u0022PlayerWeaponVisualMilliseconds\u0022:0},\u0022HeadTranslation\u0022:0.00027894074,\u0022HeadAngle\u0022:0}}"}
10-04 19:27:56.140  3817  3881 I godot   : QUEST_COMBAT_CHUNK: {"kind":"SPIKE","runId":"20261004-182729-1d1caa","recordId":10,"index":0,"count":3,"data":"{\u0022runId\u0022:\u002220261004-182729-1d1caa\u0022,\u0022trial\u0022:1,\u0022frame\u0022:{\u0022Seconds\u0022:2.2528347,\u0022Ms\u0022:24.32830000000008,\u0022GpuMs\u0022:12.925999641418457,\u0022CpuMs\u0022:0.4050000011920929,\u0022ProcessMs\u0022:13.969000000000001,\u0022PhysicsMs\u0022:17.649,\u0022AllocatedBytes\u0022:0,\u0022Gc0\u0022:0,\u0022Gc1\u0022:0,\u0022Gc2\u0022:0,\u0022Combat\u0022:{\u0022EnemyAiTicks\u0022:4,\u0022EnemyAiElapsedTicks\u0022:323855,\u0022LineOfSightCalls\u0022:0,\u0022LineOfSightElapsedTicks\u0022:0,\u0022MissilePoolsCreated\u0022:0,\u0022MissilePoolCreationElapsedTicks\u0022:0,\u0022PlayerDirectRaycastCalls\u0022:0,\u0022PlayerDirectRaycastElapsedTicks\u0022:0,\u0022PlayerDirectDamageCalls\u0022:0,\u0022PlayerDirectDamageElap"}
10-04 19:27:56.140  3817  3881 I godot   : QUEST_COMBAT_CHUNK: {"kind":"SPIKE","runId":"20261004-182729-1d1caa","recordId":10,"index":1,"count":3,"data":"sedTicks\u0022:0,\u0022PlayerWeaponVisualCalls\u0022:0,\u0022PlayerWeaponVisualElapsedTicks\u0022:0,\u0022WeaponLaunches\u0022:0,\u0022EnemyWeaponLaunches\u0022:0,\u0022MissileLaunches\u0022:0,\u0022Impacts\u0022:0,\u0022ActiveMissiles\u0022:4,\u0022ActiveLasers\u0022:0,\u0022PlayerWorldRaycastElapsedTicks\u0022:0,\u0022PlayerMechRaycastElapsedTicks\u0022:0,\u0022WeaponEffectPoolBuilds\u0022:0,\u0022WeaponEffectPoolFallbacks\u0022:0,\u0022EnemyAiMilliseconds\u0022:0.323855,\u0022EnemyAiElapsedMs\u0022:0.323855,\u0022LineOfSightMilliseconds\u0022:0,\u0022LineOfSightElapsedMs\u0022:0,\u0022MissilePoolCreationMilliseconds\u0022:0,\u0022MissilePoolCreationElapsedMs\u0022:0,\u0022PlayerDirectRaycastMilliseconds\u0022:0,\u0022PlayerWorldRaycastMilliseconds\u0022:0,"}
10-04 19:27:56.140  3817  3881 I godot   : QUEST_COMBAT_CHUNK: {"kind":"SPIKE","runId":"20261004-182729-1d1caa","recordId":10,"index":2,"count":3,"data":"\u0022PlayerMechRaycastMilliseconds\u0022:0,\u0022PlayerDirectDamageMilliseconds\u0022:0,\u0022PlayerWeaponVisualMilliseconds\u0022:0},\u0022HeadTranslation\u0022:0.0014411468,\u0022HeadAngle\u0022:0.34491745}}"}
10-04 19:27:56.141  3817  3881 I godot   : QUEST_COMBAT_CHUNK: {"kind":"SPIKE","runId":"20261004-182729-1d1caa","recordId":11,"index":0,"count":3,"data":"{\u0022runId\u0022:\u002220261004-182729-1d1caa\u0022,\u0022trial\u0022:1,\u0022frame\u0022:{\u0022Seconds\u0022:2.6340117,\u0022Ms\u0022:28.78880000000006,\u0022GpuMs\u0022:26.250999450683594,\u0022CpuMs\u0022:1.0390000343322754,\u0022ProcessMs\u0022:13.969000000000001,\u0022PhysicsMs\u0022:17.649,\u0022AllocatedBytes\u0022:0,\u0022Gc0\u0022:0,\u0022Gc1\u0022:0,\u0022Gc2\u0022:0,\u0022Combat\u0022:{\u0022EnemyAiTicks\u0022:8,\u0022EnemyAiElapsedTicks\u0022:610780,\u0022LineOfSightCalls\u0022:0,\u0022LineOfSightElapsedTicks\u0022:0,\u0022MissilePoolsCreated\u0022:0,\u0022MissilePoolCreationElapsedTicks\u0022:0,\u0022PlayerDirectRaycastCalls\u0022:0,\u0022PlayerDirectRaycastElapsedTicks\u0022:0,\u0022PlayerDirectDamageCalls\u0022:0,\u0022PlayerDirectDamageElap"}
10-04 19:27:56.141  3817  3881 I godot   : QUEST_COMBAT_CHUNK: {"kind":"SPIKE","runId":"20261004-182729-1d1caa","recordId":11,"index":1,"count":3,"data":"sedTicks\u0022:0,\u0022PlayerWeaponVisualCalls\u0022:0,\u0022PlayerWeaponVisualElapsedTicks\u0022:0,\u0022WeaponLaunches\u0022:0,\u0022EnemyWeaponLaunches\u0022:0,\u0022MissileLaunches\u0022:0,\u0022Impacts\u0022:0,\u0022ActiveMissiles\u0022:4,\u0022ActiveLasers\u0022:3,\u0022PlayerWorldRaycastElapsedTicks\u0022:0,\u0022PlayerMechRaycastElapsedTicks\u0022:0,\u0022WeaponEffectPoolBuilds\u0022:0,\u0022WeaponEffectPoolFallbacks\u0022:0,\u0022EnemyAiMilliseconds\u0022:0.61078,\u0022EnemyAiElapsedMs\u0022:0.61078,\u0022LineOfSightMilliseconds\u0022:0,\u0022LineOfSightElapsedMs\u0022:0,\u0022MissilePoolCreationMilliseconds\u0022:0,\u0022MissilePoolCreationElapsedMs\u0022:0,\u0022PlayerDirectRaycastMilliseconds\u0022:0,\u0022PlayerWorldRaycastMilliseconds\u0022:0,"}
10-04 19:27:56.141  3817  3881 I godot   : QUEST_COMBAT_CHUNK: {"kind":"SPIKE","runId":"20261004-182729-1d1caa","recordId":11,"index":2,"count":3,"data":"\u0022PlayerMechRaycastMilliseconds\u0022:0,\u0022PlayerDirectDamageMilliseconds\u0022:0,\u0022PlayerWeaponVisualMilliseconds\u0022:0},\u0022HeadTranslation\u0022:0.0014815971,\u0022HeadAngle\u0022:0.41871417}}"}
10-04 19:27:56.141  3817  3881 I godot   : QUEST_COMBAT_CHUNK: {"kind":"SPIKE","runId":"20261004-182729-1d1caa","recordId":12,"index":0,"count":3,"data":"{\u0022runId\u0022:\u002220261004-182729-1d1caa\u0022,\u0022trial\u0022:1,\u0022frame\u0022:{\u0022Seconds\u0022:2.7525686,\u0022Ms\u0022:33.57989999999988,\u0022GpuMs\u0022:29.944000244140625,\u0022CpuMs\u0022:0.4620000123977661,\u0022ProcessMs\u0022:28.453,\u0022PhysicsMs\u0022:8.165000000000001,\u0022AllocatedBytes\u0022:0,\u0022Gc0\u0022:0,\u0022Gc1\u0022:0,\u0022Gc2\u0022:0,\u0022Combat\u0022:{\u0022EnemyAiTicks\u0022:8,\u0022EnemyAiElapsedTicks\u0022:526565,\u0022LineOfSightCalls\u0022:0,\u0022LineOfSightElapsedTicks\u0022:0,\u0022MissilePoolsCreated\u0022:0,\u0022MissilePoolCreationElapsedTicks\u0022:0,\u0022PlayerDirectRaycastCalls\u0022:0,\u0022PlayerDirectRaycastElapsedTicks\u0022:0,\u0022PlayerDirectDamageCalls\u0022:0,\u0022PlayerDirectDamageElaps"}
10-04 19:27:56.141  3817  3881 I godot   : QUEST_COMBAT_CHUNK: {"kind":"SPIKE","runId":"20261004-182729-1d1caa","recordId":12,"index":1,"count":3,"data":"edTicks\u0022:0,\u0022PlayerWeaponVisualCalls\u0022:0,\u0022PlayerWeaponVisualElapsedTicks\u0022:0,\u0022WeaponLaunches\u0022:0,\u0022EnemyWeaponLaunches\u0022:0,\u0022MissileLaunches\u0022:0,\u0022Impacts\u0022:0,\u0022ActiveMissiles\u0022:4,\u0022ActiveLasers\u0022:3,\u0022PlayerWorldRaycastElapsedTicks\u0022:0,\u0022PlayerMechRaycastElapsedTicks\u0022:0,\u0022WeaponEffectPoolBuilds\u0022:0,\u0022WeaponEffectPoolFallbacks\u0022:0,\u0022EnemyAiMilliseconds\u0022:0.526565,\u0022EnemyAiElapsedMs\u0022:0.526565,\u0022LineOfSightMilliseconds\u0022:0,\u0022LineOfSightElapsedMs\u0022:0,\u0022MissilePoolCreationMilliseconds\u0022:0,\u0022MissilePoolCreationElapsedMs\u0022:0,\u0022PlayerDirectRaycastMilliseconds\u0022:0,\u0022PlayerWorldRaycastMilliseconds\u0022:0,"}
10-04 19:27:56.141  3817  3881 I godot   : QUEST_COMBAT_CHUNK: {"kind":"SPIKE","runId":"20261004-182729-1d1caa","recordId":12,"index":2,"count":3,"data":"\u0022PlayerMechRaycastMilliseconds\u0022:0,\u0022PlayerDirectDamageMilliseconds\u0022:0,\u0022PlayerWeaponVisualMilliseconds\u0022:0},\u0022HeadTranslation\u0022:0.0014077927,\u0022HeadAngle\u0022:0.46646202}}"}
10-04 19:27:56.141  3817  3881 I godot   : QUEST_COMBAT_CHUNK: {"kind":"SPIKE","runId":"20261004-182729-1d1caa","recordId":13,"index":0,"count":3,"data":"{\u0022runId\u0022:\u002220261004-182729-1d1caa\u0022,\u0022trial\u0022:1,\u0022frame\u0022:{\u0022Seconds\u0022:5.5138317,\u0022Ms\u0022:29.97009999999989,\u0022GpuMs\u0022:15.324000358581543,\u0022CpuMs\u0022:0.3580000102519989,\u0022ProcessMs\u0022:16.489,\u0022PhysicsMs\u0022:3.609,\u0022AllocatedBytes\u0022:4143888,\u0022Gc0\u0022:1,\u0022Gc1\u0022:1,\u0022Gc2\u0022:1,\u0022Combat\u0022:{\u0022EnemyAiTicks\u0022:4,\u0022EnemyAiElapsedTicks\u0022:14194117,\u0022LineOfSightCalls\u0022:1,\u0022LineOfSightElapsedTicks\u0022:215833,\u0022MissilePoolsCreated\u0022:0,\u0022MissilePoolCreationElapsedTicks\u0022:0,\u0022PlayerDirectRaycastCalls\u0022:0,\u0022PlayerDirectRaycastElapsedTicks\u0022:0,\u0022PlayerDirectDamageCalls\u0022:0,\u0022PlayerDirectDamageElap"}
10-04 19:27:56.141  3817  3881 I godot   : QUEST_COMBAT_CHUNK: {"kind":"SPIKE","runId":"20261004-182729-1d1caa","recordId":13,"index":1,"count":3,"data":"sedTicks\u0022:0,\u0022PlayerWeaponVisualCalls\u0022:0,\u0022PlayerWeaponVisualElapsedTicks\u0022:0,\u0022WeaponLaunches\u0022:0,\u0022EnemyWeaponLaunches\u0022:0,\u0022MissileLaunches\u0022:0,\u0022Impacts\u0022:0,\u0022ActiveMissiles\u0022:3,\u0022ActiveLasers\u0022:0,\u0022PlayerWorldRaycastElapsedTicks\u0022:0,\u0022PlayerMechRaycastElapsedTicks\u0022:0,\u0022WeaponEffectPoolBuilds\u0022:0,\u0022WeaponEffectPoolFallbacks\u0022:0,\u0022EnemyAiMilliseconds\u0022:14.194117,\u0022EnemyAiElapsedMs\u0022:14.194117,\u0022LineOfSightMilliseconds\u0022:0.215833,\u0022LineOfSightElapsedMs\u0022:0.215833,\u0022MissilePoolCreationMilliseconds\u0022:0,\u0022MissilePoolCreationElapsedMs\u0022:0,\u0022PlayerDirectRaycastMilliseconds\u0022:0,\u0022PlayerWorldRaycastMilli"}
10-04 19:27:56.141  3817  3881 I godot   : QUEST_COMBAT_CHUNK: {"kind":"SPIKE","runId":"20261004-182729-1d1caa","recordId":13,"index":2,"count":3,"data":"seconds\u0022:0,\u0022PlayerMechRaycastMilliseconds\u0022:0,\u0022PlayerDirectDamageMilliseconds\u0022:0,\u0022PlayerWeaponVisualMilliseconds\u0022:0},\u0022HeadTranslation\u0022:0.0018243494,\u0022HeadAngle\u0022:0.48456788}}"}
10-04 19:27:56.142  3817  3881 I godot   : QUEST_COMBAT_CHUNK: {"kind":"SPIKE","runId":"20261004-182729-1d1caa","recordId":14,"index":0,"count":3,"data":"{\u0022runId\u0022:\u002220261004-182729-1d1caa\u0022,\u0022trial\u0022:1,\u0022frame\u0022:{\u0022Seconds\u0022:9.2772334,\u0022Ms\u0022:27.928199999999848,\u0022GpuMs\u0022:15.237000465393066,\u0022CpuMs\u0022:0.45899999141693115,\u0022ProcessMs\u0022:15.286,\u0022PhysicsMs\u0022:3.8649999999999998,\u0022AllocatedBytes\u0022:4141592,\u0022Gc0\u0022:0,\u0022Gc1\u0022:0,\u0022Gc2\u0022:0,\u0022Combat\u0022:{\u0022EnemyAiTicks\u0022:8,\u0022EnemyAiElapsedTicks\u0022:502709,\u0022LineOfSightCalls\u0022:0,\u0022LineOfSightElapsedTicks\u0022:0,\u0022MissilePoolsCreated\u0022:0,\u0022MissilePoolCreationElapsedTicks\u0022:0,\u0022PlayerDirectRaycastCalls\u0022:0,\u0022PlayerDirectRaycastElapsedTicks\u0022:0,\u0022PlayerDirectDamageCalls\u0022:0,\u0022PlayerDirectDa"}
10-04 19:27:56.142  3817  3881 I godot   : QUEST_COMBAT_CHUNK: {"kind":"SPIKE","runId":"20261004-182729-1d1caa","recordId":14,"index":1,"count":3,"data":"mageElapsedTicks\u0022:0,\u0022PlayerWeaponVisualCalls\u0022:0,\u0022PlayerWeaponVisualElapsedTicks\u0022:0,\u0022WeaponLaunches\u0022:0,\u0022EnemyWeaponLaunches\u0022:0,\u0022MissileLaunches\u0022:0,\u0022Impacts\u0022:0,\u0022ActiveMissiles\u0022:24,\u0022ActiveLasers\u0022:3,\u0022PlayerWorldRaycastElapsedTicks\u0022:0,\u0022PlayerMechRaycastElapsedTicks\u0022:0,\u0022WeaponEffectPoolBuilds\u0022:0,\u0022WeaponEffectPoolFallbacks\u0022:0,\u0022EnemyAiMilliseconds\u0022:0.502709,\u0022EnemyAiElapsedMs\u0022:0.502709,\u0022LineOfSightMilliseconds\u0022:0,\u0022LineOfSightElapsedMs\u0022:0,\u0022MissilePoolCreationMilliseconds\u0022:0,\u0022MissilePoolCreationElapsedMs\u0022:0,\u0022PlayerDirectRaycastMilliseconds\u0022:0,\u0022PlayerWorldRaycastMilliseconds"}
10-04 19:27:56.142  3817  3881 I godot   : QUEST_COMBAT_CHUNK: {"kind":"SPIKE","runId":"20261004-182729-1d1caa","recordId":14,"index":2,"count":3,"data":"\u0022:0,\u0022PlayerMechRaycastMilliseconds\u0022:0,\u0022PlayerDirectDamageMilliseconds\u0022:0,\u0022PlayerWeaponVisualMilliseconds\u0022:0},\u0022HeadTranslation\u0022:0.002671035,\u0022HeadAngle\u0022:0.83368695}}"}
10-04 19:27:56.143  3817  3881 I godot   : QUEST_COMBAT_CHUNK: {"kind":"SPIKE","runId":"20261004-182729-1d1caa","recordId":15,"index":0,"count":3,"data":"{\u0022runId\u0022:\u002220261004-182729-1d1caa\u0022,\u0022trial\u0022:1,\u0022frame\u0022:{\u0022Seconds\u0022:9.3032751,\u0022Ms\u0022:26.04170000000039,\u0022GpuMs\u0022:16.797000885009766,\u0022CpuMs\u0022:0.4650000035762787,\u0022ProcessMs\u0022:15.286,\u0022PhysicsMs\u0022:3.8649999999999998,\u0022AllocatedBytes\u0022:0,\u0022Gc0\u0022:0,\u0022Gc1\u0022:0,\u0022Gc2\u0022:0,\u0022Combat\u0022:{\u0022EnemyAiTicks\u0022:4,\u0022EnemyAiElapsedTicks\u0022:253386,\u0022LineOfSightCalls\u0022:0,\u0022LineOfSightElapsedTicks\u0022:0,\u0022MissilePoolsCreated\u0022:0,\u0022MissilePoolCreationElapsedTicks\u0022:0,\u0022PlayerDirectRaycastCalls\u0022:0,\u0022PlayerDirectRaycastElapsedTicks\u0022:0,\u0022PlayerDirectDamageCalls\u0022:0,\u0022PlayerDirectDamageElap"}
10-04 19:27:56.143  3817  3881 I godot   : QUEST_COMBAT_CHUNK: {"kind":"SPIKE","runId":"20261004-182729-1d1caa","recordId":15,"index":1,"count":3,"data":"sedTicks\u0022:0,\u0022PlayerWeaponVisualCalls\u0022:0,\u0022PlayerWeaponVisualElapsedTicks\u0022:0,\u0022WeaponLaunches\u0022:0,\u0022EnemyWeaponLaunches\u0022:0,\u0022MissileLaunches\u0022:0,\u0022Impacts\u0022:0,\u0022ActiveMissiles\u0022:24,\u0022ActiveLasers\u0022:0,\u0022PlayerWorldRaycastElapsedTicks\u0022:0,\u0022PlayerMechRaycastElapsedTicks\u0022:0,\u0022WeaponEffectPoolBuilds\u0022:0,\u0022WeaponEffectPoolFallbacks\u0022:0,\u0022EnemyAiMilliseconds\u0022:0.253386,\u0022EnemyAiElapsedMs\u0022:0.253386,\u0022LineOfSightMilliseconds\u0022:0,\u0022LineOfSightElapsedMs\u0022:0,\u0022MissilePoolCreationMilliseconds\u0022:0,\u0022MissilePoolCreationElapsedMs\u0022:0,\u0022PlayerDirectRaycastMilliseconds\u0022:0,\u0022PlayerWorldRaycastMilliseconds\u0022:0"}
10-04 19:27:56.143  3817  3881 I godot   : QUEST_COMBAT_CHUNK: {"kind":"SPIKE","runId":"20261004-182729-1d1caa","recordId":15,"index":2,"count":3,"data":",\u0022PlayerMechRaycastMilliseconds\u0022:0,\u0022PlayerDirectDamageMilliseconds\u0022:0,\u0022PlayerWeaponVisualMilliseconds\u0022:0},\u0022HeadTranslation\u0022:0.0027208144,\u0022HeadAngle\u0022:0.84116423}}"}
10-04 19:27:56.144  3817  3881 I godot   : QUEST_COMBAT_CHUNK: {"kind":"SPIKE","runId":"20261004-182729-1d1caa","recordId":16,"index":0,"count":3,"data":"{\u0022runId\u0022:\u002220261004-182729-1d1caa\u0022,\u0022trial\u0022:1,\u0022frame\u0022:{\u0022Seconds\u0022:11.3613628,\u0022Ms\u0022:27.700700000000467,\u0022GpuMs\u0022:16.132999420166016,\u0022CpuMs\u0022:0.5040000081062317,\u0022ProcessMs\u0022:17.056,\u0022PhysicsMs\u0022:9.126000000000001,\u0022AllocatedBytes\u0022:4147384,\u0022Gc0\u0022:1,\u0022Gc1\u0022:0,\u0022Gc2\u0022:0,\u0022Combat\u0022:{\u0022EnemyAiTicks\u0022:8,\u0022EnemyAiElapsedTicks\u0022:567605,\u0022LineOfSightCalls\u0022:1,\u0022LineOfSightElapsedTicks\u0022:163541,\u0022MissilePoolsCreated\u0022:0,\u0022MissilePoolCreationElapsedTicks\u0022:0,\u0022PlayerDirectRaycastCalls\u0022:0,\u0022PlayerDirectRaycastElapsedTicks\u0022:0,\u0022PlayerDirectDamageCalls\u0022:0,\u0022PlayerDire"}
10-04 19:27:56.144  3817  3881 I godot   : QUEST_COMBAT_CHUNK: {"kind":"SPIKE","runId":"20261004-182729-1d1caa","recordId":16,"index":1,"count":3,"data":"ctDamageElapsedTicks\u0022:0,\u0022PlayerWeaponVisualCalls\u0022:0,\u0022PlayerWeaponVisualElapsedTicks\u0022:0,\u0022WeaponLaunches\u0022:0,\u0022EnemyWeaponLaunches\u0022:0,\u0022MissileLaunches\u0022:0,\u0022Impacts\u0022:1,\u0022ActiveMissiles\u0022:47,\u0022ActiveLasers\u0022:0,\u0022PlayerWorldRaycastElapsedTicks\u0022:0,\u0022PlayerMechRaycastElapsedTicks\u0022:0,\u0022WeaponEffectPoolBuilds\u0022:0,\u0022WeaponEffectPoolFallbacks\u0022:0,\u0022EnemyAiMilliseconds\u0022:0.567605,\u0022EnemyAiElapsedMs\u0022:0.567605,\u0022LineOfSightMilliseconds\u0022:0.163541,\u0022LineOfSightElapsedMs\u0022:0.163541,\u0022MissilePoolCreationMilliseconds\u0022:0,\u0022MissilePoolCreationElapsedMs\u0022:0,\u0022PlayerDirectRaycastMilliseconds\u0022:0,\u0022PlayerWorldR"}
10-04 19:27:56.144  3817  3881 I godot   : QUEST_COMBAT_CHUNK: {"kind":"SPIKE","runId":"20261004-182729-1d1caa","recordId":16,"index":2,"count":3,"data":"aycastMilliseconds\u0022:0,\u0022PlayerMechRaycastMilliseconds\u0022:0,\u0022PlayerDirectDamageMilliseconds\u0022:0,\u0022PlayerWeaponVisualMilliseconds\u0022:0},\u0022HeadTranslation\u0022:0.0029361192,\u0022HeadAngle\u0022:0.89262897}}"}
10-04 19:27:56.144  3817  3881 I godot   : QUEST_COMBAT_CHUNK: {"kind":"SPIKE","runId":"20261004-182729-1d1caa","recordId":17,"index":0,"count":3,"data":"{\u0022runId\u0022:\u002220261004-182729-1d1caa\u0022,\u0022trial\u0022:1,\u0022frame\u0022:{\u0022Seconds\u0022:11.8149426,\u0022Ms\u0022:24.687699999999424,\u0022GpuMs\u0022:18.944000244140625,\u0022CpuMs\u0022:0.7990000247955322,\u0022ProcessMs\u0022:23.545,\u0022PhysicsMs\u0022:3.5660000000000003,\u0022AllocatedBytes\u0022:0,\u0022Gc0\u0022:0,\u0022Gc1\u0022:0,\u0022Gc2\u0022:0,\u0022Combat\u0022:{\u0022EnemyAiTicks\u0022:8,\u0022EnemyAiElapsedTicks\u0022:493229,\u0022LineOfSightCalls\u0022:0,\u0022LineOfSightElapsedTicks\u0022:0,\u0022MissilePoolsCreated\u0022:0,\u0022MissilePoolCreationElapsedTicks\u0022:0,\u0022PlayerDirectRaycastCalls\u0022:0,\u0022PlayerDirectRaycastElapsedTicks\u0022:0,\u0022PlayerDirectDamageCalls\u0022:0,\u0022PlayerDirectDamageEl"}
10-04 19:27:56.144  3817  3881 I godot   : QUEST_COMBAT_CHUNK: {"kind":"SPIKE","runId":"20261004-182729-1d1caa","recordId":17,"index":1,"count":3,"data":"apsedTicks\u0022:0,\u0022PlayerWeaponVisualCalls\u0022:0,\u0022PlayerWeaponVisualElapsedTicks\u0022:0,\u0022WeaponLaunches\u0022:0,\u0022EnemyWeaponLaunches\u0022:0,\u0022MissileLaunches\u0022:0,\u0022Impacts\u0022:0,\u0022ActiveMissiles\u0022:47,\u0022ActiveLasers\u0022:0,\u0022PlayerWorldRaycastElapsedTicks\u0022:0,\u0022PlayerMechRaycastElapsedTicks\u0022:0,\u0022WeaponEffectPoolBuilds\u0022:0,\u0022WeaponEffectPoolFallbacks\u0022:0,\u0022EnemyAiMilliseconds\u0022:0.493229,\u0022EnemyAiElapsedMs\u0022:0.493229,\u0022LineOfSightMilliseconds\u0022:0,\u0022LineOfSightElapsedMs\u0022:0,\u0022MissilePoolCreationMilliseconds\u0022:0,\u0022MissilePoolCreationElapsedMs\u0022:0,\u0022PlayerDirectRaycastMilliseconds\u0022:0,\u0022PlayerWorldRaycastMilliseconds\u0022"}
10-04 19:27:56.144  3817  3881 I godot   : QUEST_COMBAT_CHUNK: {"kind":"SPIKE","runId":"20261004-182729-1d1caa","recordId":17,"index":2,"count":3,"data":":0,\u0022PlayerMechRaycastMilliseconds\u0022:0,\u0022PlayerDirectDamageMilliseconds\u0022:0,\u0022PlayerWeaponVisualMilliseconds\u0022:0},\u0022HeadTranslation\u0022:0.0028982814,\u0022HeadAngle\u0022:0.8908735}}"}
10-04 19:27:56.144  3817  3881 I godot   : QUEST_COMBAT_CHUNK: {"kind":"SPIKE","runId":"20261004-182729-1d1caa","recordId":18,"index":0,"count":3,"data":"{\u0022runId\u0022:\u002220261004-182729-1d1caa\u0022,\u0022trial\u0022:1,\u0022frame\u0022:{\u0022Seconds\u0022:11.9490863,\u0022Ms\u0022:26.24549999999992,\u0022GpuMs\u0022:18.582000732421875,\u0022CpuMs\u0022:0.6309999823570251,\u0022ProcessMs\u0022:23.545,\u0022PhysicsMs\u0022:3.5660000000000003,\u0022AllocatedBytes\u0022:0,\u0022Gc0\u0022:0,\u0022Gc1\u0022:0,\u0022Gc2\u0022:0,\u0022Combat\u0022:{\u0022EnemyAiTicks\u0022:8,\u0022EnemyAiElapsedTicks\u0022:581823,\u0022LineOfSightCalls\u0022:0,\u0022LineOfSightElapsedTicks\u0022:0,\u0022MissilePoolsCreated\u0022:0,\u0022MissilePoolCreationElapsedTicks\u0022:0,\u0022PlayerDirectRaycastCalls\u0022:0,\u0022PlayerDirectRaycastElapsedTicks\u0022:0,\u0022PlayerDirectDamageCalls\u0022:0,\u0022PlayerDirectDamageEla"}
10-04 19:27:56.144  3817  3881 I godot   : QUEST_COMBAT_CHUNK: {"kind":"SPIKE","runId":"20261004-182729-1d1caa","recordId":18,"index":1,"count":3,"data":"psedTicks\u0022:0,\u0022PlayerWeaponVisualCalls\u0022:0,\u0022PlayerWeaponVisualElapsedTicks\u0022:0,\u0022WeaponLaunches\u0022:0,\u0022EnemyWeaponLaunches\u0022:0,\u0022MissileLaunches\u0022:0,\u0022Impacts\u0022:0,\u0022ActiveMissiles\u0022:47,\u0022ActiveLasers\u0022:0,\u0022PlayerWorldRaycastElapsedTicks\u0022:0,\u0022PlayerMechRaycastElapsedTicks\u0022:0,\u0022WeaponEffectPoolBuilds\u0022:0,\u0022WeaponEffectPoolFallbacks\u0022:0,\u0022EnemyAiMilliseconds\u0022:0.581823,\u0022EnemyAiElapsedMs\u0022:0.581823,\u0022LineOfSightMilliseconds\u0022:0,\u0022LineOfSightElapsedMs\u0022:0,\u0022MissilePoolCreationMilliseconds\u0022:0,\u0022MissilePoolCreationElapsedMs\u0022:0,\u0022PlayerDirectRaycastMilliseconds\u0022:0,\u0022PlayerWorldRaycastMilliseconds\u0022:"}
10-04 19:27:56.144  3817  3881 I godot   : QUEST_COMBAT_CHUNK: {"kind":"SPIKE","runId":"20261004-182729-1d1caa","recordId":18,"index":2,"count":3,"data":"0,\u0022PlayerMechRaycastMilliseconds\u0022:0,\u0022PlayerDirectDamageMilliseconds\u0022:0,\u0022PlayerWeaponVisualMilliseconds\u0022:0},\u0022HeadTranslation\u0022:0.0029741442,\u0022HeadAngle\u0022:0.9379522}}"}
10-04 19:27:56.145  3817  3881 I godot   : QUEST_COMBAT_CHUNK: {"kind":"SPIKE","runId":"20261004-182729-1d1caa","recordId":19,"index":0,"count":3,"data":"{\u0022runId\u0022:\u002220261004-182729-1d1caa\u0022,\u0022trial\u0022:1,\u0022frame\u0022:{\u0022Seconds\u0022:12.0145418,\u0022Ms\u0022:24.387499999999562,\u0022GpuMs\u0022:18.11400032043457,\u0022CpuMs\u0022:0.7080000042915344,\u0022ProcessMs\u0022:23.545,\u0022PhysicsMs\u0022:3.5660000000000003,\u0022AllocatedBytes\u0022:0,\u0022Gc0\u0022:0,\u0022Gc1\u0022:0,\u0022Gc2\u0022:0,\u0022Combat\u0022:{\u0022EnemyAiTicks\u0022:8,\u0022EnemyAiElapsedTicks\u0022:504635,\u0022LineOfSightCalls\u0022:0,\u0022LineOfSightElapsedTicks\u0022:0,\u0022MissilePoolsCreated\u0022:0,\u0022MissilePoolCreationElapsedTicks\u0022:0,\u0022PlayerDirectRaycastCalls\u0022:0,\u0022PlayerDirectRaycastElapsedTicks\u0022:0,\u0022PlayerDirectDamageCalls\u0022:0,\u0022PlayerDirectDamageEla"}
10-04 19:27:56.145  3817  3881 I godot   : QUEST_COMBAT_CHUNK: {"kind":"SPIKE","runId":"20261004-182729-1d1caa","recordId":19,"index":1,"count":3,"data":"psedTicks\u0022:0,\u0022PlayerWeaponVisualCalls\u0022:0,\u0022PlayerWeaponVisualElapsedTicks\u0022:0,\u0022WeaponLaunches\u0022:0,\u0022EnemyWeaponLaunches\u0022:0,\u0022MissileLaunches\u0022:0,\u0022Impacts\u0022:0,\u0022ActiveMissiles\u0022:47,\u0022ActiveLasers\u0022:0,\u0022PlayerWorldRaycastElapsedTicks\u0022:0,\u0022PlayerMechRaycastElapsedTicks\u0022:0,\u0022WeaponEffectPoolBuilds\u0022:0,\u0022WeaponEffectPoolFallbacks\u0022:0,\u0022EnemyAiMilliseconds\u0022:0.504635,\u0022EnemyAiElapsedMs\u0022:0.504635,\u0022LineOfSightMilliseconds\u0022:0,\u0022LineOfSightElapsedMs\u0022:0,\u0022MissilePoolCreationMilliseconds\u0022:0,\u0022MissilePoolCreationElapsedMs\u0022:0,\u0022PlayerDirectRaycastMilliseconds\u0022:0,\u0022PlayerWorldRaycastMilliseconds\u0022:"}
10-04 19:27:56.145  3817  3881 I godot   : QUEST_COMBAT_CHUNK: {"kind":"SPIKE","runId":"20261004-182729-1d1caa","recordId":19,"index":2,"count":3,"data":"0,\u0022PlayerMechRaycastMilliseconds\u0022:0,\u0022PlayerDirectDamageMilliseconds\u0022:0,\u0022PlayerWeaponVisualMilliseconds\u0022:0},\u0022HeadTranslation\u0022:0.002991523,\u0022HeadAngle\u0022:0.93961966}}"}
10-04 19:27:56.145  3817  3881 I godot   : QUEST_COMBAT_CHUNK: {"kind":"SPIKE","runId":"20261004-182729-1d1caa","recordId":20,"index":0,"count":3,"data":"{\u0022runId\u0022:\u002220261004-182729-1d1caa\u0022,\u0022trial\u0022:1,\u0022frame\u0022:{\u0022Seconds\u0022:12.0811655,\u0022Ms\u0022:25.424699999998523,\u0022GpuMs\u0022:20.190000534057617,\u0022CpuMs\u0022:0.5849999785423279,\u0022ProcessMs\u0022:23.545,\u0022PhysicsMs\u0022:3.5660000000000003,\u0022AllocatedBytes\u0022:0,\u0022Gc0\u0022:0,\u0022Gc1\u0022:0,\u0022Gc2\u0022:0,\u0022Combat\u0022:{\u0022EnemyAiTicks\u0022:8,\u0022EnemyAiElapsedTicks\u0022:507448,\u0022LineOfSightCalls\u0022:0,\u0022LineOfSightElapsedTicks\u0022:0,\u0022MissilePoolsCreated\u0022:0,\u0022MissilePoolCreationElapsedTicks\u0022:0,\u0022PlayerDirectRaycastCalls\u0022:0,\u0022PlayerDirectRaycastElapsedTicks\u0022:0,\u0022PlayerDirectDamageCalls\u0022:0,\u0022PlayerDirectDamageEl"}
10-04 19:27:56.145  3817  3881 I godot   : QUEST_COMBAT_CHUNK: {"kind":"SPIKE","runId":"20261004-182729-1d1caa","recordId":20,"index":1,"count":3,"data":"apsedTicks\u0022:0,\u0022PlayerWeaponVisualCalls\u0022:0,\u0022PlayerWeaponVisualElapsedTicks\u0022:0,\u0022WeaponLaunches\u0022:0,\u0022EnemyWeaponLaunches\u0022:0,\u0022MissileLaunches\u0022:0,\u0022Impacts\u0022:0,\u0022ActiveMissiles\u0022:47,\u0022ActiveLasers\u0022:0,\u0022PlayerWorldRaycastElapsedTicks\u0022:0,\u0022PlayerMechRaycastElapsedTicks\u0022:0,\u0022WeaponEffectPoolBuilds\u0022:0,\u0022WeaponEffectPoolFallbacks\u0022:0,\u0022EnemyAiMilliseconds\u0022:0.507448,\u0022EnemyAiElapsedMs\u0022:0.507448,\u0022LineOfSightMilliseconds\u0022:0,\u0022LineOfSightElapsedMs\u0022:0,\u0022MissilePoolCreationMilliseconds\u0022:0,\u0022MissilePoolCreationElapsedMs\u0022:0,\u0022PlayerDirectRaycastMilliseconds\u0022:0,\u0022PlayerWorldRaycastMilliseconds\u0022"}
10-04 19:27:56.146  3817  3881 I godot   : QUEST_COMBAT_CHUNK: {"kind":"SPIKE","runId":"20261004-182729-1d1caa","recordId":20,"index":2,"count":3,"data":":0,\u0022PlayerMechRaycastMilliseconds\u0022:0,\u0022PlayerDirectDamageMilliseconds\u0022:0,\u0022PlayerWeaponVisualMilliseconds\u0022:0},\u0022HeadTranslation\u0022:0.0029293334,\u0022HeadAngle\u0022:0.9211111}}"}
10-04 19:27:56.146  3817  3881 I godot   : QUEST_COMBAT_CHUNK: {"kind":"SPIKE","runId":"20261004-182729-1d1caa","recordId":21,"index":0,"count":3,"data":"{\u0022runId\u0022:\u002220261004-182729-1d1caa\u0022,\u0022trial\u0022:1,\u0022frame\u0022:{\u0022Seconds\u0022:12.1471478,\u0022Ms\u0022:24.522200000001604,\u0022GpuMs\u0022:18.500999450683594,\u0022CpuMs\u0022:0.5429999828338623,\u0022ProcessMs\u0022:23.545,\u0022PhysicsMs\u0022:3.5660000000000003,\u0022AllocatedBytes\u0022:0,\u0022Gc0\u0022:0,\u0022Gc1\u0022:0,\u0022Gc2\u0022:0,\u0022Combat\u0022:{\u0022EnemyAiTicks\u0022:8,\u0022EnemyAiElapsedTicks\u0022:1152971,\u0022LineOfSightCalls\u0022:0,\u0022LineOfSightElapsedTicks\u0022:0,\u0022MissilePoolsCreated\u0022:0,\u0022MissilePoolCreationElapsedTicks\u0022:0,\u0022PlayerDirectRaycastCalls\u0022:0,\u0022PlayerDirectRaycastElapsedTicks\u0022:0,\u0022PlayerDirectDamageCalls\u0022:0,\u0022PlayerDirectDamageE"}
10-04 19:27:56.146  3817  3881 I godot   : QUEST_COMBAT_CHUNK: {"kind":"SPIKE","runId":"20261004-182729-1d1caa","recordId":21,"index":1,"count":3,"data":"lapsedTicks\u0022:0,\u0022PlayerWeaponVisualCalls\u0022:0,\u0022PlayerWeaponVisualElapsedTicks\u0022:0,\u0022WeaponLaunches\u0022:0,\u0022EnemyWeaponLaunches\u0022:0,\u0022MissileLaunches\u0022:0,\u0022Impacts\u0022:0,\u0022ActiveMissiles\u0022:47,\u0022ActiveLasers\u0022:0,\u0022PlayerWorldRaycastElapsedTicks\u0022:0,\u0022PlayerMechRaycastElapsedTicks\u0022:0,\u0022WeaponEffectPoolBuilds\u0022:0,\u0022WeaponEffectPoolFallbacks\u0022:0,\u0022EnemyAiMilliseconds\u0022:1.152971,\u0022EnemyAiElapsedMs\u0022:1.152971,\u0022LineOfSightMilliseconds\u0022:0,\u0022LineOfSightElapsedMs\u0022:0,\u0022MissilePoolCreationMilliseconds\u0022:0,\u0022MissilePoolCreationElapsedMs\u0022:0,\u0022PlayerDirectRaycastMilliseconds\u0022:0,\u0022PlayerWorldRaycastMilliseconds"}
10-04 19:27:56.146  3817  3881 I godot   : QUEST_COMBAT_CHUNK: {"kind":"SPIKE","runId":"20261004-182729-1d1caa","recordId":21,"index":2,"count":3,"data":"\u0022:0,\u0022PlayerMechRaycastMilliseconds\u0022:0,\u0022PlayerDirectDamageMilliseconds\u0022:0,\u0022PlayerWeaponVisualMilliseconds\u0022:0},\u0022HeadTranslation\u0022:0.002945463,\u0022HeadAngle\u0022:0.90827537}}"}
10-04 19:27:56.147  3817  3881 I godot   : QUEST_COMBAT_CHUNK: {"kind":"SPIKE","runId":"20261004-182729-1d1caa","recordId":22,"index":0,"count":3,"data":"{\u0022runId\u0022:\u002220261004-182729-1d1caa\u0022,\u0022trial\u0022:1,\u0022frame\u0022:{\u0022Seconds\u0022:13.4950419,\u0022Ms\u0022:30.23090000000117,\u0022GpuMs\u0022:14.34000015258789,\u0022CpuMs\u0022:0.5759999752044678,\u0022ProcessMs\u0022:20.415,\u0022PhysicsMs\u0022:3.762,\u0022AllocatedBytes\u0022:4753624,\u0022Gc0\u0022:1,\u0022Gc1\u0022:0,\u0022Gc2\u0022:0,\u0022Combat\u0022:{\u0022EnemyAiTicks\u0022:8,\u0022EnemyAiElapsedTicks\u0022:683490,\u0022LineOfSightCalls\u0022:1,\u0022LineOfSightElapsedTicks\u0022:157031,\u0022MissilePoolsCreated\u0022:0,\u0022MissilePoolCreationElapsedTicks\u0022:0,\u0022PlayerDirectRaycastCalls\u0022:0,\u0022PlayerDirectRaycastElapsedTicks\u0022:0,\u0022PlayerDirectDamageCalls\u0022:0,\u0022PlayerDirectDamageElapse"}
10-04 19:27:56.147  3817  3881 I godot   : QUEST_COMBAT_CHUNK: {"kind":"SPIKE","runId":"20261004-182729-1d1caa","recordId":22,"index":1,"count":3,"data":"dTicks\u0022:0,\u0022PlayerWeaponVisualCalls\u0022:0,\u0022PlayerWeaponVisualElapsedTicks\u0022:0,\u0022WeaponLaunches\u0022:0,\u0022EnemyWeaponLaunches\u0022:0,\u0022MissileLaunches\u0022:0,\u0022Impacts\u0022:1,\u0022ActiveMissiles\u0022:26,\u0022ActiveLasers\u0022:3,\u0022PlayerWorldRaycastElapsedTicks\u0022:0,\u0022PlayerMechRaycastElapsedTicks\u0022:0,\u0022WeaponEffectPoolBuilds\u0022:0,\u0022WeaponEffectPoolFallbacks\u0022:0,\u0022EnemyAiMilliseconds\u0022:0.68349,\u0022EnemyAiElapsedMs\u0022:0.68349,\u0022LineOfSightMilliseconds\u0022:0.157031,\u0022LineOfSightElapsedMs\u0022:0.157031,\u0022MissilePoolCreationMilliseconds\u0022:0,\u0022MissilePoolCreationElapsedMs\u0022:0,\u0022PlayerDirectRaycastMilliseconds\u0022:0,\u0022PlayerWorldRaycastMillisecon"}
10-04 19:27:56.147  3817  3881 I godot   : QUEST_COMBAT_CHUNK: {"kind":"SPIKE","runId":"20261004-182729-1d1caa","recordId":22,"index":2,"count":3,"data":"ds\u0022:0,\u0022PlayerMechRaycastMilliseconds\u0022:0,\u0022PlayerDirectDamageMilliseconds\u0022:0,\u0022PlayerWeaponVisualMilliseconds\u0022:0},\u0022HeadTranslation\u0022:0.0040602903,\u0022HeadAngle\u0022:1.2085276}}"}
10-04 19:27:56.147  3817  3881 I godot   : QUEST_COMBAT_CHUNK: {"kind":"SPIKE","runId":"20261004-182729-1d1caa","recordId":23,"index":0,"count":3,"data":"{\u0022runId\u0022:\u002220261004-182729-1d1caa\u0022,\u0022trial\u0022:1,\u0022frame\u0022:{\u0022Seconds\u0022:14.5722596,\u0022Ms\u0022:24.484600000000967,\u0022GpuMs\u0022:19.23900032043457,\u0022CpuMs\u0022:0.4869999885559082,\u0022ProcessMs\u0022:26.013,\u0022PhysicsMs\u0022:3.298,\u0022AllocatedBytes\u0022:0,\u0022Gc0\u0022:0,\u0022Gc1\u0022:0,\u0022Gc2\u0022:0,\u0022Combat\u0022:{\u0022EnemyAiTicks\u0022:8,\u0022EnemyAiElapsedTicks\u0022:1042501,\u0022LineOfSightCalls\u0022:1,\u0022LineOfSightElapsedTicks\u0022:179792,\u0022MissilePoolsCreated\u0022:0,\u0022MissilePoolCreationElapsedTicks\u0022:0,\u0022PlayerDirectRaycastCalls\u0022:0,\u0022PlayerDirectRaycastElapsedTicks\u0022:0,\u0022PlayerDirectDamageCalls\u0022:0,\u0022PlayerDirectDamageElapsedTic"}
10-04 19:27:56.147  3817  3881 I godot   : QUEST_COMBAT_CHUNK: {"kind":"SPIKE","runId":"20261004-182729-1d1caa","recordId":23,"index":1,"count":3,"data":"ks\u0022:0,\u0022PlayerWeaponVisualCalls\u0022:0,\u0022PlayerWeaponVisualElapsedTicks\u0022:0,\u0022WeaponLaunches\u0022:0,\u0022EnemyWeaponLaunches\u0022:0,\u0022MissileLaunches\u0022:0,\u0022Impacts\u0022:0,\u0022ActiveMissiles\u0022:28,\u0022ActiveLasers\u0022:3,\u0022PlayerWorldRaycastElapsedTicks\u0022:0,\u0022PlayerMechRaycastElapsedTicks\u0022:0,\u0022WeaponEffectPoolBuilds\u0022:0,\u0022WeaponEffectPoolFallbacks\u0022:0,\u0022EnemyAiMilliseconds\u0022:1.042501,\u0022EnemyAiElapsedMs\u0022:1.042501,\u0022LineOfSightMilliseconds\u0022:0.179792,\u0022LineOfSightElapsedMs\u0022:0.179792,\u0022MissilePoolCreationMilliseconds\u0022:0,\u0022MissilePoolCreationElapsedMs\u0022:0,\u0022PlayerDirectRaycastMilliseconds\u0022:0,\u0022PlayerWorldRaycastMilliseconds"}
10-04 19:27:56.147  3817  3881 I godot   : QUEST_COMBAT_CHUNK: {"kind":"SPIKE","runId":"20261004-182729-1d1caa","recordId":23,"index":2,"count":3,"data":"\u0022:0,\u0022PlayerMechRaycastMilliseconds\u0022:0,\u0022PlayerDirectDamageMilliseconds\u0022:0,\u0022PlayerWeaponVisualMilliseconds\u0022:0},\u0022HeadTranslation\u0022:0.0043739574,\u0022HeadAngle\u0022:1.2297152}}"}
10-04 19:27:56.156  3817  3881 I godot   : QUEST_COMBAT_SECOND: {"runId":"20261004-182729-1d1caa","trial":1,"second":0,"meanMs":17.203784482758614,"maxMs":72.802,"gpuMs":14.016947394923159,"weaponShots":1,"missileLaunches":0,"impacts":1,"activeMissiles":0,"activeLasers":3}
10-04 19:27:56.157  3817  3881 I godot   : QUEST_COMBAT_SECOND: {"runId":"20261004-182729-1d1caa","trial":1,"second":1,"meanMs":13.975101408450698,"maxMs":28.58319999999992,"gpuMs":13.506943662401657,"weaponShots":1,"missileLaunches":0,"impacts":0,"activeMissiles":0,"activeLasers":6}
10-04 19:27:56.157  3817  3881 I godot   : QUEST_COMBAT_SECOND: {"runId":"20261004-182729-1d1caa","trial":1,"second":2,"meanMs":16.182225806451612,"maxMs":33.57989999999988,"gpuMs":15.147758083958779,"weaponShots":2,"missileLaunches":4,"impacts":2,"activeMissiles":4,"activeLasers":3}
10-04 19:27:56.157  3817  3881 I godot   : QUEST_COMBAT_SECOND: {"runId":"20261004-182729-1d1caa","trial":1,"second":3,"meanMs":15.248406060606058,"maxMs":19.74790000000004,"gpuMs":14.661151539195668,"weaponShots":0,"missileLaunches":0,"impacts":0,"activeMissiles":4,"activeLasers":3}
10-04 19:27:56.158  3817  3881 I godot   : QUEST_COMBAT_SECOND: {"runId":"20261004-182729-1d1caa","trial":1,"second":4,"meanMs":14.209627142857139,"maxMs":19.76030000000062,"gpuMs":13.828157152448382,"weaponShots":1,"missileLaunches":0,"impacts":4,"activeMissiles":4,"activeLasers":3}
10-04 19:27:56.158  3817  3881 I godot   : QUEST_COMBAT_SECOND: {"runId":"20261004-182729-1d1caa","trial":1,"second":5,"meanMs":16.021356451612903,"maxMs":29.97009999999989,"gpuMs":15.321693574228595,"weaponShots":1,"missileLaunches":0,"impacts":1,"activeMissiles":3,"activeLasers":6}
10-04 19:27:56.158  3817  3881 I godot   : QUEST_COMBAT_SECOND: {"runId":"20261004-182729-1d1caa","trial":1,"second":6,"meanMs":14.909459701492548,"maxMs":22.359000000000684,"gpuMs":14.447671690983558,"weaponShots":2,"missileLaunches":4,"impacts":1,"activeMissiles":5,"activeLasers":3}
10-04 19:27:56.159  3817  3881 I godot   : QUEST_COMBAT_SECOND: {"runId":"20261004-182729-1d1caa","trial":1,"second":7,"meanMs":14.333145714285717,"maxMs":18.74800000000043,"gpuMs":13.789999961853027,"weaponShots":0,"missileLaunches":0,"impacts":0,"activeMissiles":4,"activeLasers":3}
10-04 19:27:56.159  3817  3881 I godot   : QUEST_COMBAT_SECOND: {"runId":"20261004-182729-1d1caa","trial":1,"second":8,"meanMs":14.937491044776108,"maxMs":18.58010000000121,"gpuMs":14.350641819968152,"weaponShots":1,"missileLaunches":14,"impacts":1,"activeMissiles":18,"activeLasers":0}
10-04 19:27:56.166  3817  3881 I godot   : QUEST_COMBAT_SECOND: {"runId":"20261004-182729-1d1caa","trial":1,"second":9,"meanMs":17.63406666666668,"maxMs":27.928199999999848,"gpuMs":16.287824513619405,"weaponShots":1,"missileLaunches":6,"impacts":1,"activeMissiles":24,"activeLasers":3}
10-04 19:27:56.166  3817  3881 I godot   : QUEST_COMBAT_SECOND: {"runId":"20261004-182729-1d1caa","trial":1,"second":10,"meanMs":17.25525344827585,"maxMs":22.636099999999715,"gpuMs":16.123844837320263,"weaponShots":2,"missileLaunches":18,"impacts":0,"activeMissiles":41,"activeLasers":0}
10-04 19:27:56.166  3817  3881 I godot   : QUEST_COMBAT_SECOND: {"runId":"20261004-182729-1d1caa","trial":1,"second":11,"meanMs":20.273359183673474,"maxMs":27.700700000000467,"gpuMs":17.77597968432368,"weaponShots":0,"missileLaunches":6,"impacts":21,"activeMissiles":47,"activeLasers":0}
10-04 19:27:56.167  3817  3881 I godot   : QUEST_COMBAT_SECOND: {"runId":"20261004-182729-1d1caa","trial":1,"second":12,"meanMs":18.845937735849045,"maxMs":25.424699999998523,"gpuMs":16.23901883611139,"weaponShots":1,"missileLaunches":0,"impacts":2,"activeMissiles":47,"activeLasers":3}
10-04 19:27:56.167  3817  3881 I godot   : QUEST_COMBAT_SECOND: {"runId":"20261004-182729-1d1caa","trial":1,"second":13,"meanMs":16.135808064516123,"maxMs":30.23090000000117,"gpuMs":14.468080643684633,"weaponShots":1,"missileLaunches":0,"impacts":23,"activeMissiles":34,"activeLasers":6}
10-04 19:27:56.167  3817  3881 I godot   : QUEST_COMBAT_SECOND: {"runId":"20261004-182729-1d1caa","trial":1,"second":14,"meanMs":17.386425862068982,"maxMs":24.484600000000967,"gpuMs":15.835603418021366,"weaponShots":2,"missileLaunches":4,"impacts":1,"activeMissiles":29,"activeLasers":3}
10-04 19:27:56.167  3817  3881 I godot   : QUEST_COMBAT_SECOND: {"runId":"20261004-182729-1d1caa","trial":1,"second":15,"meanMs":16.502100000000297,"maxMs":16.502100000000297,"gpuMs":16.155000686645508,"weaponShots":0,"missileLaunches":0,"impacts":0,"activeMissiles":13,"activeLasers":3}
10-04 19:27:56.172  3817  3881 I godot   : QUEST_COMBAT_EVENTS: {"runId":"20261004-182729-1d1caa","trial":1,"firstVolleySeconds":0.5452822}
10-04 19:27:56.177  3817  3881 I godot   : QUEST_COMBAT_CHUNK: {"kind":"EVENT","runId":"20261004-182729-1d1caa","recordId":41,"index":0,"count":2,"data":"{\u0022runId\u0022:\u002220261004-182729-1d1caa\u0022,\u0022trial\u0022:1,\u0022Seconds\u0022:0.5452822,\u0022Ms\u0022:38.47620000000007,\u0022Combat\u0022:{\u0022EnemyAiTicks\u0022:8,\u0022EnemyAiElapsedTicks\u0022:556512,\u0022LineOfSightCalls\u0022:0,\u0022LineOfSightElapsedTicks\u0022:0,\u0022MissilePoolsCreated\u0022:0,\u0022MissilePoolCreationElapsedTicks\u0022:0,\u0022PlayerDirectRaycastCalls\u0022:1,\u0022PlayerDirectRaycastElapsedTicks\u0022:8449376,\u0022PlayerDirectDamageCalls\u0022:1,\u0022PlayerDirectDamageElapsedTicks\u0022:391042,\u0022PlayerWeaponVisualCalls\u0022:1,\u0022PlayerWeaponVisualElapsedTicks\u0022:1790625,\u0022WeaponLaunches\u0022:1,\u0022EnemyWeaponLaunches\u0022:0,\u0022MissileLaunches\u0022:0,\u0022Impacts\u0022:1,\u0022ActiveMi"}
10-04 19:27:56.177  3817  3881 I godot   : QUEST_COMBAT_CHUNK: {"kind":"EVENT","runId":"20261004-182729-1d1caa","recordId":41,"index":1,"count":2,"data":"ssiles\u0022:0,\u0022ActiveLasers\u0022:3,\u0022PlayerWorldRaycastElapsedTicks\u0022:3603647,\u0022PlayerMechRaycastElapsedTicks\u0022:3762292,\u0022WeaponEffectPoolBuilds\u0022:0,\u0022WeaponEffectPoolFallbacks\u0022:0,\u0022EnemyAiMilliseconds\u0022:0.556512,\u0022EnemyAiElapsedMs\u0022:0.556512,\u0022LineOfSightMilliseconds\u0022:0,\u0022LineOfSightElapsedMs\u0022:0,\u0022MissilePoolCreationMilliseconds\u0022:0,\u0022MissilePoolCreationElapsedMs\u0022:0,\u0022PlayerDirectRaycastMilliseconds\u0022:8.449376,\u0022PlayerWorldRaycastMilliseconds\u0022:3.603647,\u0022PlayerMechRaycastMilliseconds\u0022:3.762292,\u0022PlayerDirectDamageMilliseconds\u0022:0.391042,\u0022PlayerWeaponVisualMilliseconds\u0022:1.790625}}"}
10-04 19:27:56.177  3817  3881 I godot   : QUEST_COMBAT_CHUNK: {"kind":"EVENT","runId":"20261004-182729-1d1caa","recordId":42,"index":0,"count":2,"data":"{\u0022runId\u0022:\u002220261004-182729-1d1caa\u0022,\u0022trial\u0022:1,\u0022Seconds\u0022:1.0289029,\u0022Ms\u0022:10.889200000000043,\u0022Combat\u0022:{\u0022EnemyAiTicks\u0022:4,\u0022EnemyAiElapsedTicks\u0022:2951041,\u0022LineOfSightCalls\u0022:1,\u0022LineOfSightElapsedTicks\u0022:208021,\u0022MissilePoolsCreated\u0022:0,\u0022MissilePoolCreationElapsedTicks\u0022:0,\u0022PlayerDirectRaycastCalls\u0022:0,\u0022PlayerDirectRaycastElapsedTicks\u0022:0,\u0022PlayerDirectDamageCalls\u0022:0,\u0022PlayerDirectDamageElapsedTicks\u0022:0,\u0022PlayerWeaponVisualCalls\u0022:0,\u0022PlayerWeaponVisualElapsedTicks\u0022:0,\u0022WeaponLaunches\u0022:1,\u0022EnemyWeaponLaunches\u0022:1,\u0022MissileLaunches\u0022:0,\u0022Impacts\u0022:0,\u0022ActiveMissiles"}
10-04 19:27:56.177  3817  3881 I godot   : QUEST_COMBAT_CHUNK: {"kind":"EVENT","runId":"20261004-182729-1d1caa","recordId":42,"index":1,"count":2,"data":"\u0022:0,\u0022ActiveLasers\u0022:6,\u0022PlayerWorldRaycastElapsedTicks\u0022:0,\u0022PlayerMechRaycastElapsedTicks\u0022:0,\u0022WeaponEffectPoolBuilds\u0022:0,\u0022WeaponEffectPoolFallbacks\u0022:0,\u0022EnemyAiMilliseconds\u0022:2.951041,\u0022EnemyAiElapsedMs\u0022:2.951041,\u0022LineOfSightMilliseconds\u0022:0.208021,\u0022LineOfSightElapsedMs\u0022:0.208021,\u0022MissilePoolCreationMilliseconds\u0022:0,\u0022MissilePoolCreationElapsedMs\u0022:0,\u0022PlayerDirectRaycastMilliseconds\u0022:0,\u0022PlayerWorldRaycastMilliseconds\u0022:0,\u0022PlayerMechRaycastMilliseconds\u0022:0,\u0022PlayerDirectDamageMilliseconds\u0022:0,\u0022PlayerWeaponVisualMilliseconds\u0022:0}}"}
10-04 19:27:56.177  3817  3881 I godot   : QUEST_COMBAT_CHUNK: {"kind":"EVENT","runId":"20261004-182729-1d1caa","recordId":43,"index":0,"count":2,"data":"{\u0022runId\u0022:\u002220261004-182729-1d1caa\u0022,\u0022trial\u0022:1,\u0022Seconds\u0022:2.0400767,\u0022Ms\u0022:18.398900000000218,\u0022Combat\u0022:{\u0022EnemyAiTicks\u0022:4,\u0022EnemyAiElapsedTicks\u0022:4955314,\u0022LineOfSightCalls\u0022:1,\u0022LineOfSightElapsedTicks\u0022:228281,\u0022MissilePoolsCreated\u0022:0,\u0022MissilePoolCreationElapsedTicks\u0022:0,\u0022PlayerDirectRaycastCalls\u0022:0,\u0022PlayerDirectRaycastElapsedTicks\u0022:0,\u0022PlayerDirectDamageCalls\u0022:0,\u0022PlayerDirectDamageElapsedTicks\u0022:0,\u0022PlayerWeaponVisualCalls\u0022:0,\u0022PlayerWeaponVisualElapsedTicks\u0022:0,\u0022WeaponLaunches\u0022:1,\u0022EnemyWeaponLaunches\u0022:1,\u0022MissileLaunches\u0022:0,\u0022Impacts\u0022:0,\u0022ActiveMissiles"}
10-04 19:27:56.177  3817  3881 I godot   : QUEST_COMBAT_CHUNK: {"kind":"EVENT","runId":"20261004-182729-1d1caa","recordId":43,"index":1,"count":2,"data":"\u0022:0,\u0022ActiveLasers\u0022:0,\u0022PlayerWorldRaycastElapsedTicks\u0022:0,\u0022PlayerMechRaycastElapsedTicks\u0022:0,\u0022WeaponEffectPoolBuilds\u0022:0,\u0022WeaponEffectPoolFallbacks\u0022:0,\u0022EnemyAiMilliseconds\u0022:4.955314,\u0022EnemyAiElapsedMs\u0022:4.955314,\u0022LineOfSightMilliseconds\u0022:0.228281,\u0022LineOfSightElapsedMs\u0022:0.228281,\u0022MissilePoolCreationMilliseconds\u0022:0,\u0022MissilePoolCreationElapsedMs\u0022:0,\u0022PlayerDirectRaycastMilliseconds\u0022:0,\u0022PlayerWorldRaycastMilliseconds\u0022:0,\u0022PlayerMechRaycastMilliseconds\u0022:0,\u0022PlayerDirectDamageMilliseconds\u0022:0,\u0022PlayerWeaponVisualMilliseconds\u0022:0}}"}
10-04 19:27:56.178  3817  3881 I godot   : QUEST_COMBAT_CHUNK: {"kind":"EVENT","runId":"20261004-182729-1d1caa","recordId":44,"index":0,"count":2,"data":"{\u0022runId\u0022:\u002220261004-182729-1d1caa\u0022,\u0022trial\u0022:1,\u0022Seconds\u0022:2.0519491,\u0022Ms\u0022:11.872399999999672,\u0022Combat\u0022:{\u0022EnemyAiTicks\u0022:4,\u0022EnemyAiElapsedTicks\u0022:2358490,\u0022LineOfSightCalls\u0022:0,\u0022LineOfSightElapsedTicks\u0022:0,\u0022MissilePoolsCreated\u0022:0,\u0022MissilePoolCreationElapsedTicks\u0022:0,\u0022PlayerDirectRaycastCalls\u0022:0,\u0022PlayerDirectRaycastElapsedTicks\u0022:0,\u0022PlayerDirectDamageCalls\u0022:0,\u0022PlayerDirectDamageElapsedTicks\u0022:0,\u0022PlayerWeaponVisualCalls\u0022:0,\u0022PlayerWeaponVisualElapsedTicks\u0022:0,\u0022WeaponLaunches\u0022:0,\u0022EnemyWeaponLaunches\u0022:0,\u0022MissileLaunches\u0022:1,\u0022Impacts\u0022:0,\u0022ActiveMissiles\u0022:1,"}
10-04 19:27:56.178  3817  3881 I godot   : QUEST_COMBAT_CHUNK: {"kind":"EVENT","runId":"20261004-182729-1d1caa","recordId":44,"index":1,"count":2,"data":"\u0022ActiveLasers\u0022:0,\u0022PlayerWorldRaycastElapsedTicks\u0022:0,\u0022PlayerMechRaycastElapsedTicks\u0022:0,\u0022WeaponEffectPoolBuilds\u0022:0,\u0022WeaponEffectPoolFallbacks\u0022:0,\u0022EnemyAiMilliseconds\u0022:2.35849,\u0022EnemyAiElapsedMs\u0022:2.35849,\u0022LineOfSightMilliseconds\u0022:0,\u0022LineOfSightElapsedMs\u0022:0,\u0022MissilePoolCreationMilliseconds\u0022:0,\u0022MissilePoolCreationElapsedMs\u0022:0,\u0022PlayerDirectRaycastMilliseconds\u0022:0,\u0022PlayerWorldRaycastMilliseconds\u0022:0,\u0022PlayerMechRaycastMilliseconds\u0022:0,\u0022PlayerDirectDamageMilliseconds\u0022:0,\u0022PlayerWeaponVisualMilliseconds\u0022:0}}"}
10-04 19:27:56.178  3817  3881 I godot   : QUEST_COMBAT_CHUNK: {"kind":"EVENT","runId":"20261004-182729-1d1caa","recordId":45,"index":0,"count":2,"data":"{\u0022runId\u0022:\u002220261004-182729-1d1caa\u0022,\u0022trial\u0022:1,\u0022Seconds\u0022:2.1035457,\u0022Ms\u0022:16.946499999999975,\u0022Combat\u0022:{\u0022EnemyAiTicks\u0022:4,\u0022EnemyAiElapsedTicks\u0022:344324,\u0022LineOfSightCalls\u0022:0,\u0022LineOfSightElapsedTicks\u0022:0,\u0022MissilePoolsCreated\u0022:0,\u0022MissilePoolCreationElapsedTicks\u0022:0,\u0022PlayerDirectRaycastCalls\u0022:0,\u0022PlayerDirectRaycastElapsedTicks\u0022:0,\u0022PlayerDirectDamageCalls\u0022:0,\u0022PlayerDirectDamageElapsedTicks\u0022:0,\u0022PlayerWeaponVisualCalls\u0022:0,\u0022PlayerWeaponVisualElapsedTicks\u0022:0,\u0022WeaponLaunches\u0022:0,\u0022EnemyWeaponLaunches\u0022:0,\u0022MissileLaunches\u0022:1,\u0022Impacts\u0022:0,\u0022ActiveMissiles\u0022:2,"}
10-04 19:27:56.178  3817  3881 I godot   : QUEST_COMBAT_CHUNK: {"kind":"EVENT","runId":"20261004-182729-1d1caa","recordId":45,"index":1,"count":2,"data":"\u0022ActiveLasers\u0022:0,\u0022PlayerWorldRaycastElapsedTicks\u0022:0,\u0022PlayerMechRaycastElapsedTicks\u0022:0,\u0022WeaponEffectPoolBuilds\u0022:0,\u0022WeaponEffectPoolFallbacks\u0022:0,\u0022EnemyAiMilliseconds\u0022:0.344324,\u0022EnemyAiElapsedMs\u0022:0.344324,\u0022LineOfSightMilliseconds\u0022:0,\u0022LineOfSightElapsedMs\u0022:0,\u0022MissilePoolCreationMilliseconds\u0022:0,\u0022MissilePoolCreationElapsedMs\u0022:0,\u0022PlayerDirectRaycastMilliseconds\u0022:0,\u0022PlayerWorldRaycastMilliseconds\u0022:0,\u0022PlayerMechRaycastMilliseconds\u0022:0,\u0022PlayerDirectDamageMilliseconds\u0022:0,\u0022PlayerWeaponVisualMilliseconds\u0022:0}}"}
10-04 19:27:56.178  3817  3881 I godot   : QUEST_COMBAT_CHUNK: {"kind":"EVENT","runId":"20261004-182729-1d1caa","recordId":46,"index":0,"count":2,"data":"{\u0022runId\u0022:\u002220261004-182729-1d1caa\u0022,\u0022trial\u0022:1,\u0022Seconds\u0022:2.1306315,\u0022Ms\u0022:13.613199999999992,\u0022Combat\u0022:{\u0022EnemyAiTicks\u0022:4,\u0022EnemyAiElapsedTicks\u0022:354583,\u0022LineOfSightCalls\u0022:0,\u0022LineOfSightElapsedTicks\u0022:0,\u0022MissilePoolsCreated\u0022:0,\u0022MissilePoolCreationElapsedTicks\u0022:0,\u0022PlayerDirectRaycastCalls\u0022:0,\u0022PlayerDirectRaycastElapsedTicks\u0022:0,\u0022PlayerDirectDamageCalls\u0022:0,\u0022PlayerDirectDamageElapsedTicks\u0022:0,\u0022PlayerWeaponVisualCalls\u0022:0,\u0022PlayerWeaponVisualElapsedTicks\u0022:0,\u0022WeaponLaunches\u0022:0,\u0022EnemyWeaponLaunches\u0022:0,\u0022MissileLaunches\u0022:1,\u0022Impacts\u0022:0,\u0022ActiveMissiles\u0022:3,"}
10-04 19:27:56.178  3817  3881 I godot   : QUEST_COMBAT_CHUNK: {"kind":"EVENT","runId":"20261004-182729-1d1caa","recordId":46,"index":1,"count":2,"data":"\u0022ActiveLasers\u0022:0,\u0022PlayerWorldRaycastElapsedTicks\u0022:0,\u0022PlayerMechRaycastElapsedTicks\u0022:0,\u0022WeaponEffectPoolBuilds\u0022:0,\u0022WeaponEffectPoolFallbacks\u0022:0,\u0022EnemyAiMilliseconds\u0022:0.354583,\u0022EnemyAiElapsedMs\u0022:0.354583,\u0022LineOfSightMilliseconds\u0022:0,\u0022LineOfSightElapsedMs\u0022:0,\u0022MissilePoolCreationMilliseconds\u0022:0,\u0022MissilePoolCreationElapsedMs\u0022:0,\u0022PlayerDirectRaycastMilliseconds\u0022:0,\u0022PlayerWorldRaycastMilliseconds\u0022:0,\u0022PlayerMechRaycastMilliseconds\u0022:0,\u0022PlayerDirectDamageMilliseconds\u0022:0,\u0022PlayerWeaponVisualMilliseconds\u0022:0}}"}
10-04 19:27:56.179  3817  3881 I godot   : QUEST_COMBAT_CHUNK: {"kind":"EVENT","runId":"20261004-182729-1d1caa","recordId":47,"index":0,"count":2,"data":"{\u0022runId\u0022:\u002220261004-182729-1d1caa\u0022,\u0022trial\u0022:1,\u0022Seconds\u0022:2.1582572,\u0022Ms\u0022:13.691800000000143,\u0022Combat\u0022:{\u0022EnemyAiTicks\u0022:4,\u0022EnemyAiElapsedTicks\u0022:365417,\u0022LineOfSightCalls\u0022:0,\u0022LineOfSightElapsedTicks\u0022:0,\u0022MissilePoolsCreated\u0022:0,\u0022MissilePoolCreationElapsedTicks\u0022:0,\u0022PlayerDirectRaycastCalls\u0022:0,\u0022PlayerDirectRaycastElapsedTicks\u0022:0,\u0022PlayerDirectDamageCalls\u0022:0,\u0022PlayerDirectDamageElapsedTicks\u0022:0,\u0022PlayerWeaponVisualCalls\u0022:0,\u0022PlayerWeaponVisualElapsedTicks\u0022:0,\u0022WeaponLaunches\u0022:0,\u0022EnemyWeaponLaunches\u0022:0,\u0022MissileLaunches\u0022:1,\u0022Impacts\u0022:0,\u0022ActiveMissiles\u0022:4,"}
10-04 19:27:56.179  3817  3881 I godot   : QUEST_COMBAT_CHUNK: {"kind":"EVENT","runId":"20261004-182729-1d1caa","recordId":47,"index":1,"count":2,"data":"\u0022ActiveLasers\u0022:0,\u0022PlayerWorldRaycastElapsedTicks\u0022:0,\u0022PlayerMechRaycastElapsedTicks\u0022:0,\u0022WeaponEffectPoolBuilds\u0022:0,\u0022WeaponEffectPoolFallbacks\u0022:0,\u0022EnemyAiMilliseconds\u0022:0.365417,\u0022EnemyAiElapsedMs\u0022:0.365417,\u0022LineOfSightMilliseconds\u0022:0,\u0022LineOfSightElapsedMs\u0022:0,\u0022MissilePoolCreationMilliseconds\u0022:0,\u0022MissilePoolCreationElapsedMs\u0022:0,\u0022PlayerDirectRaycastMilliseconds\u0022:0,\u0022PlayerWorldRaycastMilliseconds\u0022:0,\u0022PlayerMechRaycastMilliseconds\u0022:0,\u0022PlayerDirectDamageMilliseconds\u0022:0,\u0022PlayerWeaponVisualMilliseconds\u0022:0}}"}
10-04 19:27:56.179  3817  3881 I godot   : QUEST_COMBAT_CHUNK: {"kind":"EVENT","runId":"20261004-182729-1d1caa","recordId":48,"index":0,"count":2,"data":"{\u0022runId\u0022:\u002220261004-182729-1d1caa\u0022,\u0022trial\u0022:1,\u0022Seconds\u0022:2.5181502,\u0022Ms\u0022:16.9817000000001,\u0022Combat\u0022:{\u0022EnemyAiTicks\u0022:4,\u0022EnemyAiElapsedTicks\u0022:294531,\u0022LineOfSightCalls\u0022:0,\u0022LineOfSightElapsedTicks\u0022:0,\u0022MissilePoolsCreated\u0022:0,\u0022MissilePoolCreationElapsedTicks\u0022:0,\u0022PlayerDirectRaycastCalls\u0022:1,\u0022PlayerDirectRaycastElapsedTicks\u0022:1607240,\u0022PlayerDirectDamageCalls\u0022:1,\u0022PlayerDirectDamageElapsedTicks\u0022:88125,\u0022PlayerWeaponVisualCalls\u0022:1,\u0022PlayerWeaponVisualElapsedTicks\u0022:128437,\u0022WeaponLaunches\u0022:1,\u0022EnemyWeaponLaunches\u0022:0,\u0022MissileLaunches\u0022:0,\u0022Impacts\u0022:1,\u0022ActiveMissi"}
10-04 19:27:56.179  3817  3881 I godot   : QUEST_COMBAT_CHUNK: {"kind":"EVENT","runId":"20261004-182729-1d1caa","recordId":48,"index":1,"count":2,"data":"les\u0022:4,\u0022ActiveLasers\u0022:3,\u0022PlayerWorldRaycastElapsedTicks\u0022:989375,\u0022PlayerMechRaycastElapsedTicks\u0022:613698,\u0022WeaponEffectPoolBuilds\u0022:0,\u0022WeaponEffectPoolFallbacks\u0022:0,\u0022EnemyAiMilliseconds\u0022:0.294531,\u0022EnemyAiElapsedMs\u0022:0.294531,\u0022LineOfSightMilliseconds\u0022:0,\u0022LineOfSightElapsedMs\u0022:0,\u0022MissilePoolCreationMilliseconds\u0022:0,\u0022MissilePoolCreationElapsedMs\u0022:0,\u0022PlayerDirectRaycastMilliseconds\u0022:1.60724,\u0022PlayerWorldRaycastMilliseconds\u0022:0.989375,\u0022PlayerMechRaycastMilliseconds\u0022:0.613698,\u0022PlayerDirectDamageMilliseconds\u0022:0.088125,\u0022PlayerWeaponVisualMilliseconds\u0022:0.128437}}"}
10-04 19:27:56.179  3817  3881 I godot   : QUEST_COMBAT_CHUNK: {"kind":"EVENT","runId":"20261004-182729-1d1caa","recordId":49,"index":0,"count":2,"data":"{\u0022runId\u0022:\u002220261004-182729-1d1caa\u0022,\u0022trial\u0022:1,\u0022Seconds\u0022:2.7022934,\u0022Ms\u0022:18.772799999999812,\u0022Combat\u0022:{\u0022EnemyAiTicks\u0022:4,\u0022EnemyAiElapsedTicks\u0022:251146,\u0022LineOfSightCalls\u0022:0,\u0022LineOfSightElapsedTicks\u0022:0,\u0022MissilePoolsCreated\u0022:0,\u0022MissilePoolCreationElapsedTicks\u0022:0,\u0022PlayerDirectRaycastCalls\u0022:0,\u0022PlayerDirectRaycastElapsedTicks\u0022:0,\u0022PlayerDirectDamageCalls\u0022:0,\u0022PlayerDirectDamageElapsedTicks\u0022:0,\u0022PlayerWeaponVisualCalls\u0022:0,\u0022PlayerWeaponVisualElapsedTicks\u0022:0,\u0022WeaponLaunches\u0022:0,\u0022EnemyWeaponLaunches\u0022:0,\u0022MissileLaunches\u0022:0,\u0022Impacts\u0022:1,\u0022ActiveMissiles\u0022:4,"}
10-04 19:27:56.179  3817  3881 I godot   : QUEST_COMBAT_CHUNK: {"kind":"EVENT","runId":"20261004-182729-1d1caa","recordId":49,"index":1,"count":2,"data":"\u0022ActiveLasers\u0022:3,\u0022PlayerWorldRaycastElapsedTicks\u0022:0,\u0022PlayerMechRaycastElapsedTicks\u0022:0,\u0022WeaponEffectPoolBuilds\u0022:0,\u0022WeaponEffectPoolFallbacks\u0022:0,\u0022EnemyAiMilliseconds\u0022:0.251146,\u0022EnemyAiElapsedMs\u0022:0.251146,\u0022LineOfSightMilliseconds\u0022:0,\u0022LineOfSightElapsedMs\u0022:0,\u0022MissilePoolCreationMilliseconds\u0022:0,\u0022MissilePoolCreationElapsedMs\u0022:0,\u0022PlayerDirectRaycastMilliseconds\u0022:0,\u0022PlayerWorldRaycastMilliseconds\u0022:0,\u0022PlayerMechRaycastMilliseconds\u0022:0,\u0022PlayerDirectDamageMilliseconds\u0022:0,\u0022PlayerWeaponVisualMilliseconds\u0022:0}}"}
10-04 19:27:56.179  3817  3881 I godot   : QUEST_COMBAT_CHUNK: {"kind":"EVENT","runId":"20261004-182729-1d1caa","recordId":50,"index":0,"count":2,"data":"{\u0022runId\u0022:\u002220261004-182729-1d1caa\u0022,\u0022trial\u0022:1,\u0022Seconds\u0022:4.521463,\u0022Ms\u0022:10.48619999999989,\u0022Combat\u0022:{\u0022EnemyAiTicks\u0022:0,\u0022EnemyAiElapsedTicks\u0022:0,\u0022LineOfSightCalls\u0022:0,\u0022LineOfSightElapsedTicks\u0022:0,\u0022MissilePoolsCreated\u0022:0,\u0022MissilePoolCreationElapsedTicks\u0022:0,\u0022PlayerDirectRaycastCalls\u0022:1,\u0022PlayerDirectRaycastElapsedTicks\u0022:1324584,\u0022PlayerDirectDamageCalls\u0022:1,\u0022PlayerDirectDamageElapsedTicks\u0022:86094,\u0022PlayerWeaponVisualCalls\u0022:1,\u0022PlayerWeaponVisualElapsedTicks\u0022:143541,\u0022WeaponLaunches\u0022:1,\u0022EnemyWeaponLaunches\u0022:0,\u0022MissileLaunches\u0022:0,\u0022Impacts\u0022:1,\u0022ActiveMissiles"}
10-04 19:27:56.180  3817  3881 I godot   : QUEST_COMBAT_CHUNK: {"kind":"EVENT","runId":"20261004-182729-1d1caa","recordId":50,"index":1,"count":2,"data":"\u0022:3,\u0022ActiveLasers\u0022:3,\u0022PlayerWorldRaycastElapsedTicks\u0022:846354,\u0022PlayerMechRaycastElapsedTicks\u0022:474167,\u0022WeaponEffectPoolBuilds\u0022:0,\u0022WeaponEffectPoolFallbacks\u0022:0,\u0022EnemyAiMilliseconds\u0022:0,\u0022EnemyAiElapsedMs\u0022:0,\u0022LineOfSightMilliseconds\u0022:0,\u0022LineOfSightElapsedMs\u0022:0,\u0022MissilePoolCreationMilliseconds\u0022:0,\u0022MissilePoolCreationElapsedMs\u0022:0,\u0022PlayerDirectRaycastMilliseconds\u0022:1.324584,\u0022PlayerWorldRaycastMilliseconds\u0022:0.846354,\u0022PlayerMechRaycastMilliseconds\u0022:0.474167,\u0022PlayerDirectDamageMilliseconds\u0022:0.086094,\u0022PlayerWeaponVisualMilliseconds\u0022:0.143541}}"}
10-04 19:27:56.180  3817  3881 I godot   : QUEST_COMBAT_CHUNK: {"kind":"EVENT","runId":"20261004-182729-1d1caa","recordId":51,"index":0,"count":2,"data":"{\u0022runId\u0022:\u002220261004-182729-1d1caa\u0022,\u0022trial\u0022:1,\u0022Seconds\u0022:4.6876489,\u0022Ms\u0022:14.884499999999967,\u0022Combat\u0022:{\u0022EnemyAiTicks\u0022:4,\u0022EnemyAiElapsedTicks\u0022:376666,\u0022LineOfSightCalls\u0022:0,\u0022LineOfSightElapsedTicks\u0022:0,\u0022MissilePoolsCreated\u0022:0,\u0022MissilePoolCreationElapsedTicks\u0022:0,\u0022PlayerDirectRaycastCalls\u0022:0,\u0022PlayerDirectRaycastElapsedTicks\u0022:0,\u0022PlayerDirectDamageCalls\u0022:0,\u0022PlayerDirectDamageElapsedTicks\u0022:0,\u0022PlayerWeaponVisualCalls\u0022:0,\u0022PlayerWeaponVisualElapsedTicks\u0022:0,\u0022WeaponLaunches\u0022:0,\u0022EnemyWeaponLaunches\u0022:0,\u0022MissileLaunches\u0022:0,\u0022Impacts\u0022:1,\u0022ActiveMissiles\u0022:3,"}
10-04 19:27:56.180  3817  3881 I godot   : QUEST_COMBAT_CHUNK: {"kind":"EVENT","runId":"20261004-182729-1d1caa","recordId":51,"index":1,"count":2,"data":"\u0022ActiveLasers\u0022:3,\u0022PlayerWorldRaycastElapsedTicks\u0022:0,\u0022PlayerMechRaycastElapsedTicks\u0022:0,\u0022WeaponEffectPoolBuilds\u0022:0,\u0022WeaponEffectPoolFallbacks\u0022:0,\u0022EnemyAiMilliseconds\u0022:0.376666,\u0022EnemyAiElapsedMs\u0022:0.376666,\u0022LineOfSightMilliseconds\u0022:0,\u0022LineOfSightElapsedMs\u0022:0,\u0022MissilePoolCreationMilliseconds\u0022:0,\u0022MissilePoolCreationElapsedMs\u0022:0,\u0022PlayerDirectRaycastMilliseconds\u0022:0,\u0022PlayerWorldRaycastMilliseconds\u0022:0,\u0022PlayerMechRaycastMilliseconds\u0022:0,\u0022PlayerDirectDamageMilliseconds\u0022:0,\u0022PlayerWeaponVisualMilliseconds\u0022:0}}"}
10-04 19:27:56.180  3817  3881 I godot   : QUEST_COMBAT_CHUNK: {"kind":"EVENT","runId":"20261004-182729-1d1caa","recordId":52,"index":0,"count":2,"data":"{\u0022runId\u0022:\u002220261004-182729-1d1caa\u0022,\u0022trial\u0022:1,\u0022Seconds\u0022:4.8171475,\u0022Ms\u0022:14.548200000000122,\u0022Combat\u0022:{\u0022EnemyAiTicks\u0022:4,\u0022EnemyAiElapsedTicks\u0022:352761,\u0022LineOfSightCalls\u0022:0,\u0022LineOfSightElapsedTicks\u0022:0,\u0022MissilePoolsCreated\u0022:0,\u0022MissilePoolCreationElapsedTicks\u0022:0,\u0022PlayerDirectRaycastCalls\u0022:0,\u0022PlayerDirectRaycastElapsedTicks\u0022:0,\u0022PlayerDirectDamageCalls\u0022:0,\u0022PlayerDirectDamageElapsedTicks\u0022:0,\u0022PlayerWeaponVisualCalls\u0022:0,\u0022PlayerWeaponVisualElapsedTicks\u0022:0,\u0022WeaponLaunches\u0022:0,\u0022EnemyWeaponLaunches\u0022:0,\u0022MissileLaunches\u0022:0,\u0022Impacts\u0022:1,\u0022ActiveMissiles\u0022:3,"}
10-04 19:27:56.180  3817  3881 I godot   : QUEST_COMBAT_CHUNK: {"kind":"EVENT","runId":"20261004-182729-1d1caa","recordId":52,"index":1,"count":2,"data":"\u0022ActiveLasers\u0022:3,\u0022PlayerWorldRaycastElapsedTicks\u0022:0,\u0022PlayerMechRaycastElapsedTicks\u0022:0,\u0022WeaponEffectPoolBuilds\u0022:0,\u0022WeaponEffectPoolFallbacks\u0022:0,\u0022EnemyAiMilliseconds\u0022:0.352761,\u0022EnemyAiElapsedMs\u0022:0.352761,\u0022LineOfSightMilliseconds\u0022:0,\u0022LineOfSightElapsedMs\u0022:0,\u0022MissilePoolCreationMilliseconds\u0022:0,\u0022MissilePoolCreationElapsedMs\u0022:0,\u0022PlayerDirectRaycastMilliseconds\u0022:0,\u0022PlayerWorldRaycastMilliseconds\u0022:0,\u0022PlayerMechRaycastMilliseconds\u0022:0,\u0022PlayerDirectDamageMilliseconds\u0022:0,\u0022PlayerWeaponVisualMilliseconds\u0022:0}}"}
10-04 19:27:56.180  3817  3881 I godot   : QUEST_COMBAT_CHUNK: {"kind":"EVENT","runId":"20261004-182729-1d1caa","recordId":53,"index":0,"count":2,"data":"{\u0022runId\u0022:\u002220261004-182729-1d1caa\u0022,\u0022trial\u0022:1,\u0022Seconds\u0022:4.9430347,\u0022Ms\u0022:14.037000000000077,\u0022Combat\u0022:{\u0022EnemyAiTicks\u0022:4,\u0022EnemyAiElapsedTicks\u0022:505261,\u0022LineOfSightCalls\u0022:0,\u0022LineOfSightElapsedTicks\u0022:0,\u0022MissilePoolsCreated\u0022:0,\u0022MissilePoolCreationElapsedTicks\u0022:0,\u0022PlayerDirectRaycastCalls\u0022:0,\u0022PlayerDirectRaycastElapsedTicks\u0022:0,\u0022PlayerDirectDamageCalls\u0022:0,\u0022PlayerDirectDamageElapsedTicks\u0022:0,\u0022PlayerWeaponVisualCalls\u0022:0,\u0022PlayerWeaponVisualElapsedTicks\u0022:0,\u0022WeaponLaunches\u0022:0,\u0022EnemyWeaponLaunches\u0022:0,\u0022MissileLaunches\u0022:0,\u0022Impacts\u0022:1,\u0022ActiveMissiles\u0022:3,"}
10-04 19:27:56.180  3817  3881 I godot   : QUEST_COMBAT_CHUNK: {"kind":"EVENT","runId":"20261004-182729-1d1caa","recordId":53,"index":1,"count":2,"data":"\u0022ActiveLasers\u0022:3,\u0022PlayerWorldRaycastElapsedTicks\u0022:0,\u0022PlayerMechRaycastElapsedTicks\u0022:0,\u0022WeaponEffectPoolBuilds\u0022:0,\u0022WeaponEffectPoolFallbacks\u0022:0,\u0022EnemyAiMilliseconds\u0022:0.505261,\u0022EnemyAiElapsedMs\u0022:0.505261,\u0022LineOfSightMilliseconds\u0022:0,\u0022LineOfSightElapsedMs\u0022:0,\u0022MissilePoolCreationMilliseconds\u0022:0,\u0022MissilePoolCreationElapsedMs\u0022:0,\u0022PlayerDirectRaycastMilliseconds\u0022:0,\u0022PlayerWorldRaycastMilliseconds\u0022:0,\u0022PlayerMechRaycastMilliseconds\u0022:0,\u0022PlayerDirectDamageMilliseconds\u0022:0,\u0022PlayerWeaponVisualMilliseconds\u0022:0}}"}
10-04 19:27:56.181  3817  3881 I godot   : QUEST_COMBAT_CHUNK: {"kind":"EVENT","runId":"20261004-182729-1d1caa","recordId":54,"index":0,"count":2,"data":"{\u0022runId\u0022:\u002220261004-182729-1d1caa\u0022,\u0022trial\u0022:1,\u0022Seconds\u0022:5.0416346,\u0022Ms\u0022:16.379900000000447,\u0022Combat\u0022:{\u0022EnemyAiTicks\u0022:4,\u0022EnemyAiElapsedTicks\u0022:2634114,\u0022LineOfSightCalls\u0022:1,\u0022LineOfSightElapsedTicks\u0022:199948,\u0022MissilePoolsCreated\u0022:0,\u0022MissilePoolCreationElapsedTicks\u0022:0,\u0022PlayerDirectRaycastCalls\u0022:0,\u0022PlayerDirectRaycastElapsedTicks\u0022:0,\u0022PlayerDirectDamageCalls\u0022:0,\u0022PlayerDirectDamageElapsedTicks\u0022:0,\u0022PlayerWeaponVisualCalls\u0022:0,\u0022PlayerWeaponVisualElapsedTicks\u0022:0,\u0022WeaponLaunches\u0022:1,\u0022EnemyWeaponLaunches\u0022:1,\u0022MissileLaunches\u0022:0,\u0022Impacts\u0022:1,\u0022ActiveMissiles"}
10-04 19:27:56.181  3817  3881 I godot   : QUEST_COMBAT_CHUNK: {"kind":"EVENT","runId":"20261004-182729-1d1caa","recordId":54,"index":1,"count":2,"data":"\u0022:3,\u0022ActiveLasers\u0022:6,\u0022PlayerWorldRaycastElapsedTicks\u0022:0,\u0022PlayerMechRaycastElapsedTicks\u0022:0,\u0022WeaponEffectPoolBuilds\u0022:0,\u0022WeaponEffectPoolFallbacks\u0022:0,\u0022EnemyAiMilliseconds\u0022:2.634114,\u0022EnemyAiElapsedMs\u0022:2.634114,\u0022LineOfSightMilliseconds\u0022:0.199948,\u0022LineOfSightElapsedMs\u0022:0.199948,\u0022MissilePoolCreationMilliseconds\u0022:0,\u0022MissilePoolCreationElapsedMs\u0022:0,\u0022PlayerDirectRaycastMilliseconds\u0022:0,\u0022PlayerWorldRaycastMilliseconds\u0022:0,\u0022PlayerMechRaycastMilliseconds\u0022:0,\u0022PlayerDirectDamageMilliseconds\u0022:0,\u0022PlayerWeaponVisualMilliseconds\u0022:0}}"}
10-04 19:27:56.181  3817  3881 I godot   : QUEST_COMBAT_CHUNK: {"kind":"EVENT","runId":"20261004-182729-1d1caa","recordId":55,"index":0,"count":2,"data":"{\u0022runId\u0022:\u002220261004-182729-1d1caa\u0022,\u0022trial\u0022:1,\u0022Seconds\u0022:6.0713313,\u0022Ms\u0022:14.547099999999702,\u0022Combat\u0022:{\u0022EnemyAiTicks\u0022:4,\u0022EnemyAiElapsedTicks\u0022:1450624,\u0022LineOfSightCalls\u0022:1,\u0022LineOfSightElapsedTicks\u0022:274740,\u0022MissilePoolsCreated\u0022:0,\u0022MissilePoolCreationElapsedTicks\u0022:0,\u0022PlayerDirectRaycastCalls\u0022:0,\u0022PlayerDirectRaycastElapsedTicks\u0022:0,\u0022PlayerDirectDamageCalls\u0022:0,\u0022PlayerDirectDamageElapsedTicks\u0022:0,\u0022PlayerWeaponVisualCalls\u0022:0,\u0022PlayerWeaponVisualElapsedTicks\u0022:0,\u0022WeaponLaunches\u0022:1,\u0022EnemyWeaponLaunches\u0022:1,\u0022MissileLaunches\u0022:0,\u0022Impacts\u0022:0,\u0022ActiveMissiles"}
10-04 19:27:56.181  3817  3881 I godot   : QUEST_COMBAT_CHUNK: {"kind":"EVENT","runId":"20261004-182729-1d1caa","recordId":55,"index":1,"count":2,"data":"\u0022:2,\u0022ActiveLasers\u0022:0,\u0022PlayerWorldRaycastElapsedTicks\u0022:0,\u0022PlayerMechRaycastElapsedTicks\u0022:0,\u0022WeaponEffectPoolBuilds\u0022:0,\u0022WeaponEffectPoolFallbacks\u0022:0,\u0022EnemyAiMilliseconds\u0022:1.450624,\u0022EnemyAiElapsedMs\u0022:1.450624,\u0022LineOfSightMilliseconds\u0022:0.27474,\u0022LineOfSightElapsedMs\u0022:0.27474,\u0022MissilePoolCreationMilliseconds\u0022:0,\u0022MissilePoolCreationElapsedMs\u0022:0,\u0022PlayerDirectRaycastMilliseconds\u0022:0,\u0022PlayerWorldRaycastMilliseconds\u0022:0,\u0022PlayerMechRaycastMilliseconds\u0022:0,\u0022PlayerDirectDamageMilliseconds\u0022:0,\u0022PlayerWeaponVisualMilliseconds\u0022:0}}"}
10-04 19:27:56.181  3817  3881 I godot   : QUEST_COMBAT_CHUNK: {"kind":"EVENT","runId":"20261004-182729-1d1caa","recordId":56,"index":0,"count":2,"data":"{\u0022runId\u0022:\u002220261004-182729-1d1caa\u0022,\u0022trial\u0022:1,\u0022Seconds\u0022:6.0842894,\u0022Ms\u0022:12.958100000000528,\u0022Combat\u0022:{\u0022EnemyAiTicks\u0022:4,\u0022EnemyAiElapsedTicks\u0022:414064,\u0022LineOfSightCalls\u0022:0,\u0022LineOfSightElapsedTicks\u0022:0,\u0022MissilePoolsCreated\u0022:0,\u0022MissilePoolCreationElapsedTicks\u0022:0,\u0022PlayerDirectRaycastCalls\u0022:0,\u0022PlayerDirectRaycastElapsedTicks\u0022:0,\u0022PlayerDirectDamageCalls\u0022:0,\u0022PlayerDirectDamageElapsedTicks\u0022:0,\u0022PlayerWeaponVisualCalls\u0022:0,\u0022PlayerWeaponVisualElapsedTicks\u0022:0,\u0022WeaponLaunches\u0022:0,\u0022EnemyWeaponLaunches\u0022:0,\u0022MissileLaunches\u0022:1,\u0022Impacts\u0022:0,\u0022ActiveMissiles\u0022:3,"}
10-04 19:27:56.181  3817  3881 I godot   : QUEST_COMBAT_CHUNK: {"kind":"EVENT","runId":"20261004-182729-1d1caa","recordId":56,"index":1,"count":2,"data":"\u0022ActiveLasers\u0022:0,\u0022PlayerWorldRaycastElapsedTicks\u0022:0,\u0022PlayerMechRaycastElapsedTicks\u0022:0,\u0022WeaponEffectPoolBuilds\u0022:0,\u0022WeaponEffectPoolFallbacks\u0022:0,\u0022EnemyAiMilliseconds\u0022:0.414064,\u0022EnemyAiElapsedMs\u0022:0.414064,\u0022LineOfSightMilliseconds\u0022:0,\u0022LineOfSightElapsedMs\u0022:0,\u0022MissilePoolCreationMilliseconds\u0022:0,\u0022MissilePoolCreationElapsedMs\u0022:0,\u0022PlayerDirectRaycastMilliseconds\u0022:0,\u0022PlayerWorldRaycastMilliseconds\u0022:0,\u0022PlayerMechRaycastMilliseconds\u0022:0,\u0022PlayerDirectDamageMilliseconds\u0022:0,\u0022PlayerWeaponVisualMilliseconds\u0022:0}}"}
10-04 19:27:56.182  3817  3881 I godot   : QUEST_COMBAT_CHUNK: {"kind":"EVENT","runId":"20261004-182729-1d1caa","recordId":57,"index":0,"count":2,"data":"{\u0022runId\u0022:\u002220261004-182729-1d1caa\u0022,\u0022trial\u0022:1,\u0022Seconds\u0022:6.111493,\u0022Ms\u0022:13.846100000000305,\u0022Combat\u0022:{\u0022EnemyAiTicks\u0022:4,\u0022EnemyAiElapsedTicks\u0022:463439,\u0022LineOfSightCalls\u0022:0,\u0022LineOfSightElapsedTicks\u0022:0,\u0022MissilePoolsCreated\u0022:0,\u0022MissilePoolCreationElapsedTicks\u0022:0,\u0022PlayerDirectRaycastCalls\u0022:0,\u0022PlayerDirectRaycastElapsedTicks\u0022:0,\u0022PlayerDirectDamageCalls\u0022:0,\u0022PlayerDirectDamageElapsedTicks\u0022:0,\u0022PlayerWeaponVisualCalls\u0022:0,\u0022PlayerWeaponVisualElapsedTicks\u0022:0,\u0022WeaponLaunches\u0022:0,\u0022EnemyWeaponLaunches\u0022:0,\u0022MissileLaunches\u0022:1,\u0022Impacts\u0022:0,\u0022ActiveMissiles\u0022:4,"}
10-04 19:27:56.182  3817  3881 I godot   : QUEST_COMBAT_CHUNK: {"kind":"EVENT","runId":"20261004-182729-1d1caa","recordId":57,"index":1,"count":2,"data":"\u0022ActiveLasers\u0022:0,\u0022PlayerWorldRaycastElapsedTicks\u0022:0,\u0022PlayerMechRaycastElapsedTicks\u0022:0,\u0022WeaponEffectPoolBuilds\u0022:0,\u0022WeaponEffectPoolFallbacks\u0022:0,\u0022EnemyAiMilliseconds\u0022:0.463439,\u0022EnemyAiElapsedMs\u0022:0.463439,\u0022LineOfSightMilliseconds\u0022:0,\u0022LineOfSightElapsedMs\u0022:0,\u0022MissilePoolCreationMilliseconds\u0022:0,\u0022MissilePoolCreationElapsedMs\u0022:0,\u0022PlayerDirectRaycastMilliseconds\u0022:0,\u0022PlayerWorldRaycastMilliseconds\u0022:0,\u0022PlayerMechRaycastMilliseconds\u0022:0,\u0022PlayerDirectDamageMilliseconds\u0022:0,\u0022PlayerWeaponVisualMilliseconds\u0022:0}}"}
10-04 19:27:56.182  3817  3881 I godot   : QUEST_COMBAT_CHUNK: {"kind":"EVENT","runId":"20261004-182729-1d1caa","recordId":58,"index":0,"count":2,"data":"{\u0022runId\u0022:\u002220261004-182729-1d1caa\u0022,\u0022trial\u0022:1,\u0022Seconds\u0022:6.1522198,\u0022Ms\u0022:13.70460000000051,\u0022Combat\u0022:{\u0022EnemyAiTicks\u0022:4,\u0022EnemyAiElapsedTicks\u0022:409010,\u0022LineOfSightCalls\u0022:0,\u0022LineOfSightElapsedTicks\u0022:0,\u0022MissilePoolsCreated\u0022:0,\u0022MissilePoolCreationElapsedTicks\u0022:0,\u0022PlayerDirectRaycastCalls\u0022:0,\u0022PlayerDirectRaycastElapsedTicks\u0022:0,\u0022PlayerDirectDamageCalls\u0022:0,\u0022PlayerDirectDamageElapsedTicks\u0022:0,\u0022PlayerWeaponVisualCalls\u0022:0,\u0022PlayerWeaponVisualElapsedTicks\u0022:0,\u0022WeaponLaunches\u0022:0,\u0022EnemyWeaponLaunches\u0022:0,\u0022MissileLaunches\u0022:1,\u0022Impacts\u0022:0,\u0022ActiveMissiles\u0022:5,"}
10-04 19:27:56.182  3817  3881 I godot   : QUEST_COMBAT_CHUNK: {"kind":"EVENT","runId":"20261004-182729-1d1caa","recordId":58,"index":1,"count":2,"data":"\u0022ActiveLasers\u0022:0,\u0022PlayerWorldRaycastElapsedTicks\u0022:0,\u0022PlayerMechRaycastElapsedTicks\u0022:0,\u0022WeaponEffectPoolBuilds\u0022:0,\u0022WeaponEffectPoolFallbacks\u0022:0,\u0022EnemyAiMilliseconds\u0022:0.40901,\u0022EnemyAiElapsedMs\u0022:0.40901,\u0022LineOfSightMilliseconds\u0022:0,\u0022LineOfSightElapsedMs\u0022:0,\u0022MissilePoolCreationMilliseconds\u0022:0,\u0022MissilePoolCreationElapsedMs\u0022:0,\u0022PlayerDirectRaycastMilliseconds\u0022:0,\u0022PlayerWorldRaycastMilliseconds\u0022:0,\u0022PlayerMechRaycastMilliseconds\u0022:0,\u0022PlayerDirectDamageMilliseconds\u0022:0,\u0022PlayerWeaponVisualMilliseconds\u0022:0}}"}
10-04 19:27:56.182  3817  3881 I godot   : QUEST_COMBAT_CHUNK: {"kind":"EVENT","runId":"20261004-182729-1d1caa","recordId":59,"index":0,"count":2,"data":"{\u0022runId\u0022:\u002220261004-182729-1d1caa\u0022,\u0022trial\u0022:1,\u0022Seconds\u0022:6.1797954,\u0022Ms\u0022:14.021099999999898,\u0022Combat\u0022:{\u0022EnemyAiTicks\u0022:4,\u0022EnemyAiElapsedTicks\u0022:450833,\u0022LineOfSightCalls\u0022:0,\u0022LineOfSightElapsedTicks\u0022:0,\u0022MissilePoolsCreated\u0022:0,\u0022MissilePoolCreationElapsedTicks\u0022:0,\u0022PlayerDirectRaycastCalls\u0022:0,\u0022PlayerDirectRaycastElapsedTicks\u0022:0,\u0022PlayerDirectDamageCalls\u0022:0,\u0022PlayerDirectDamageElapsedTicks\u0022:0,\u0022PlayerWeaponVisualCalls\u0022:0,\u0022PlayerWeaponVisualElapsedTicks\u0022:0,\u0022WeaponLaunches\u0022:0,\u0022EnemyWeaponLaunches\u0022:0,\u0022MissileLaunches\u0022:1,\u0022Impacts\u0022:0,\u0022ActiveMissiles\u0022:5,"}
10-04 19:27:56.182  3817  3881 I godot   : QUEST_COMBAT_CHUNK: {"kind":"EVENT","runId":"20261004-182729-1d1caa","recordId":59,"index":1,"count":2,"data":"\u0022ActiveLasers\u0022:0,\u0022PlayerWorldRaycastElapsedTicks\u0022:0,\u0022PlayerMechRaycastElapsedTicks\u0022:0,\u0022WeaponEffectPoolBuilds\u0022:0,\u0022WeaponEffectPoolFallbacks\u0022:0,\u0022EnemyAiMilliseconds\u0022:0.450833,\u0022EnemyAiElapsedMs\u0022:0.450833,\u0022LineOfSightMilliseconds\u0022:0,\u0022LineOfSightElapsedMs\u0022:0,\u0022MissilePoolCreationMilliseconds\u0022:0,\u0022MissilePoolCreationElapsedMs\u0022:0,\u0022PlayerDirectRaycastMilliseconds\u0022:0,\u0022PlayerWorldRaycastMilliseconds\u0022:0,\u0022PlayerMechRaycastMilliseconds\u0022:0,\u0022PlayerDirectDamageMilliseconds\u0022:0,\u0022PlayerWeaponVisualMilliseconds\u0022:0}}"}
10-04 19:27:56.182  3817  3881 I godot   : QUEST_COMBAT_CHUNK: {"kind":"EVENT","runId":"20261004-182729-1d1caa","recordId":60,"index":0,"count":2,"data":"{\u0022runId\u0022:\u002220261004-182729-1d1caa\u0022,\u0022trial\u0022:1,\u0022Seconds\u0022:6.5265875,\u0022Ms\u0022:13.34079999999993,\u0022Combat\u0022:{\u0022EnemyAiTicks\u0022:4,\u0022EnemyAiElapsedTicks\u0022:348438,\u0022LineOfSightCalls\u0022:0,\u0022LineOfSightElapsedTicks\u0022:0,\u0022MissilePoolsCreated\u0022:0,\u0022MissilePoolCreationElapsedTicks\u0022:0,\u0022PlayerDirectRaycastCalls\u0022:1,\u0022PlayerDirectRaycastElapsedTicks\u0022:1468542,\u0022PlayerDirectDamageCalls\u0022:1,\u0022PlayerDirectDamageElapsedTicks\u0022:84166,\u0022PlayerWeaponVisualCalls\u0022:1,\u0022PlayerWeaponVisualElapsedTicks\u0022:117760,\u0022WeaponLaunches\u0022:1,\u0022EnemyWeaponLaunches\u0022:0,\u0022MissileLaunches\u0022:0,\u0022Impacts\u0022:1,\u0022ActiveMiss"}
10-04 19:27:56.182  3817  3881 I godot   : QUEST_COMBAT_CHUNK: {"kind":"EVENT","runId":"20261004-182729-1d1caa","recordId":60,"index":1,"count":2,"data":"iles\u0022:4,\u0022ActiveLasers\u0022:3,\u0022PlayerWorldRaycastElapsedTicks\u0022:876406,\u0022PlayerMechRaycastElapsedTicks\u0022:587969,\u0022WeaponEffectPoolBuilds\u0022:0,\u0022WeaponEffectPoolFallbacks\u0022:0,\u0022EnemyAiMilliseconds\u0022:0.348438,\u0022EnemyAiElapsedMs\u0022:0.348438,\u0022LineOfSightMilliseconds\u0022:0,\u0022LineOfSightElapsedMs\u0022:0,\u0022MissilePoolCreationMilliseconds\u0022:0,\u0022MissilePoolCreationElapsedMs\u0022:0,\u0022PlayerDirectRaycastMilliseconds\u0022:1.468542,\u0022PlayerWorldRaycastMilliseconds\u0022:0.876406,\u0022PlayerMechRaycastMilliseconds\u0022:0.587969,\u0022PlayerDirectDamageMilliseconds\u0022:0.084166,\u0022PlayerWeaponVisualMilliseconds\u0022:0.11776}}"}
10-04 19:27:56.183  3817  3881 I godot   : QUEST_COMBAT_CHUNK: {"kind":"EVENT","runId":"20261004-182729-1d1caa","recordId":61,"index":0,"count":2,"data":"{\u0022runId\u0022:\u002220261004-182729-1d1caa\u0022,\u0022trial\u0022:1,\u0022Seconds\u0022:8.5248492,\u0022Ms\u0022:11.735500000000343,\u0022Combat\u0022:{\u0022EnemyAiTicks\u0022:0,\u0022EnemyAiElapsedTicks\u0022:0,\u0022LineOfSightCalls\u0022:0,\u0022LineOfSightElapsedTicks\u0022:0,\u0022MissilePoolsCreated\u0022:0,\u0022MissilePoolCreationElapsedTicks\u0022:0,\u0022PlayerDirectRaycastCalls\u0022:0,\u0022PlayerDirectRaycastElapsedTicks\u0022:0,\u0022PlayerDirectDamageCalls\u0022:0,\u0022PlayerDirectDamageElapsedTicks\u0022:0,\u0022PlayerWeaponVisualCalls\u0022:0,\u0022PlayerWeaponVisualElapsedTicks\u0022:0,\u0022WeaponLaunches\u0022:1,\u0022EnemyWeaponLaunches\u0022:0,\u0022MissileLaunches\u0022:1,\u0022Impacts\u0022:0,\u0022ActiveMissiles\u0022:5,\u0022"}
10-04 19:27:56.183  3817  3881 I godot   : QUEST_COMBAT_CHUNK: {"kind":"EVENT","runId":"20261004-182729-1d1caa","recordId":61,"index":1,"count":2,"data":"ActiveLasers\u0022:0,\u0022PlayerWorldRaycastElapsedTicks\u0022:0,\u0022PlayerMechRaycastElapsedTicks\u0022:0,\u0022WeaponEffectPoolBuilds\u0022:0,\u0022WeaponEffectPoolFallbacks\u0022:0,\u0022EnemyAiMilliseconds\u0022:0,\u0022EnemyAiElapsedMs\u0022:0,\u0022LineOfSightMilliseconds\u0022:0,\u0022LineOfSightElapsedMs\u0022:0,\u0022MissilePoolCreationMilliseconds\u0022:0,\u0022MissilePoolCreationElapsedMs\u0022:0,\u0022PlayerDirectRaycastMilliseconds\u0022:0,\u0022PlayerWorldRaycastMilliseconds\u0022:0,\u0022PlayerMechRaycastMilliseconds\u0022:0,\u0022PlayerDirectDamageMilliseconds\u0022:0,\u0022PlayerWeaponVisualMilliseconds\u0022:0}}"}
10-04 19:27:56.183  3817  3881 I godot   : QUEST_COMBAT_CHUNK: {"kind":"EVENT","runId":"20261004-182729-1d1caa","recordId":62,"index":0,"count":2,"data":"{\u0022runId\u0022:\u002220261004-182729-1d1caa\u0022,\u0022trial\u0022:1,\u0022Seconds\u0022:8.5745334,\u0022Ms\u0022:15.8264999999993,\u0022Combat\u0022:{\u0022EnemyAiTicks\u0022:4,\u0022EnemyAiElapsedTicks\u0022:608647,\u0022LineOfSightCalls\u0022:0,\u0022LineOfSightElapsedTicks\u0022:0,\u0022MissilePoolsCreated\u0022:0,\u0022MissilePoolCreationElapsedTicks\u0022:0,\u0022PlayerDirectRaycastCalls\u0022:0,\u0022PlayerDirectRaycastElapsedTicks\u0022:0,\u0022PlayerDirectDamageCalls\u0022:0,\u0022PlayerDirectDamageElapsedTicks\u0022:0,\u0022PlayerWeaponVisualCalls\u0022:0,\u0022PlayerWeaponVisualElapsedTicks\u0022:0,\u0022WeaponLaunches\u0022:0,\u0022EnemyWeaponLaunches\u0022:0,\u0022MissileLaunches\u0022:1,\u0022Impacts\u0022:0,\u0022ActiveMissiles\u0022:6,"}
10-04 19:27:56.183  3817  3881 I godot   : QUEST_COMBAT_CHUNK: {"kind":"EVENT","runId":"20261004-182729-1d1caa","recordId":62,"index":1,"count":2,"data":"\u0022ActiveLasers\u0022:0,\u0022PlayerWorldRaycastElapsedTicks\u0022:0,\u0022PlayerMechRaycastElapsedTicks\u0022:0,\u0022WeaponEffectPoolBuilds\u0022:0,\u0022WeaponEffectPoolFallbacks\u0022:0,\u0022EnemyAiMilliseconds\u0022:0.608647,\u0022EnemyAiElapsedMs\u0022:0.608647,\u0022LineOfSightMilliseconds\u0022:0,\u0022LineOfSightElapsedMs\u0022:0,\u0022MissilePoolCreationMilliseconds\u0022:0,\u0022MissilePoolCreationElapsedMs\u0022:0,\u0022PlayerDirectRaycastMilliseconds\u0022:0,\u0022PlayerWorldRaycastMilliseconds\u0022:0,\u0022PlayerMechRaycastMilliseconds\u0022:0,\u0022PlayerDirectDamageMilliseconds\u0022:0,\u0022PlayerWeaponVisualMilliseconds\u0022:0}}"}
10-04 19:27:56.183  3817  3881 I godot   : QUEST_COMBAT_CHUNK: {"kind":"EVENT","runId":"20261004-182729-1d1caa","recordId":63,"index":0,"count":2,"data":"{\u0022runId\u0022:\u002220261004-182729-1d1caa\u0022,\u0022trial\u0022:1,\u0022Seconds\u0022:8.607295,\u0022Ms\u0022:16.192000000000206,\u0022Combat\u0022:{\u0022EnemyAiTicks\u0022:4,\u0022EnemyAiElapsedTicks\u0022:443281,\u0022LineOfSightCalls\u0022:0,\u0022LineOfSightElapsedTicks\u0022:0,\u0022MissilePoolsCreated\u0022:0,\u0022MissilePoolCreationElapsedTicks\u0022:0,\u0022PlayerDirectRaycastCalls\u0022:0,\u0022PlayerDirectRaycastElapsedTicks\u0022:0,\u0022PlayerDirectDamageCalls\u0022:0,\u0022PlayerDirectDamageElapsedTicks\u0022:0,\u0022PlayerWeaponVisualCalls\u0022:0,\u0022PlayerWeaponVisualElapsedTicks\u0022:0,\u0022WeaponLaunches\u0022:0,\u0022EnemyWeaponLaunches\u0022:0,\u0022MissileLaunches\u0022:1,\u0022Impacts\u0022:1,\u0022ActiveMissiles\u0022:7,"}
10-04 19:27:56.183  3817  3881 I godot   : QUEST_COMBAT_CHUNK: {"kind":"EVENT","runId":"20261004-182729-1d1caa","recordId":63,"index":1,"count":2,"data":"\u0022ActiveLasers\u0022:0,\u0022PlayerWorldRaycastElapsedTicks\u0022:0,\u0022PlayerMechRaycastElapsedTicks\u0022:0,\u0022WeaponEffectPoolBuilds\u0022:0,\u0022WeaponEffectPoolFallbacks\u0022:0,\u0022EnemyAiMilliseconds\u0022:0.443281,\u0022EnemyAiElapsedMs\u0022:0.443281,\u0022LineOfSightMilliseconds\u0022:0,\u0022LineOfSightElapsedMs\u0022:0,\u0022MissilePoolCreationMilliseconds\u0022:0,\u0022MissilePoolCreationElapsedMs\u0022:0,\u0022PlayerDirectRaycastMilliseconds\u0022:0,\u0022PlayerWorldRaycastMilliseconds\u0022:0,\u0022PlayerMechRaycastMilliseconds\u0022:0,\u0022PlayerDirectDamageMilliseconds\u0022:0,\u0022PlayerWeaponVisualMilliseconds\u0022:0}}"}
10-04 19:27:56.184  3817  3881 I godot   : QUEST_COMBAT_CHUNK: {"kind":"EVENT","runId":"20261004-182729-1d1caa","recordId":64,"index":0,"count":2,"data":"{\u0022runId\u0022:\u002220261004-182729-1d1caa\u0022,\u0022trial\u0022:1,\u0022Seconds\u0022:8.6546906,\u0022Ms\u0022:18.58010000000121,\u0022Combat\u0022:{\u0022EnemyAiTicks\u0022:4,\u0022EnemyAiElapsedTicks\u0022:367657,\u0022LineOfSightCalls\u0022:0,\u0022LineOfSightElapsedTicks\u0022:0,\u0022MissilePoolsCreated\u0022:0,\u0022MissilePoolCreationElapsedTicks\u0022:0,\u0022PlayerDirectRaycastCalls\u0022:0,\u0022PlayerDirectRaycastElapsedTicks\u0022:0,\u0022PlayerDirectDamageCalls\u0022:0,\u0022PlayerDirectDamageElapsedTicks\u0022:0,\u0022PlayerWeaponVisualCalls\u0022:0,\u0022PlayerWeaponVisualElapsedTicks\u0022:0,\u0022WeaponLaunches\u0022:0,\u0022EnemyWeaponLaunches\u0022:0,\u0022MissileLaunches\u0022:1,\u0022Impacts\u0022:0,\u0022ActiveMissiles\u0022:8,"}
10-04 19:27:56.184  3817  3881 I godot   : QUEST_COMBAT_CHUNK: {"kind":"EVENT","runId":"20261004-182729-1d1caa","recordId":64,"index":1,"count":2,"data":"\u0022ActiveLasers\u0022:0,\u0022PlayerWorldRaycastElapsedTicks\u0022:0,\u0022PlayerMechRaycastElapsedTicks\u0022:0,\u0022WeaponEffectPoolBuilds\u0022:0,\u0022WeaponEffectPoolFallbacks\u0022:0,\u0022EnemyAiMilliseconds\u0022:0.367657,\u0022EnemyAiElapsedMs\u0022:0.367657,\u0022LineOfSightMilliseconds\u0022:0,\u0022LineOfSightElapsedMs\u0022:0,\u0022MissilePoolCreationMilliseconds\u0022:0,\u0022MissilePoolCreationElapsedMs\u0022:0,\u0022PlayerDirectRaycastMilliseconds\u0022:0,\u0022PlayerWorldRaycastMilliseconds\u0022:0,\u0022PlayerMechRaycastMilliseconds\u0022:0,\u0022PlayerDirectDamageMilliseconds\u0022:0,\u0022PlayerWeaponVisualMilliseconds\u0022:0}}"}
10-04 19:27:56.184  3817  3881 I godot   : QUEST_COMBAT_CHUNK: {"kind":"EVENT","runId":"20261004-182729-1d1caa","recordId":65,"index":0,"count":2,"data":"{\u0022runId\u0022:\u002220261004-182729-1d1caa\u0022,\u0022trial\u0022:1,\u0022Seconds\u0022:8.6841168,\u0022Ms\u0022:14.35840000000077,\u0022Combat\u0022:{\u0022EnemyAiTicks\u0022:4,\u0022EnemyAiElapsedTicks\u0022:394062,\u0022LineOfSightCalls\u0022:0,\u0022LineOfSightElapsedTicks\u0022:0,\u0022MissilePoolsCreated\u0022:0,\u0022MissilePoolCreationElapsedTicks\u0022:0,\u0022PlayerDirectRaycastCalls\u0022:0,\u0022PlayerDirectRaycastElapsedTicks\u0022:0,\u0022PlayerDirectDamageCalls\u0022:0,\u0022PlayerDirectDamageElapsedTicks\u0022:0,\u0022PlayerWeaponVisualCalls\u0022:0,\u0022PlayerWeaponVisualElapsedTicks\u0022:0,\u0022WeaponLaunches\u0022:0,\u0022EnemyWeaponLaunches\u0022:0,\u0022MissileLaunches\u0022:1,\u0022Impacts\u0022:0,\u0022ActiveMissiles\u0022:9,"}
10-04 19:27:56.184  3817  3881 I godot   : QUEST_COMBAT_CHUNK: {"kind":"EVENT","runId":"20261004-182729-1d1caa","recordId":65,"index":1,"count":2,"data":"\u0022ActiveLasers\u0022:0,\u0022PlayerWorldRaycastElapsedTicks\u0022:0,\u0022PlayerMechRaycastElapsedTicks\u0022:0,\u0022WeaponEffectPoolBuilds\u0022:0,\u0022WeaponEffectPoolFallbacks\u0022:0,\u0022EnemyAiMilliseconds\u0022:0.394062,\u0022EnemyAiElapsedMs\u0022:0.394062,\u0022LineOfSightMilliseconds\u0022:0,\u0022LineOfSightElapsedMs\u0022:0,\u0022MissilePoolCreationMilliseconds\u0022:0,\u0022MissilePoolCreationElapsedMs\u0022:0,\u0022PlayerDirectRaycastMilliseconds\u0022:0,\u0022PlayerWorldRaycastMilliseconds\u0022:0,\u0022PlayerMechRaycastMilliseconds\u0022:0,\u0022PlayerDirectDamageMilliseconds\u0022:0,\u0022PlayerWeaponVisualMilliseconds\u0022:0}}"}
10-04 19:27:56.185  3817  3881 I godot   : QUEST_COMBAT_CHUNK: {"kind":"EVENT","runId":"20261004-182729-1d1caa","recordId":66,"index":0,"count":2,"data":"{\u0022runId\u0022:\u002220261004-182729-1d1caa\u0022,\u0022trial\u0022:1,\u0022Seconds\u0022:8.7343009,\u0022Ms\u0022:16.48399999999839,\u0022Combat\u0022:{\u0022EnemyAiTicks\u0022:4,\u0022EnemyAiElapsedTicks\u0022:401460,\u0022LineOfSightCalls\u0022:0,\u0022LineOfSightElapsedTicks\u0022:0,\u0022MissilePoolsCreated\u0022:0,\u0022MissilePoolCreationElapsedTicks\u0022:0,\u0022PlayerDirectRaycastCalls\u0022:0,\u0022PlayerDirectRaycastElapsedTicks\u0022:0,\u0022PlayerDirectDamageCalls\u0022:0,\u0022PlayerDirectDamageElapsedTicks\u0022:0,\u0022PlayerWeaponVisualCalls\u0022:0,\u0022PlayerWeaponVisualElapsedTicks\u0022:0,\u0022WeaponLaunches\u0022:0,\u0022EnemyWeaponLaunches\u0022:0,\u0022MissileLaunches\u0022:1,\u0022Impacts\u0022:0,\u0022ActiveMissiles\u0022:10,"}
10-04 19:27:56.185  3817  3881 I godot   : QUEST_COMBAT_CHUNK: {"kind":"EVENT","runId":"20261004-182729-1d1caa","recordId":66,"index":1,"count":2,"data":"\u0022ActiveLasers\u0022:0,\u0022PlayerWorldRaycastElapsedTicks\u0022:0,\u0022PlayerMechRaycastElapsedTicks\u0022:0,\u0022WeaponEffectPoolBuilds\u0022:0,\u0022WeaponEffectPoolFallbacks\u0022:0,\u0022EnemyAiMilliseconds\u0022:0.40146,\u0022EnemyAiElapsedMs\u0022:0.40146,\u0022LineOfSightMilliseconds\u0022:0,\u0022LineOfSightElapsedMs\u0022:0,\u0022MissilePoolCreationMilliseconds\u0022:0,\u0022MissilePoolCreationElapsedMs\u0022:0,\u0022PlayerDirectRaycastMilliseconds\u0022:0,\u0022PlayerWorldRaycastMilliseconds\u0022:0,\u0022PlayerMechRaycastMilliseconds\u0022:0,\u0022PlayerDirectDamageMilliseconds\u0022:0,\u0022PlayerWeaponVisualMilliseconds\u0022:0}}"}
10-04 19:27:56.185  3817  3881 I godot   : QUEST_COMBAT_CHUNK: {"kind":"EVENT","runId":"20261004-182729-1d1caa","recordId":67,"index":0,"count":2,"data":"{\u0022runId\u0022:\u002220261004-182729-1d1caa\u0022,\u0022trial\u0022:1,\u0022Seconds\u0022:8.7500306,\u0022Ms\u0022:15.729700000001401,\u0022Combat\u0022:{\u0022EnemyAiTicks\u0022:4,\u0022EnemyAiElapsedTicks\u0022:434480,\u0022LineOfSightCalls\u0022:0,\u0022LineOfSightElapsedTicks\u0022:0,\u0022MissilePoolsCreated\u0022:0,\u0022MissilePoolCreationElapsedTicks\u0022:0,\u0022PlayerDirectRaycastCalls\u0022:0,\u0022PlayerDirectRaycastElapsedTicks\u0022:0,\u0022PlayerDirectDamageCalls\u0022:0,\u0022PlayerDirectDamageElapsedTicks\u0022:0,\u0022PlayerWeaponVisualCalls\u0022:0,\u0022PlayerWeaponVisualElapsedTicks\u0022:0,\u0022WeaponLaunches\u0022:0,\u0022EnemyWeaponLaunches\u0022:0,\u0022MissileLaunches\u0022:1,\u0022Impacts\u0022:0,\u0022ActiveMissiles\u0022:11,"}
10-04 19:27:56.185  3817  3881 I godot   : QUEST_COMBAT_CHUNK: {"kind":"EVENT","runId":"20261004-182729-1d1caa","recordId":67,"index":1,"count":2,"data":"\u0022ActiveLasers\u0022:0,\u0022PlayerWorldRaycastElapsedTicks\u0022:0,\u0022PlayerMechRaycastElapsedTicks\u0022:0,\u0022WeaponEffectPoolBuilds\u0022:0,\u0022WeaponEffectPoolFallbacks\u0022:0,\u0022EnemyAiMilliseconds\u0022:0.43448,\u0022EnemyAiElapsedMs\u0022:0.43448,\u0022LineOfSightMilliseconds\u0022:0,\u0022LineOfSightElapsedMs\u0022:0,\u0022MissilePoolCreationMilliseconds\u0022:0,\u0022MissilePoolCreationElapsedMs\u0022:0,\u0022PlayerDirectRaycastMilliseconds\u0022:0,\u0022PlayerWorldRaycastMilliseconds\u0022:0,\u0022PlayerMechRaycastMilliseconds\u0022:0,\u0022PlayerDirectDamageMilliseconds\u0022:0,\u0022PlayerWeaponVisualMilliseconds\u0022:0}}"}
10-04 19:27:56.185  3817  3881 I godot   : QUEST_COMBAT_CHUNK: {"kind":"EVENT","runId":"20261004-182729-1d1caa","recordId":68,"index":0,"count":2,"data":"{\u0022runId\u0022:\u002220261004-182729-1d1caa\u0022,\u0022trial\u0022:1,\u0022Seconds\u0022:8.7820983,\u0022Ms\u0022:15.587499999998755,\u0022Combat\u0022:{\u0022EnemyAiTicks\u0022:4,\u0022EnemyAiElapsedTicks\u0022:393490,\u0022LineOfSightCalls\u0022:0,\u0022LineOfSightElapsedTicks\u0022:0,\u0022MissilePoolsCreated\u0022:0,\u0022MissilePoolCreationElapsedTicks\u0022:0,\u0022PlayerDirectRaycastCalls\u0022:0,\u0022PlayerDirectRaycastElapsedTicks\u0022:0,\u0022PlayerDirectDamageCalls\u0022:0,\u0022PlayerDirectDamageElapsedTicks\u0022:0,\u0022PlayerWeaponVisualCalls\u0022:0,\u0022PlayerWeaponVisualElapsedTicks\u0022:0,\u0022WeaponLaunches\u0022:0,\u0022EnemyWeaponLaunches\u0022:0,\u0022MissileLaunches\u0022:1,\u0022Impacts\u0022:0,\u0022ActiveMissiles\u0022:12,"}
10-04 19:27:56.185  3817  3881 I godot   : QUEST_COMBAT_CHUNK: {"kind":"EVENT","runId":"20261004-182729-1d1caa","recordId":68,"index":1,"count":2,"data":"\u0022ActiveLasers\u0022:0,\u0022PlayerWorldRaycastElapsedTicks\u0022:0,\u0022PlayerMechRaycastElapsedTicks\u0022:0,\u0022WeaponEffectPoolBuilds\u0022:0,\u0022WeaponEffectPoolFallbacks\u0022:0,\u0022EnemyAiMilliseconds\u0022:0.39349,\u0022EnemyAiElapsedMs\u0022:0.39349,\u0022LineOfSightMilliseconds\u0022:0,\u0022LineOfSightElapsedMs\u0022:0,\u0022MissilePoolCreationMilliseconds\u0022:0,\u0022MissilePoolCreationElapsedMs\u0022:0,\u0022PlayerDirectRaycastMilliseconds\u0022:0,\u0022PlayerWorldRaycastMilliseconds\u0022:0,\u0022PlayerMechRaycastMilliseconds\u0022:0,\u0022PlayerDirectDamageMilliseconds\u0022:0,\u0022PlayerWeaponVisualMilliseconds\u0022:0}}"}
10-04 19:27:56.186  3817  3881 I godot   : QUEST_COMBAT_CHUNK: {"kind":"EVENT","runId":"20261004-182729-1d1caa","recordId":69,"index":0,"count":2,"data":"{\u0022runId\u0022:\u002220261004-182729-1d1caa\u0022,\u0022trial\u0022:1,\u0022Seconds\u0022:8.8303534,\u0022Ms\u0022:15.25219999999905,\u0022Combat\u0022:{\u0022EnemyAiTicks\u0022:4,\u0022EnemyAiElapsedTicks\u0022:357864,\u0022LineOfSightCalls\u0022:0,\u0022LineOfSightElapsedTicks\u0022:0,\u0022MissilePoolsCreated\u0022:0,\u0022MissilePoolCreationElapsedTicks\u0022:0,\u0022PlayerDirectRaycastCalls\u0022:0,\u0022PlayerDirectRaycastElapsedTicks\u0022:0,\u0022PlayerDirectDamageCalls\u0022:0,\u0022PlayerDirectDamageElapsedTicks\u0022:0,\u0022PlayerWeaponVisualCalls\u0022:0,\u0022PlayerWeaponVisualElapsedTicks\u0022:0,\u0022WeaponLaunches\u0022:0,\u0022EnemyWeaponLaunches\u0022:0,\u0022MissileLaunches\u0022:1,\u0022Impacts\u0022:0,\u0022ActiveMissiles\u0022:13,"}
10-04 19:27:56.186  3817  3881 I godot   : QUEST_COMBAT_CHUNK: {"kind":"EVENT","runId":"20261004-182729-1d1caa","recordId":69,"index":1,"count":2,"data":"\u0022ActiveLasers\u0022:0,\u0022PlayerWorldRaycastElapsedTicks\u0022:0,\u0022PlayerMechRaycastElapsedTicks\u0022:0,\u0022WeaponEffectPoolBuilds\u0022:0,\u0022WeaponEffectPoolFallbacks\u0022:0,\u0022EnemyAiMilliseconds\u0022:0.357864,\u0022EnemyAiElapsedMs\u0022:0.357864,\u0022LineOfSightMilliseconds\u0022:0,\u0022LineOfSightElapsedMs\u0022:0,\u0022MissilePoolCreationMilliseconds\u0022:0,\u0022MissilePoolCreationElapsedMs\u0022:0,\u0022PlayerDirectRaycastMilliseconds\u0022:0,\u0022PlayerWorldRaycastMilliseconds\u0022:0,\u0022PlayerMechRaycastMilliseconds\u0022:0,\u0022PlayerDirectDamageMilliseconds\u0022:0,\u0022PlayerWeaponVisualMilliseconds\u0022:0}}"}
10-04 19:27:56.186  3817  3881 I godot   : QUEST_COMBAT_CHUNK: {"kind":"EVENT","runId":"20261004-182729-1d1caa","recordId":70,"index":0,"count":2,"data":"{\u0022runId\u0022:\u002220261004-182729-1d1caa\u0022,\u0022trial\u0022:1,\u0022Seconds\u0022:8.8620654,\u0022Ms\u0022:15.280999999999878,\u0022Combat\u0022:{\u0022EnemyAiTicks\u0022:4,\u0022EnemyAiElapsedTicks\u0022:394167,\u0022LineOfSightCalls\u0022:0,\u0022LineOfSightElapsedTicks\u0022:0,\u0022MissilePoolsCreated\u0022:0,\u0022MissilePoolCreationElapsedTicks\u0022:0,\u0022PlayerDirectRaycastCalls\u0022:0,\u0022PlayerDirectRaycastElapsedTicks\u0022:0,\u0022PlayerDirectDamageCalls\u0022:0,\u0022PlayerDirectDamageElapsedTicks\u0022:0,\u0022PlayerWeaponVisualCalls\u0022:0,\u0022PlayerWeaponVisualElapsedTicks\u0022:0,\u0022WeaponLaunches\u0022:0,\u0022EnemyWeaponLaunches\u0022:0,\u0022MissileLaunches\u0022:1,\u0022Impacts\u0022:0,\u0022ActiveMissiles\u0022:14,"}
10-04 19:27:56.186  3817  3881 I godot   : QUEST_COMBAT_CHUNK: {"kind":"EVENT","runId":"20261004-182729-1d1caa","recordId":70,"index":1,"count":2,"data":"\u0022ActiveLasers\u0022:0,\u0022PlayerWorldRaycastElapsedTicks\u0022:0,\u0022PlayerMechRaycastElapsedTicks\u0022:0,\u0022WeaponEffectPoolBuilds\u0022:0,\u0022WeaponEffectPoolFallbacks\u0022:0,\u0022EnemyAiMilliseconds\u0022:0.394167,\u0022EnemyAiElapsedMs\u0022:0.394167,\u0022LineOfSightMilliseconds\u0022:0,\u0022LineOfSightElapsedMs\u0022:0,\u0022MissilePoolCreationMilliseconds\u0022:0,\u0022MissilePoolCreationElapsedMs\u0022:0,\u0022PlayerDirectRaycastMilliseconds\u0022:0,\u0022PlayerWorldRaycastMilliseconds\u0022:0,\u0022PlayerMechRaycastMilliseconds\u0022:0,\u0022PlayerDirectDamageMilliseconds\u0022:0,\u0022PlayerWeaponVisualMilliseconds\u0022:0}}"}
10-04 19:27:56.186  3817  3881 I godot   : QUEST_COMBAT_CHUNK: {"kind":"EVENT","runId":"20261004-182729-1d1caa","recordId":71,"index":0,"count":2,"data":"{\u0022runId\u0022:\u002220261004-182729-1d1caa\u0022,\u0022trial\u0022:1,\u0022Seconds\u0022:8.8941003,\u0022Ms\u0022:16.24220000000065,\u0022Combat\u0022:{\u0022EnemyAiTicks\u0022:4,\u0022EnemyAiElapsedTicks\u0022:353544,\u0022LineOfSightCalls\u0022:0,\u0022LineOfSightElapsedTicks\u0022:0,\u0022MissilePoolsCreated\u0022:0,\u0022MissilePoolCreationElapsedTicks\u0022:0,\u0022PlayerDirectRaycastCalls\u0022:0,\u0022PlayerDirectRaycastElapsedTicks\u0022:0,\u0022PlayerDirectDamageCalls\u0022:0,\u0022PlayerDirectDamageElapsedTicks\u0022:0,\u0022PlayerWeaponVisualCalls\u0022:0,\u0022PlayerWeaponVisualElapsedTicks\u0022:0,\u0022WeaponLaunches\u0022:0,\u0022EnemyWeaponLaunches\u0022:0,\u0022MissileLaunches\u0022:1,\u0022Impacts\u0022:0,\u0022ActiveMissiles\u0022:15,"}
10-04 19:27:56.186  3817  3881 I godot   : QUEST_COMBAT_CHUNK: {"kind":"EVENT","runId":"20261004-182729-1d1caa","recordId":71,"index":1,"count":2,"data":"\u0022ActiveLasers\u0022:0,\u0022PlayerWorldRaycastElapsedTicks\u0022:0,\u0022PlayerMechRaycastElapsedTicks\u0022:0,\u0022WeaponEffectPoolBuilds\u0022:0,\u0022WeaponEffectPoolFallbacks\u0022:0,\u0022EnemyAiMilliseconds\u0022:0.353544,\u0022EnemyAiElapsedMs\u0022:0.353544,\u0022LineOfSightMilliseconds\u0022:0,\u0022LineOfSightElapsedMs\u0022:0,\u0022MissilePoolCreationMilliseconds\u0022:0,\u0022MissilePoolCreationElapsedMs\u0022:0,\u0022PlayerDirectRaycastMilliseconds\u0022:0,\u0022PlayerWorldRaycastMilliseconds\u0022:0,\u0022PlayerMechRaycastMilliseconds\u0022:0,\u0022PlayerDirectDamageMilliseconds\u0022:0,\u0022PlayerWeaponVisualMilliseconds\u0022:0}}"}
10-04 19:27:56.187  3817  3881 I godot   : QUEST_COMBAT_CHUNK: {"kind":"EVENT","runId":"20261004-182729-1d1caa","recordId":72,"index":0,"count":2,"data":"{\u0022runId\u0022:\u002220261004-182729-1d1caa\u0022,\u0022trial\u0022:1,\u0022Seconds\u0022:8.9269975,\u0022Ms\u0022:16.117200000000054,\u0022Combat\u0022:{\u0022EnemyAiTicks\u0022:4,\u0022EnemyAiElapsedTicks\u0022:385887,\u0022LineOfSightCalls\u0022:0,\u0022LineOfSightElapsedTicks\u0022:0,\u0022MissilePoolsCreated\u0022:0,\u0022MissilePoolCreationElapsedTicks\u0022:0,\u0022PlayerDirectRaycastCalls\u0022:0,\u0022PlayerDirectRaycastElapsedTicks\u0022:0,\u0022PlayerDirectDamageCalls\u0022:0,\u0022PlayerDirectDamageElapsedTicks\u0022:0,\u0022PlayerWeaponVisualCalls\u0022:0,\u0022PlayerWeaponVisualElapsedTicks\u0022:0,\u0022WeaponLaunches\u0022:0,\u0022EnemyWeaponLaunches\u0022:0,\u0022MissileLaunches\u0022:1,\u0022Impacts\u0022:0,\u0022ActiveMissiles\u0022:16,"}
10-04 19:27:56.187  3817  3881 I godot   : QUEST_COMBAT_CHUNK: {"kind":"EVENT","runId":"20261004-182729-1d1caa","recordId":72,"index":1,"count":2,"data":"\u0022ActiveLasers\u0022:0,\u0022PlayerWorldRaycastElapsedTicks\u0022:0,\u0022PlayerMechRaycastElapsedTicks\u0022:0,\u0022WeaponEffectPoolBuilds\u0022:0,\u0022WeaponEffectPoolFallbacks\u0022:0,\u0022EnemyAiMilliseconds\u0022:0.385887,\u0022EnemyAiElapsedMs\u0022:0.385887,\u0022LineOfSightMilliseconds\u0022:0,\u0022LineOfSightElapsedMs\u0022:0,\u0022MissilePoolCreationMilliseconds\u0022:0,\u0022MissilePoolCreationElapsedMs\u0022:0,\u0022PlayerDirectRaycastMilliseconds\u0022:0,\u0022PlayerWorldRaycastMilliseconds\u0022:0,\u0022PlayerMechRaycastMilliseconds\u0022:0,\u0022PlayerDirectDamageMilliseconds\u0022:0,\u0022PlayerWeaponVisualMilliseconds\u0022:0}}"}
10-04 19:27:56.187  3817  3881 I godot   : QUEST_COMBAT_CHUNK: {"kind":"EVENT","runId":"20261004-182729-1d1caa","recordId":73,"index":0,"count":2,"data":"{\u0022runId\u0022:\u002220261004-182729-1d1caa\u0022,\u0022trial\u0022:1,\u0022Seconds\u0022:8.9580581,\u0022Ms\u0022:14.98220000000039,\u0022Combat\u0022:{\u0022EnemyAiTicks\u0022:4,\u0022EnemyAiElapsedTicks\u0022:633699,\u0022LineOfSightCalls\u0022:1,\u0022LineOfSightElapsedTicks\u0022:210104,\u0022MissilePoolsCreated\u0022:0,\u0022MissilePoolCreationElapsedTicks\u0022:0,\u0022PlayerDirectRaycastCalls\u0022:0,\u0022PlayerDirectRaycastElapsedTicks\u0022:0,\u0022PlayerDirectDamageCalls\u0022:0,\u0022PlayerDirectDamageElapsedTicks\u0022:0,\u0022PlayerWeaponVisualCalls\u0022:0,\u0022PlayerWeaponVisualElapsedTicks\u0022:0,\u0022WeaponLaunches\u0022:0,\u0022EnemyWeaponLaunches\u0022:0,\u0022MissileLaunches\u0022:1,\u0022Impacts\u0022:0,\u0022ActiveMissiles\u0022"}
10-04 19:27:56.187  3817  3881 I godot   : QUEST_COMBAT_CHUNK: {"kind":"EVENT","runId":"20261004-182729-1d1caa","recordId":73,"index":1,"count":2,"data":":17,\u0022ActiveLasers\u0022:0,\u0022PlayerWorldRaycastElapsedTicks\u0022:0,\u0022PlayerMechRaycastElapsedTicks\u0022:0,\u0022WeaponEffectPoolBuilds\u0022:0,\u0022WeaponEffectPoolFallbacks\u0022:0,\u0022EnemyAiMilliseconds\u0022:0.633699,\u0022EnemyAiElapsedMs\u0022:0.633699,\u0022LineOfSightMilliseconds\u0022:0.210104,\u0022LineOfSightElapsedMs\u0022:0.210104,\u0022MissilePoolCreationMilliseconds\u0022:0,\u0022MissilePoolCreationElapsedMs\u0022:0,\u0022PlayerDirectRaycastMilliseconds\u0022:0,\u0022PlayerWorldRaycastMilliseconds\u0022:0,\u0022PlayerMechRaycastMilliseconds\u0022:0,\u0022PlayerDirectDamageMilliseconds\u0022:0,\u0022PlayerWeaponVisualMilliseconds\u0022:0}}"}
10-04 19:27:56.188  3817  3881 I godot   : QUEST_COMBAT_CHUNK: {"kind":"EVENT","runId":"20261004-182729-1d1caa","recordId":74,"index":0,"count":2,"data":"{\u0022runId\u0022:\u002220261004-182729-1d1caa\u0022,\u0022trial\u0022:1,\u0022Seconds\u0022:8.9908132,\u0022Ms\u0022:16.897300000000115,\u0022Combat\u0022:{\u0022EnemyAiTicks\u0022:4,\u0022EnemyAiElapsedTicks\u0022:707864,\u0022LineOfSightCalls\u0022:0,\u0022LineOfSightElapsedTicks\u0022:0,\u0022MissilePoolsCreated\u0022:0,\u0022MissilePoolCreationElapsedTicks\u0022:0,\u0022PlayerDirectRaycastCalls\u0022:0,\u0022PlayerDirectRaycastElapsedTicks\u0022:0,\u0022PlayerDirectDamageCalls\u0022:0,\u0022PlayerDirectDamageElapsedTicks\u0022:0,\u0022PlayerWeaponVisualCalls\u0022:0,\u0022PlayerWeaponVisualElapsedTicks\u0022:0,\u0022WeaponLaunches\u0022:0,\u0022EnemyWeaponLaunches\u0022:0,\u0022MissileLaunches\u0022:1,\u0022Impacts\u0022:0,\u0022ActiveMissiles\u0022:18,"}
10-04 19:27:56.188  3817  3881 I godot   : QUEST_COMBAT_CHUNK: {"kind":"EVENT","runId":"20261004-182729-1d1caa","recordId":74,"index":1,"count":2,"data":"\u0022ActiveLasers\u0022:0,\u0022PlayerWorldRaycastElapsedTicks\u0022:0,\u0022PlayerMechRaycastElapsedTicks\u0022:0,\u0022WeaponEffectPoolBuilds\u0022:0,\u0022WeaponEffectPoolFallbacks\u0022:0,\u0022EnemyAiMilliseconds\u0022:0.707864,\u0022EnemyAiElapsedMs\u0022:0.707864,\u0022LineOfSightMilliseconds\u0022:0,\u0022LineOfSightElapsedMs\u0022:0,\u0022MissilePoolCreationMilliseconds\u0022:0,\u0022MissilePoolCreationElapsedMs\u0022:0,\u0022PlayerDirectRaycastMilliseconds\u0022:0,\u0022PlayerWorldRaycastMilliseconds\u0022:0,\u0022PlayerMechRaycastMilliseconds\u0022:0,\u0022PlayerDirectDamageMilliseconds\u0022:0,\u0022PlayerWeaponVisualMilliseconds\u0022:0}}"}
10-04 19:27:56.188  3817  3881 I godot   : QUEST_COMBAT_CHUNK: {"kind":"EVENT","runId":"20261004-182729-1d1caa","recordId":75,"index":0,"count":2,"data":"{\u0022runId\u0022:\u002220261004-182729-1d1caa\u0022,\u0022trial\u0022:1,\u0022Seconds\u0022:9.024282,\u0022Ms\u0022:16.14939999999976,\u0022Combat\u0022:{\u0022EnemyAiTicks\u0022:4,\u0022EnemyAiElapsedTicks\u0022:345780,\u0022LineOfSightCalls\u0022:0,\u0022LineOfSightElapsedTicks\u0022:0,\u0022MissilePoolsCreated\u0022:0,\u0022MissilePoolCreationElapsedTicks\u0022:0,\u0022PlayerDirectRaycastCalls\u0022:0,\u0022PlayerDirectRaycastElapsedTicks\u0022:0,\u0022PlayerDirectDamageCalls\u0022:0,\u0022PlayerDirectDamageElapsedTicks\u0022:0,\u0022PlayerWeaponVisualCalls\u0022:0,\u0022PlayerWeaponVisualElapsedTicks\u0022:0,\u0022WeaponLaunches\u0022:0,\u0022EnemyWeaponLaunches\u0022:0,\u0022MissileLaunches\u0022:1,\u0022Impacts\u0022:0,\u0022ActiveMissiles\u0022:19,"}
10-04 19:27:56.188  3817  3881 I godot   : QUEST_COMBAT_CHUNK: {"kind":"EVENT","runId":"20261004-182729-1d1caa","recordId":75,"index":1,"count":2,"data":"\u0022ActiveLasers\u0022:0,\u0022PlayerWorldRaycastElapsedTicks\u0022:0,\u0022PlayerMechRaycastElapsedTicks\u0022:0,\u0022WeaponEffectPoolBuilds\u0022:0,\u0022WeaponEffectPoolFallbacks\u0022:0,\u0022EnemyAiMilliseconds\u0022:0.34578,\u0022EnemyAiElapsedMs\u0022:0.34578,\u0022LineOfSightMilliseconds\u0022:0,\u0022LineOfSightElapsedMs\u0022:0,\u0022MissilePoolCreationMilliseconds\u0022:0,\u0022MissilePoolCreationElapsedMs\u0022:0,\u0022PlayerDirectRaycastMilliseconds\u0022:0,\u0022PlayerWorldRaycastMilliseconds\u0022:0,\u0022PlayerMechRaycastMilliseconds\u0022:0,\u0022PlayerDirectDamageMilliseconds\u0022:0,\u0022PlayerWeaponVisualMilliseconds\u0022:0}}"}
10-04 19:27:56.188  3817  3881 I godot   : QUEST_COMBAT_CHUNK: {"kind":"EVENT","runId":"20261004-182729-1d1caa","recordId":76,"index":0,"count":2,"data":"{\u0022runId\u0022:\u002220261004-182729-1d1caa\u0022,\u0022trial\u0022:1,\u0022Seconds\u0022:9.0585801,\u0022Ms\u0022:17.702100000001053,\u0022Combat\u0022:{\u0022EnemyAiTicks\u0022:4,\u0022EnemyAiElapsedTicks\u0022:1281511,\u0022LineOfSightCalls\u0022:1,\u0022LineOfSightElapsedTicks\u0022:189635,\u0022MissilePoolsCreated\u0022:0,\u0022MissilePoolCreationElapsedTicks\u0022:0,\u0022PlayerDirectRaycastCalls\u0022:0,\u0022PlayerDirectRaycastElapsedTicks\u0022:0,\u0022PlayerDirectDamageCalls\u0022:0,\u0022PlayerDirectDamageElapsedTicks\u0022:0,\u0022PlayerWeaponVisualCalls\u0022:0,\u0022PlayerWeaponVisualElapsedTicks\u0022:0,\u0022WeaponLaunches\u0022:1,\u0022EnemyWeaponLaunches\u0022:1,\u0022MissileLaunches\u0022:1,\u0022Impacts\u0022:1,\u0022ActiveMissiles"}
10-04 19:27:56.188  3817  3881 I godot   : QUEST_COMBAT_CHUNK: {"kind":"EVENT","runId":"20261004-182729-1d1caa","recordId":76,"index":1,"count":2,"data":"\u0022:20,\u0022ActiveLasers\u0022:3,\u0022PlayerWorldRaycastElapsedTicks\u0022:0,\u0022PlayerMechRaycastElapsedTicks\u0022:0,\u0022WeaponEffectPoolBuilds\u0022:0,\u0022WeaponEffectPoolFallbacks\u0022:0,\u0022EnemyAiMilliseconds\u0022:1.281511,\u0022EnemyAiElapsedMs\u0022:1.281511,\u0022LineOfSightMilliseconds\u0022:0.189635,\u0022LineOfSightElapsedMs\u0022:0.189635,\u0022MissilePoolCreationMilliseconds\u0022:0,\u0022MissilePoolCreationElapsedMs\u0022:0,\u0022PlayerDirectRaycastMilliseconds\u0022:0,\u0022PlayerWorldRaycastMilliseconds\u0022:0,\u0022PlayerMechRaycastMilliseconds\u0022:0,\u0022PlayerDirectDamageMilliseconds\u0022:0,\u0022PlayerWeaponVisualMilliseconds\u0022:0}}"}
10-04 19:27:56.188  3817  3881 I godot   : QUEST_COMBAT_CHUNK: {"kind":"EVENT","runId":"20261004-182729-1d1caa","recordId":77,"index":0,"count":2,"data":"{\u0022runId\u0022:\u002220261004-182729-1d1caa\u0022,\u0022trial\u0022:1,\u0022Seconds\u0022:9.0910273,\u0022Ms\u0022:17.059100000000882,\u0022Combat\u0022:{\u0022EnemyAiTicks\u0022:4,\u0022EnemyAiElapsedTicks\u0022:321094,\u0022LineOfSightCalls\u0022:0,\u0022LineOfSightElapsedTicks\u0022:0,\u0022MissilePoolsCreated\u0022:0,\u0022MissilePoolCreationElapsedTicks\u0022:0,\u0022PlayerDirectRaycastCalls\u0022:0,\u0022PlayerDirectRaycastElapsedTicks\u0022:0,\u0022PlayerDirectDamageCalls\u0022:0,\u0022PlayerDirectDamageElapsedTicks\u0022:0,\u0022PlayerWeaponVisualCalls\u0022:0,\u0022PlayerWeaponVisualElapsedTicks\u0022:0,\u0022WeaponLaunches\u0022:0,\u0022EnemyWeaponLaunches\u0022:0,\u0022MissileLaunches\u0022:1,\u0022Impacts\u0022:0,\u0022ActiveMissiles\u0022:21,"}
10-04 19:27:56.188  3817  3881 I godot   : QUEST_COMBAT_CHUNK: {"kind":"EVENT","runId":"20261004-182729-1d1caa","recordId":77,"index":1,"count":2,"data":"\u0022ActiveLasers\u0022:3,\u0022PlayerWorldRaycastElapsedTicks\u0022:0,\u0022PlayerMechRaycastElapsedTicks\u0022:0,\u0022WeaponEffectPoolBuilds\u0022:0,\u0022WeaponEffectPoolFallbacks\u0022:0,\u0022EnemyAiMilliseconds\u0022:0.321094,\u0022EnemyAiElapsedMs\u0022:0.321094,\u0022LineOfSightMilliseconds\u0022:0,\u0022LineOfSightElapsedMs\u0022:0,\u0022MissilePoolCreationMilliseconds\u0022:0,\u0022MissilePoolCreationElapsedMs\u0022:0,\u0022PlayerDirectRaycastMilliseconds\u0022:0,\u0022PlayerWorldRaycastMilliseconds\u0022:0,\u0022PlayerMechRaycastMilliseconds\u0022:0,\u0022PlayerDirectDamageMilliseconds\u0022:0,\u0022PlayerWeaponVisualMilliseconds\u0022:0}}"}
10-04 19:27:56.189  3817  3881 I godot   : QUEST_COMBAT_CHUNK: {"kind":"EVENT","runId":"20261004-182729-1d1caa","recordId":78,"index":0,"count":2,"data":"{\u0022runId\u0022:\u002220261004-182729-1d1caa\u0022,\u0022trial\u0022:1,\u0022Seconds\u0022:9.1257647,\u0022Ms\u0022:17.297700000000304,\u0022Combat\u0022:{\u0022EnemyAiTicks\u0022:4,\u0022EnemyAiElapsedTicks\u0022:316979,\u0022LineOfSightCalls\u0022:0,\u0022LineOfSightElapsedTicks\u0022:0,\u0022MissilePoolsCreated\u0022:0,\u0022MissilePoolCreationElapsedTicks\u0022:0,\u0022PlayerDirectRaycastCalls\u0022:0,\u0022PlayerDirectRaycastElapsedTicks\u0022:0,\u0022PlayerDirectDamageCalls\u0022:0,\u0022PlayerDirectDamageElapsedTicks\u0022:0,\u0022PlayerWeaponVisualCalls\u0022:0,\u0022PlayerWeaponVisualElapsedTicks\u0022:0,\u0022WeaponLaunches\u0022:0,\u0022EnemyWeaponLaunches\u0022:0,\u0022MissileLaunches\u0022:1,\u0022Impacts\u0022:0,\u0022ActiveMissiles\u0022:22,"}
10-04 19:27:56.189  3817  3881 I godot   : QUEST_COMBAT_CHUNK: {"kind":"EVENT","runId":"20261004-182729-1d1caa","recordId":78,"index":1,"count":2,"data":"\u0022ActiveLasers\u0022:3,\u0022PlayerWorldRaycastElapsedTicks\u0022:0,\u0022PlayerMechRaycastElapsedTicks\u0022:0,\u0022WeaponEffectPoolBuilds\u0022:0,\u0022WeaponEffectPoolFallbacks\u0022:0,\u0022EnemyAiMilliseconds\u0022:0.316979,\u0022EnemyAiElapsedMs\u0022:0.316979,\u0022LineOfSightMilliseconds\u0022:0,\u0022LineOfSightElapsedMs\u0022:0,\u0022MissilePoolCreationMilliseconds\u0022:0,\u0022MissilePoolCreationElapsedMs\u0022:0,\u0022PlayerDirectRaycastMilliseconds\u0022:0,\u0022PlayerWorldRaycastMilliseconds\u0022:0,\u0022PlayerMechRaycastMilliseconds\u0022:0,\u0022PlayerDirectDamageMilliseconds\u0022:0,\u0022PlayerWeaponVisualMilliseconds\u0022:0}}"}
10-04 19:27:56.189  3817  3881 I godot   : QUEST_COMBAT_CHUNK: {"kind":"EVENT","runId":"20261004-182729-1d1caa","recordId":79,"index":0,"count":2,"data":"{\u0022runId\u0022:\u002220261004-182729-1d1caa\u0022,\u0022trial\u0022:1,\u0022Seconds\u0022:9.1624496,\u0022Ms\u0022:19.099100000000035,\u0022Combat\u0022:{\u0022EnemyAiTicks\u0022:4,\u0022EnemyAiElapsedTicks\u0022:341407,\u0022LineOfSightCalls\u0022:0,\u0022LineOfSightElapsedTicks\u0022:0,\u0022MissilePoolsCreated\u0022:0,\u0022MissilePoolCreationElapsedTicks\u0022:0,\u0022PlayerDirectRaycastCalls\u0022:0,\u0022PlayerDirectRaycastElapsedTicks\u0022:0,\u0022PlayerDirectDamageCalls\u0022:0,\u0022PlayerDirectDamageElapsedTicks\u0022:0,\u0022PlayerWeaponVisualCalls\u0022:0,\u0022PlayerWeaponVisualElapsedTicks\u0022:0,\u0022WeaponLaunches\u0022:0,\u0022EnemyWeaponLaunches\u0022:0,\u0022MissileLaunches\u0022:1,\u0022Impacts\u0022:0,\u0022ActiveMissiles\u0022:23,"}
10-04 19:27:56.189  3817  3881 I godot   : QUEST_COMBAT_CHUNK: {"kind":"EVENT","runId":"20261004-182729-1d1caa","recordId":79,"index":1,"count":2,"data":"\u0022ActiveLasers\u0022:3,\u0022PlayerWorldRaycastElapsedTicks\u0022:0,\u0022PlayerMechRaycastElapsedTicks\u0022:0,\u0022WeaponEffectPoolBuilds\u0022:0,\u0022WeaponEffectPoolFallbacks\u0022:0,\u0022EnemyAiMilliseconds\u0022:0.341407,\u0022EnemyAiElapsedMs\u0022:0.341407,\u0022LineOfSightMilliseconds\u0022:0,\u0022LineOfSightElapsedMs\u0022:0,\u0022MissilePoolCreationMilliseconds\u0022:0,\u0022MissilePoolCreationElapsedMs\u0022:0,\u0022PlayerDirectRaycastMilliseconds\u0022:0,\u0022PlayerWorldRaycastMilliseconds\u0022:0,\u0022PlayerMechRaycastMilliseconds\u0022:0,\u0022PlayerDirectDamageMilliseconds\u0022:0,\u0022PlayerWeaponVisualMilliseconds\u0022:0}}"}
10-04 19:27:56.189  3817  3881 I godot   : QUEST_COMBAT_CHUNK: {"kind":"EVENT","runId":"20261004-182729-1d1caa","recordId":80,"index":0,"count":2,"data":"{\u0022runId\u0022:\u002220261004-182729-1d1caa\u0022,\u0022trial\u0022:1,\u0022Seconds\u0022:9.2158843,\u0022Ms\u0022:18.23840000000132,\u0022Combat\u0022:{\u0022EnemyAiTicks\u0022:4,\u0022EnemyAiElapsedTicks\u0022:267500,\u0022LineOfSightCalls\u0022:0,\u0022LineOfSightElapsedTicks\u0022:0,\u0022MissilePoolsCreated\u0022:0,\u0022MissilePoolCreationElapsedTicks\u0022:0,\u0022PlayerDirectRaycastCalls\u0022:0,\u0022PlayerDirectRaycastElapsedTicks\u0022:0,\u0022PlayerDirectDamageCalls\u0022:0,\u0022PlayerDirectDamageElapsedTicks\u0022:0,\u0022PlayerWeaponVisualCalls\u0022:0,\u0022PlayerWeaponVisualElapsedTicks\u0022:0,\u0022WeaponLaunches\u0022:0,\u0022EnemyWeaponLaunches\u0022:0,\u0022MissileLaunches\u0022:1,\u0022Impacts\u0022:0,\u0022ActiveMissiles\u0022:24,"}
10-04 19:27:56.189  3817  3881 I godot   : QUEST_COMBAT_CHUNK: {"kind":"EVENT","runId":"20261004-182729-1d1caa","recordId":80,"index":1,"count":2,"data":"\u0022ActiveLasers\u0022:3,\u0022PlayerWorldRaycastElapsedTicks\u0022:0,\u0022PlayerMechRaycastElapsedTicks\u0022:0,\u0022WeaponEffectPoolBuilds\u0022:0,\u0022WeaponEffectPoolFallbacks\u0022:0,\u0022EnemyAiMilliseconds\u0022:0.2675,\u0022EnemyAiElapsedMs\u0022:0.2675,\u0022LineOfSightMilliseconds\u0022:0,\u0022LineOfSightElapsedMs\u0022:0,\u0022MissilePoolCreationMilliseconds\u0022:0,\u0022MissilePoolCreationElapsedMs\u0022:0,\u0022PlayerDirectRaycastMilliseconds\u0022:0,\u0022PlayerWorldRaycastMilliseconds\u0022:0,\u0022PlayerMechRaycastMilliseconds\u0022:0,\u0022PlayerDirectDamageMilliseconds\u0022:0,\u0022PlayerWeaponVisualMilliseconds\u0022:0}}"}
10-04 19:27:56.190  3817  3881 I godot   : QUEST_COMBAT_CHUNK: {"kind":"EVENT","runId":"20261004-182729-1d1caa","recordId":81,"index":0,"count":2,"data":"{\u0022runId\u0022:\u002220261004-182729-1d1caa\u0022,\u0022trial\u0022:1,\u0022Seconds\u0022:10.070462,\u0022Ms\u0022:21.509599999999907,\u0022Combat\u0022:{\u0022EnemyAiTicks\u0022:8,\u0022EnemyAiElapsedTicks\u0022:1577966,\u0022LineOfSightCalls\u0022:1,\u0022LineOfSightElapsedTicks\u0022:191459,\u0022MissilePoolsCreated\u0022:0,\u0022MissilePoolCreationElapsedTicks\u0022:0,\u0022PlayerDirectRaycastCalls\u0022:0,\u0022PlayerDirectRaycastElapsedTicks\u0022:0,\u0022PlayerDirectDamageCalls\u0022:0,\u0022PlayerDirectDamageElapsedTicks\u0022:0,\u0022PlayerWeaponVisualCalls\u0022:0,\u0022PlayerWeaponVisualElapsedTicks\u0022:0,\u0022WeaponLaunches\u0022:1,\u0022EnemyWeaponLaunches\u0022:1,\u0022MissileLaunches\u0022:0,\u0022Impacts\u0022:0,\u0022ActiveMissiles"}
10-04 19:27:56.190  3817  3881 I godot   : QUEST_COMBAT_CHUNK: {"kind":"EVENT","runId":"20261004-182729-1d1caa","recordId":81,"index":1,"count":2,"data":"\u0022:23,\u0022ActiveLasers\u0022:0,\u0022PlayerWorldRaycastElapsedTicks\u0022:0,\u0022PlayerMechRaycastElapsedTicks\u0022:0,\u0022WeaponEffectPoolBuilds\u0022:0,\u0022WeaponEffectPoolFallbacks\u0022:0,\u0022EnemyAiMilliseconds\u0022:1.577966,\u0022EnemyAiElapsedMs\u0022:1.577966,\u0022LineOfSightMilliseconds\u0022:0.191459,\u0022LineOfSightElapsedMs\u0022:0.191459,\u0022MissilePoolCreationMilliseconds\u0022:0,\u0022MissilePoolCreationElapsedMs\u0022:0,\u0022PlayerDirectRaycastMilliseconds\u0022:0,\u0022PlayerWorldRaycastMilliseconds\u0022:0,\u0022PlayerMechRaycastMilliseconds\u0022:0,\u0022PlayerDirectDamageMilliseconds\u0022:0,\u0022PlayerWeaponVisualMilliseconds\u0022:0}}"}
10-04 19:27:56.190  3817  3881 I godot   : QUEST_COMBAT_CHUNK: {"kind":"EVENT","runId":"20261004-182729-1d1caa","recordId":82,"index":0,"count":2,"data":"{\u0022runId\u0022:\u002220261004-182729-1d1caa\u0022,\u0022trial\u0022:1,\u0022Seconds\u0022:10.0848372,\u0022Ms\u0022:14.375200000001698,\u0022Combat\u0022:{\u0022EnemyAiTicks\u0022:4,\u0022EnemyAiElapsedTicks\u0022:351250,\u0022LineOfSightCalls\u0022:0,\u0022LineOfSightElapsedTicks\u0022:0,\u0022MissilePoolsCreated\u0022:0,\u0022MissilePoolCreationElapsedTicks\u0022:0,\u0022PlayerDirectRaycastCalls\u0022:0,\u0022PlayerDirectRaycastElapsedTicks\u0022:0,\u0022PlayerDirectDamageCalls\u0022:0,\u0022PlayerDirectDamageElapsedTicks\u0022:0,\u0022PlayerWeaponVisualCalls\u0022:0,\u0022PlayerWeaponVisualElapsedTicks\u0022:0,\u0022WeaponLaunches\u0022:0,\u0022EnemyWeaponLaunches\u0022:0,\u0022MissileLaunches\u0022:1,\u0022Impacts\u0022:0,\u0022ActiveMissiles\u0022:24"}
10-04 19:27:56.190  3817  3881 I godot   : QUEST_COMBAT_CHUNK: {"kind":"EVENT","runId":"20261004-182729-1d1caa","recordId":82,"index":1,"count":2,"data":",\u0022ActiveLasers\u0022:0,\u0022PlayerWorldRaycastElapsedTicks\u0022:0,\u0022PlayerMechRaycastElapsedTicks\u0022:0,\u0022WeaponEffectPoolBuilds\u0022:0,\u0022WeaponEffectPoolFallbacks\u0022:0,\u0022EnemyAiMilliseconds\u0022:0.35125,\u0022EnemyAiElapsedMs\u0022:0.35125,\u0022LineOfSightMilliseconds\u0022:0,\u0022LineOfSightElapsedMs\u0022:0,\u0022MissilePoolCreationMilliseconds\u0022:0,\u0022MissilePoolCreationElapsedMs\u0022:0,\u0022PlayerDirectRaycastMilliseconds\u0022:0,\u0022PlayerWorldRaycastMilliseconds\u0022:0,\u0022PlayerMechRaycastMilliseconds\u0022:0,\u0022PlayerDirectDamageMilliseconds\u0022:0,\u0022PlayerWeaponVisualMilliseconds\u0022:0}}"}
10-04 19:27:56.190  3817  3881 I godot   : QUEST_COMBAT_CHUNK: {"kind":"EVENT","runId":"20261004-182729-1d1caa","recordId":83,"index":0,"count":2,"data":"{\u0022runId\u0022:\u002220261004-182729-1d1caa\u0022,\u0022trial\u0022:1,\u0022Seconds\u0022:10.1189812,\u0022Ms\u0022:17.282599999999704,\u0022Combat\u0022:{\u0022EnemyAiTicks\u0022:4,\u0022EnemyAiElapsedTicks\u0022:368645,\u0022LineOfSightCalls\u0022:0,\u0022LineOfSightElapsedTicks\u0022:0,\u0022MissilePoolsCreated\u0022:0,\u0022MissilePoolCreationElapsedTicks\u0022:0,\u0022PlayerDirectRaycastCalls\u0022:0,\u0022PlayerDirectRaycastElapsedTicks\u0022:0,\u0022PlayerDirectDamageCalls\u0022:0,\u0022PlayerDirectDamageElapsedTicks\u0022:0,\u0022PlayerWeaponVisualCalls\u0022:0,\u0022PlayerWeaponVisualElapsedTicks\u0022:0,\u0022WeaponLaunches\u0022:0,\u0022EnemyWeaponLaunches\u0022:0,\u0022MissileLaunches\u0022:1,\u0022Impacts\u0022:0,\u0022ActiveMissiles\u0022:25"}
10-04 19:27:56.190  3817  3881 I godot   : QUEST_COMBAT_CHUNK: {"kind":"EVENT","runId":"20261004-182729-1d1caa","recordId":83,"index":1,"count":2,"data":",\u0022ActiveLasers\u0022:0,\u0022PlayerWorldRaycastElapsedTicks\u0022:0,\u0022PlayerMechRaycastElapsedTicks\u0022:0,\u0022WeaponEffectPoolBuilds\u0022:0,\u0022WeaponEffectPoolFallbacks\u0022:0,\u0022EnemyAiMilliseconds\u0022:0.368645,\u0022EnemyAiElapsedMs\u0022:0.368645,\u0022LineOfSightMilliseconds\u0022:0,\u0022LineOfSightElapsedMs\u0022:0,\u0022MissilePoolCreationMilliseconds\u0022:0,\u0022MissilePoolCreationElapsedMs\u0022:0,\u0022PlayerDirectRaycastMilliseconds\u0022:0,\u0022PlayerWorldRaycastMilliseconds\u0022:0,\u0022PlayerMechRaycastMilliseconds\u0022:0,\u0022PlayerDirectDamageMilliseconds\u0022:0,\u0022PlayerWeaponVisualMilliseconds\u0022:0}}"}
10-04 19:27:56.190  3817  3881 I godot   : QUEST_COMBAT_CHUNK: {"kind":"EVENT","runId":"20261004-182729-1d1caa","recordId":84,"index":0,"count":2,"data":"{\u0022runId\u0022:\u002220261004-182729-1d1caa\u0022,\u0022trial\u0022:1,\u0022Seconds\u0022:10.1533233,\u0022Ms\u0022:17.01410000000081,\u0022Combat\u0022:{\u0022EnemyAiTicks\u0022:4,\u0022EnemyAiElapsedTicks\u0022:353594,\u0022LineOfSightCalls\u0022:0,\u0022LineOfSightElapsedTicks\u0022:0,\u0022MissilePoolsCreated\u0022:0,\u0022MissilePoolCreationElapsedTicks\u0022:0,\u0022PlayerDirectRaycastCalls\u0022:0,\u0022PlayerDirectRaycastElapsedTicks\u0022:0,\u0022PlayerDirectDamageCalls\u0022:0,\u0022PlayerDirectDamageElapsedTicks\u0022:0,\u0022PlayerWeaponVisualCalls\u0022:0,\u0022PlayerWeaponVisualElapsedTicks\u0022:0,\u0022WeaponLaunches\u0022:0,\u0022EnemyWeaponLaunches\u0022:0,\u0022MissileLaunches\u0022:1,\u0022Impacts\u0022:0,\u0022ActiveMissiles\u0022:26,"}
10-04 19:27:56.190  3817  3881 I godot   : QUEST_COMBAT_CHUNK: {"kind":"EVENT","runId":"20261004-182729-1d1caa","recordId":84,"index":1,"count":2,"data":"\u0022ActiveLasers\u0022:0,\u0022PlayerWorldRaycastElapsedTicks\u0022:0,\u0022PlayerMechRaycastElapsedTicks\u0022:0,\u0022WeaponEffectPoolBuilds\u0022:0,\u0022WeaponEffectPoolFallbacks\u0022:0,\u0022EnemyAiMilliseconds\u0022:0.353594,\u0022EnemyAiElapsedMs\u0022:0.353594,\u0022LineOfSightMilliseconds\u0022:0,\u0022LineOfSightElapsedMs\u0022:0,\u0022MissilePoolCreationMilliseconds\u0022:0,\u0022MissilePoolCreationElapsedMs\u0022:0,\u0022PlayerDirectRaycastMilliseconds\u0022:0,\u0022PlayerWorldRaycastMilliseconds\u0022:0,\u0022PlayerMechRaycastMilliseconds\u0022:0,\u0022PlayerDirectDamageMilliseconds\u0022:0,\u0022PlayerWeaponVisualMilliseconds\u0022:0}}"}
10-04 19:27:56.191  3817  3881 I godot   : QUEST_COMBAT_CHUNK: {"kind":"EVENT","runId":"20261004-182729-1d1caa","recordId":85,"index":0,"count":2,"data":"{\u0022runId\u0022:\u002220261004-182729-1d1caa\u0022,\u0022trial\u0022:1,\u0022Seconds\u0022:10.1878845,\u0022Ms\u0022:16.64709999999836,\u0022Combat\u0022:{\u0022EnemyAiTicks\u0022:4,\u0022EnemyAiElapsedTicks\u0022:368385,\u0022LineOfSightCalls\u0022:0,\u0022LineOfSightElapsedTicks\u0022:0,\u0022MissilePoolsCreated\u0022:0,\u0022MissilePoolCreationElapsedTicks\u0022:0,\u0022PlayerDirectRaycastCalls\u0022:0,\u0022PlayerDirectRaycastElapsedTicks\u0022:0,\u0022PlayerDirectDamageCalls\u0022:0,\u0022PlayerDirectDamageElapsedTicks\u0022:0,\u0022PlayerWeaponVisualCalls\u0022:0,\u0022PlayerWeaponVisualElapsedTicks\u0022:0,\u0022WeaponLaunches\u0022:0,\u0022EnemyWeaponLaunches\u0022:0,\u0022MissileLaunches\u0022:1,\u0022Impacts\u0022:0,\u0022ActiveMissiles\u0022:27,"}
10-04 19:27:56.191  3817  3881 I godot   : QUEST_COMBAT_CHUNK: {"kind":"EVENT","runId":"20261004-182729-1d1caa","recordId":85,"index":1,"count":2,"data":"\u0022ActiveLasers\u0022:0,\u0022PlayerWorldRaycastElapsedTicks\u0022:0,\u0022PlayerMechRaycastElapsedTicks\u0022:0,\u0022WeaponEffectPoolBuilds\u0022:0,\u0022WeaponEffectPoolFallbacks\u0022:0,\u0022EnemyAiMilliseconds\u0022:0.368385,\u0022EnemyAiElapsedMs\u0022:0.368385,\u0022LineOfSightMilliseconds\u0022:0,\u0022LineOfSightElapsedMs\u0022:0,\u0022MissilePoolCreationMilliseconds\u0022:0,\u0022MissilePoolCreationElapsedMs\u0022:0,\u0022PlayerDirectRaycastMilliseconds\u0022:0,\u0022PlayerWorldRaycastMilliseconds\u0022:0,\u0022PlayerMechRaycastMilliseconds\u0022:0,\u0022PlayerDirectDamageMilliseconds\u0022:0,\u0022PlayerWeaponVisualMilliseconds\u0022:0}}"}
10-04 19:27:56.191  3817  3881 I godot   : QUEST_COMBAT_CHUNK: {"kind":"EVENT","runId":"20261004-182729-1d1caa","recordId":86,"index":0,"count":2,"data":"{\u0022runId\u0022:\u002220261004-182729-1d1caa\u0022,\u0022trial\u0022:1,\u0022Seconds\u0022:10.5177374,\u0022Ms\u0022:16.016499999999212,\u0022Combat\u0022:{\u0022EnemyAiTicks\u0022:4,\u0022EnemyAiElapsedTicks\u0022:339999,\u0022LineOfSightCalls\u0022:0,\u0022LineOfSightElapsedTicks\u0022:0,\u0022MissilePoolsCreated\u0022:0,\u0022MissilePoolCreationElapsedTicks\u0022:0,\u0022PlayerDirectRaycastCalls\u0022:0,\u0022PlayerDirectRaycastElapsedTicks\u0022:0,\u0022PlayerDirectDamageCalls\u0022:0,\u0022PlayerDirectDamageElapsedTicks\u0022:0,\u0022PlayerWeaponVisualCalls\u0022:0,\u0022PlayerWeaponVisualElapsedTicks\u0022:0,\u0022WeaponLaunches\u0022:1,\u0022EnemyWeaponLaunches\u0022:0,\u0022MissileLaunches\u0022:1,\u0022Impacts\u0022:0,\u0022ActiveMissiles\u0022:28"}
10-04 19:27:56.191  3817  3881 I godot   : QUEST_COMBAT_CHUNK: {"kind":"EVENT","runId":"20261004-182729-1d1caa","recordId":86,"index":1,"count":2,"data":",\u0022ActiveLasers\u0022:0,\u0022PlayerWorldRaycastElapsedTicks\u0022:0,\u0022PlayerMechRaycastElapsedTicks\u0022:0,\u0022WeaponEffectPoolBuilds\u0022:0,\u0022WeaponEffectPoolFallbacks\u0022:0,\u0022EnemyAiMilliseconds\u0022:0.339999,\u0022EnemyAiElapsedMs\u0022:0.339999,\u0022LineOfSightMilliseconds\u0022:0,\u0022LineOfSightElapsedMs\u0022:0,\u0022MissilePoolCreationMilliseconds\u0022:0,\u0022MissilePoolCreationElapsedMs\u0022:0,\u0022PlayerDirectRaycastMilliseconds\u0022:0,\u0022PlayerWorldRaycastMilliseconds\u0022:0,\u0022PlayerMechRaycastMilliseconds\u0022:0,\u0022PlayerDirectDamageMilliseconds\u0022:0,\u0022PlayerWeaponVisualMilliseconds\u0022:0}}"}
10-04 19:27:56.191  3817  3881 I godot   : QUEST_COMBAT_CHUNK: {"kind":"EVENT","runId":"20261004-182729-1d1caa","recordId":87,"index":0,"count":2,"data":"{\u0022runId\u0022:\u002220261004-182729-1d1caa\u0022,\u0022trial\u0022:1,\u0022Seconds\u0022:10.5510372,\u0022Ms\u0022:16.38810000000035,\u0022Combat\u0022:{\u0022EnemyAiTicks\u0022:4,\u0022EnemyAiElapsedTicks\u0022:512396,\u0022LineOfSightCalls\u0022:1,\u0022LineOfSightElapsedTicks\u0022:189062,\u0022MissilePoolsCreated\u0022:0,\u0022MissilePoolCreationElapsedTicks\u0022:0,\u0022PlayerDirectRaycastCalls\u0022:0,\u0022PlayerDirectRaycastElapsedTicks\u0022:0,\u0022PlayerDirectDamageCalls\u0022:0,\u0022PlayerDirectDamageElapsedTicks\u0022:0,\u0022PlayerWeaponVisualCalls\u0022:0,\u0022PlayerWeaponVisualElapsedTicks\u0022:0,\u0022WeaponLaunches\u0022:0,\u0022EnemyWeaponLaunches\u0022:0,\u0022MissileLaunches\u0022:1,\u0022Impacts\u0022:0,\u0022ActiveMissiles"}
10-04 19:27:56.191  3817  3881 I godot   : QUEST_COMBAT_CHUNK: {"kind":"EVENT","runId":"20261004-182729-1d1caa","recordId":87,"index":1,"count":2,"data":"\u0022:29,\u0022ActiveLasers\u0022:0,\u0022PlayerWorldRaycastElapsedTicks\u0022:0,\u0022PlayerMechRaycastElapsedTicks\u0022:0,\u0022WeaponEffectPoolBuilds\u0022:0,\u0022WeaponEffectPoolFallbacks\u0022:0,\u0022EnemyAiMilliseconds\u0022:0.512396,\u0022EnemyAiElapsedMs\u0022:0.512396,\u0022LineOfSightMilliseconds\u0022:0.189062,\u0022LineOfSightElapsedMs\u0022:0.189062,\u0022MissilePoolCreationMilliseconds\u0022:0,\u0022MissilePoolCreationElapsedMs\u0022:0,\u0022PlayerDirectRaycastMilliseconds\u0022:0,\u0022PlayerWorldRaycastMilliseconds\u0022:0,\u0022PlayerMechRaycastMilliseconds\u0022:0,\u0022PlayerDirectDamageMilliseconds\u0022:0,\u0022PlayerWeaponVisualMilliseconds\u0022:0}}"}
10-04 19:27:56.191  3817  3881 I godot   : QUEST_COMBAT_CHUNK: {"kind":"EVENT","runId":"20261004-182729-1d1caa","recordId":88,"index":0,"count":2,"data":"{\u0022runId\u0022:\u002220261004-182729-1d1caa\u0022,\u0022trial\u0022:1,\u0022Seconds\u0022:10.5846072,\u0022Ms\u0022:16.964300000001487,\u0022Combat\u0022:{\u0022EnemyAiTicks\u0022:4,\u0022EnemyAiElapsedTicks\u0022:307448,\u0022LineOfSightCalls\u0022:0,\u0022LineOfSightElapsedTicks\u0022:0,\u0022MissilePoolsCreated\u0022:0,\u0022MissilePoolCreationElapsedTicks\u0022:0,\u0022PlayerDirectRaycastCalls\u0022:0,\u0022PlayerDirectRaycastElapsedTicks\u0022:0,\u0022PlayerDirectDamageCalls\u0022:0,\u0022PlayerDirectDamageElapsedTicks\u0022:0,\u0022PlayerWeaponVisualCalls\u0022:0,\u0022PlayerWeaponVisualElapsedTicks\u0022:0,\u0022WeaponLaunches\u0022:0,\u0022EnemyWeaponLaunches\u0022:0,\u0022MissileLaunches\u0022:1,\u0022Impacts\u0022:0,\u0022ActiveMissiles\u0022:30"}
10-04 19:27:56.192  3817  3881 I godot   : QUEST_COMBAT_CHUNK: {"kind":"EVENT","runId":"20261004-182729-1d1caa","recordId":88,"index":1,"count":2,"data":",\u0022ActiveLasers\u0022:0,\u0022PlayerWorldRaycastElapsedTicks\u0022:0,\u0022PlayerMechRaycastElapsedTicks\u0022:0,\u0022WeaponEffectPoolBuilds\u0022:0,\u0022WeaponEffectPoolFallbacks\u0022:0,\u0022EnemyAiMilliseconds\u0022:0.307448,\u0022EnemyAiElapsedMs\u0022:0.307448,\u0022LineOfSightMilliseconds\u0022:0,\u0022LineOfSightElapsedMs\u0022:0,\u0022MissilePoolCreationMilliseconds\u0022:0,\u0022MissilePoolCreationElapsedMs\u0022:0,\u0022PlayerDirectRaycastMilliseconds\u0022:0,\u0022PlayerWorldRaycastMilliseconds\u0022:0,\u0022PlayerMechRaycastMilliseconds\u0022:0,\u0022PlayerDirectDamageMilliseconds\u0022:0,\u0022PlayerWeaponVisualMilliseconds\u0022:0}}"}
10-04 19:27:56.192  3817  3881 I godot   : QUEST_COMBAT_CHUNK: {"kind":"EVENT","runId":"20261004-182729-1d1caa","recordId":89,"index":0,"count":2,"data":"{\u0022runId\u0022:\u002220261004-182729-1d1caa\u0022,\u0022trial\u0022:1,\u0022Seconds\u0022:10.6208314,\u0022Ms\u0022:18.56979999999986,\u0022Combat\u0022:{\u0022EnemyAiTicks\u0022:4,\u0022EnemyAiElapsedTicks\u0022:310573,\u0022LineOfSightCalls\u0022:0,\u0022LineOfSightElapsedTicks\u0022:0,\u0022MissilePoolsCreated\u0022:0,\u0022MissilePoolCreationElapsedTicks\u0022:0,\u0022PlayerDirectRaycastCalls\u0022:0,\u0022PlayerDirectRaycastElapsedTicks\u0022:0,\u0022PlayerDirectDamageCalls\u0022:0,\u0022PlayerDirectDamageElapsedTicks\u0022:0,\u0022PlayerWeaponVisualCalls\u0022:0,\u0022PlayerWeaponVisualElapsedTicks\u0022:0,\u0022WeaponLaunches\u0022:0,\u0022EnemyWeaponLaunches\u0022:0,\u0022MissileLaunches\u0022:1,\u0022Impacts\u0022:0,\u0022ActiveMissiles\u0022:31,"}
10-04 19:27:56.192  3817  3881 I godot   : QUEST_COMBAT_CHUNK: {"kind":"EVENT","runId":"20261004-182729-1d1caa","recordId":89,"index":1,"count":2,"data":"\u0022ActiveLasers\u0022:0,\u0022PlayerWorldRaycastElapsedTicks\u0022:0,\u0022PlayerMechRaycastElapsedTicks\u0022:0,\u0022WeaponEffectPoolBuilds\u0022:0,\u0022WeaponEffectPoolFallbacks\u0022:0,\u0022EnemyAiMilliseconds\u0022:0.310573,\u0022EnemyAiElapsedMs\u0022:0.310573,\u0022LineOfSightMilliseconds\u0022:0,\u0022LineOfSightElapsedMs\u0022:0,\u0022MissilePoolCreationMilliseconds\u0022:0,\u0022MissilePoolCreationElapsedMs\u0022:0,\u0022PlayerDirectRaycastMilliseconds\u0022:0,\u0022PlayerWorldRaycastMilliseconds\u0022:0,\u0022PlayerMechRaycastMilliseconds\u0022:0,\u0022PlayerDirectDamageMilliseconds\u0022:0,\u0022PlayerWeaponVisualMilliseconds\u0022:0}}"}
10-04 19:27:56.192  3817  3881 I godot   : QUEST_COMBAT_CHUNK: {"kind":"EVENT","runId":"20261004-182729-1d1caa","recordId":90,"index":0,"count":2,"data":"{\u0022runId\u0022:\u002220261004-182729-1d1caa\u0022,\u0022trial\u0022:1,\u0022Seconds\u0022:10.6603741,\u0022Ms\u0022:22.636099999999715,\u0022Combat\u0022:{\u0022EnemyAiTicks\u0022:4,\u0022EnemyAiElapsedTicks\u0022:6987657,\u0022LineOfSightCalls\u0022:0,\u0022LineOfSightElapsedTicks\u0022:0,\u0022MissilePoolsCreated\u0022:0,\u0022MissilePoolCreationElapsedTicks\u0022:0,\u0022PlayerDirectRaycastCalls\u0022:0,\u0022PlayerDirectRaycastElapsedTicks\u0022:0,\u0022PlayerDirectDamageCalls\u0022:0,\u0022PlayerDirectDamageElapsedTicks\u0022:0,\u0022PlayerWeaponVisualCalls\u0022:0,\u0022PlayerWeaponVisualElapsedTicks\u0022:0,\u0022WeaponLaunches\u0022:0,\u0022EnemyWeaponLaunches\u0022:0,\u0022MissileLaunches\u0022:1,\u0022Impacts\u0022:0,\u0022ActiveMissiles\u0022:3"}
10-04 19:27:56.192  3817  3881 I godot   : QUEST_COMBAT_CHUNK: {"kind":"EVENT","runId":"20261004-182729-1d1caa","recordId":90,"index":1,"count":2,"data":"2,\u0022ActiveLasers\u0022:0,\u0022PlayerWorldRaycastElapsedTicks\u0022:0,\u0022PlayerMechRaycastElapsedTicks\u0022:0,\u0022WeaponEffectPoolBuilds\u0022:0,\u0022WeaponEffectPoolFallbacks\u0022:0,\u0022EnemyAiMilliseconds\u0022:6.987657,\u0022EnemyAiElapsedMs\u0022:6.987657,\u0022LineOfSightMilliseconds\u0022:0,\u0022LineOfSightElapsedMs\u0022:0,\u0022MissilePoolCreationMilliseconds\u0022:0,\u0022MissilePoolCreationElapsedMs\u0022:0,\u0022PlayerDirectRaycastMilliseconds\u0022:0,\u0022PlayerWorldRaycastMilliseconds\u0022:0,\u0022PlayerMechRaycastMilliseconds\u0022:0,\u0022PlayerDirectDamageMilliseconds\u0022:0,\u0022PlayerWeaponVisualMilliseconds\u0022:0}}"}
10-04 19:27:56.192  3817  3881 I godot   : QUEST_COMBAT_CHUNK: {"kind":"EVENT","runId":"20261004-182729-1d1caa","recordId":91,"index":0,"count":2,"data":"{\u0022runId\u0022:\u002220261004-182729-1d1caa\u0022,\u0022trial\u0022:1,\u0022Seconds\u0022:10.689657,\u0022Ms\u0022:19.36659999999968,\u0022Combat\u0022:{\u0022EnemyAiTicks\u0022:4,\u0022EnemyAiElapsedTicks\u0022:559167,\u0022LineOfSightCalls\u0022:0,\u0022LineOfSightElapsedTicks\u0022:0,\u0022MissilePoolsCreated\u0022:0,\u0022MissilePoolCreationElapsedTicks\u0022:0,\u0022PlayerDirectRaycastCalls\u0022:0,\u0022PlayerDirectRaycastElapsedTicks\u0022:0,\u0022PlayerDirectDamageCalls\u0022:0,\u0022PlayerDirectDamageElapsedTicks\u0022:0,\u0022PlayerWeaponVisualCalls\u0022:0,\u0022PlayerWeaponVisualElapsedTicks\u0022:0,\u0022WeaponLaunches\u0022:0,\u0022EnemyWeaponLaunches\u0022:0,\u0022MissileLaunches\u0022:1,\u0022Impacts\u0022:0,\u0022ActiveMissiles\u0022:33,"}
10-04 19:27:56.192  3817  3881 I godot   : QUEST_COMBAT_CHUNK: {"kind":"EVENT","runId":"20261004-182729-1d1caa","recordId":91,"index":1,"count":2,"data":"\u0022ActiveLasers\u0022:0,\u0022PlayerWorldRaycastElapsedTicks\u0022:0,\u0022PlayerMechRaycastElapsedTicks\u0022:0,\u0022WeaponEffectPoolBuilds\u0022:0,\u0022WeaponEffectPoolFallbacks\u0022:0,\u0022EnemyAiMilliseconds\u0022:0.559167,\u0022EnemyAiElapsedMs\u0022:0.559167,\u0022LineOfSightMilliseconds\u0022:0,\u0022LineOfSightElapsedMs\u0022:0,\u0022MissilePoolCreationMilliseconds\u0022:0,\u0022MissilePoolCreationElapsedMs\u0022:0,\u0022PlayerDirectRaycastMilliseconds\u0022:0,\u0022PlayerWorldRaycastMilliseconds\u0022:0,\u0022PlayerMechRaycastMilliseconds\u0022:0,\u0022PlayerDirectDamageMilliseconds\u0022:0,\u0022PlayerWeaponVisualMilliseconds\u0022:0}}"}
10-04 19:27:56.193  3817  3881 I godot   : QUEST_COMBAT_CHUNK: {"kind":"EVENT","runId":"20261004-182729-1d1caa","recordId":92,"index":0,"count":2,"data":"{\u0022runId\u0022:\u002220261004-182729-1d1caa\u0022,\u0022trial\u0022:1,\u0022Seconds\u0022:10.7448866,\u0022Ms\u0022:19.775399999998555,\u0022Combat\u0022:{\u0022EnemyAiTicks\u0022:4,\u0022EnemyAiElapsedTicks\u0022:505053,\u0022LineOfSightCalls\u0022:0,\u0022LineOfSightElapsedTicks\u0022:0,\u0022MissilePoolsCreated\u0022:0,\u0022MissilePoolCreationElapsedTicks\u0022:0,\u0022PlayerDirectRaycastCalls\u0022:0,\u0022PlayerDirectRaycastElapsedTicks\u0022:0,\u0022PlayerDirectDamageCalls\u0022:0,\u0022PlayerDirectDamageElapsedTicks\u0022:0,\u0022PlayerWeaponVisualCalls\u0022:0,\u0022PlayerWeaponVisualElapsedTicks\u0022:0,\u0022WeaponLaunches\u0022:0,\u0022EnemyWeaponLaunches\u0022:0,\u0022MissileLaunches\u0022:1,\u0022Impacts\u0022:0,\u0022ActiveMissiles\u0022:34"}
10-04 19:27:56.193  3817  3881 I godot   : QUEST_COMBAT_CHUNK: {"kind":"EVENT","runId":"20261004-182729-1d1caa","recordId":92,"index":1,"count":2,"data":",\u0022ActiveLasers\u0022:0,\u0022PlayerWorldRaycastElapsedTicks\u0022:0,\u0022PlayerMechRaycastElapsedTicks\u0022:0,\u0022WeaponEffectPoolBuilds\u0022:0,\u0022WeaponEffectPoolFallbacks\u0022:0,\u0022EnemyAiMilliseconds\u0022:0.505053,\u0022EnemyAiElapsedMs\u0022:0.505053,\u0022LineOfSightMilliseconds\u0022:0,\u0022LineOfSightElapsedMs\u0022:0,\u0022MissilePoolCreationMilliseconds\u0022:0,\u0022MissilePoolCreationElapsedMs\u0022:0,\u0022PlayerDirectRaycastMilliseconds\u0022:0,\u0022PlayerWorldRaycastMilliseconds\u0022:0,\u0022PlayerMechRaycastMilliseconds\u0022:0,\u0022PlayerDirectDamageMilliseconds\u0022:0,\u0022PlayerWeaponVisualMilliseconds\u0022:0}}"}
10-04 19:27:56.193  3817  3881 I godot   : QUEST_COMBAT_CHUNK: {"kind":"EVENT","runId":"20261004-182729-1d1caa","recordId":93,"index":0,"count":2,"data":"{\u0022runId\u0022:\u002220261004-182729-1d1caa\u0022,\u0022trial\u0022:1,\u0022Seconds\u0022:10.7791835,\u0022Ms\u0022:17.182500000000545,\u0022Combat\u0022:{\u0022EnemyAiTicks\u0022:4,\u0022EnemyAiElapsedTicks\u0022:601927,\u0022LineOfSightCalls\u0022:0,\u0022LineOfSightElapsedTicks\u0022:0,\u0022MissilePoolsCreated\u0022:0,\u0022MissilePoolCreationElapsedTicks\u0022:0,\u0022PlayerDirectRaycastCalls\u0022:0,\u0022PlayerDirectRaycastElapsedTicks\u0022:0,\u0022PlayerDirectDamageCalls\u0022:0,\u0022PlayerDirectDamageElapsedTicks\u0022:0,\u0022PlayerWeaponVisualCalls\u0022:0,\u0022PlayerWeaponVisualElapsedTicks\u0022:0,\u0022WeaponLaunches\u0022:0,\u0022EnemyWeaponLaunches\u0022:0,\u0022MissileLaunches\u0022:1,\u0022Impacts\u0022:0,\u0022ActiveMissiles\u0022:35"}
10-04 19:27:56.193  3817  3881 I godot   : QUEST_COMBAT_CHUNK: {"kind":"EVENT","runId":"20261004-182729-1d1caa","recordId":93,"index":1,"count":2,"data":",\u0022ActiveLasers\u0022:0,\u0022PlayerWorldRaycastElapsedTicks\u0022:0,\u0022PlayerMechRaycastElapsedTicks\u0022:0,\u0022WeaponEffectPoolBuilds\u0022:0,\u0022WeaponEffectPoolFallbacks\u0022:0,\u0022EnemyAiMilliseconds\u0022:0.601927,\u0022EnemyAiElapsedMs\u0022:0.601927,\u0022LineOfSightMilliseconds\u0022:0,\u0022LineOfSightElapsedMs\u0022:0,\u0022MissilePoolCreationMilliseconds\u0022:0,\u0022MissilePoolCreationElapsedMs\u0022:0,\u0022PlayerDirectRaycastMilliseconds\u0022:0,\u0022PlayerWorldRaycastMilliseconds\u0022:0,\u0022PlayerMechRaycastMilliseconds\u0022:0,\u0022PlayerDirectDamageMilliseconds\u0022:0,\u0022PlayerWeaponVisualMilliseconds\u0022:0}}"}
10-04 19:27:56.193  3817  3881 I godot   : QUEST_COMBAT_CHUNK: {"kind":"EVENT","runId":"20261004-182729-1d1caa","recordId":94,"index":0,"count":2,"data":"{\u0022runId\u0022:\u002220261004-182729-1d1caa\u0022,\u0022trial\u0022:1,\u0022Seconds\u0022:10.8154736,\u0022Ms\u0022:18.631200000001513,\u0022Combat\u0022:{\u0022EnemyAiTicks\u0022:4,\u0022EnemyAiElapsedTicks\u0022:788073,\u0022LineOfSightCalls\u0022:0,\u0022LineOfSightElapsedTicks\u0022:0,\u0022MissilePoolsCreated\u0022:0,\u0022MissilePoolCreationElapsedTicks\u0022:0,\u0022PlayerDirectRaycastCalls\u0022:0,\u0022PlayerDirectRaycastElapsedTicks\u0022:0,\u0022PlayerDirectDamageCalls\u0022:0,\u0022PlayerDirectDamageElapsedTicks\u0022:0,\u0022PlayerWeaponVisualCalls\u0022:0,\u0022PlayerWeaponVisualElapsedTicks\u0022:0,\u0022WeaponLaunches\u0022:0,\u0022EnemyWeaponLaunches\u0022:0,\u0022MissileLaunches\u0022:1,\u0022Impacts\u0022:0,\u0022ActiveMissiles\u0022:36"}
10-04 19:27:56.193  3817  3881 I godot   : QUEST_COMBAT_CHUNK: {"kind":"EVENT","runId":"20261004-182729-1d1caa","recordId":94,"index":1,"count":2,"data":",\u0022ActiveLasers\u0022:0,\u0022PlayerWorldRaycastElapsedTicks\u0022:0,\u0022PlayerMechRaycastElapsedTicks\u0022:0,\u0022WeaponEffectPoolBuilds\u0022:0,\u0022WeaponEffectPoolFallbacks\u0022:0,\u0022EnemyAiMilliseconds\u0022:0.788073,\u0022EnemyAiElapsedMs\u0022:0.788073,\u0022LineOfSightMilliseconds\u0022:0,\u0022LineOfSightElapsedMs\u0022:0,\u0022MissilePoolCreationMilliseconds\u0022:0,\u0022MissilePoolCreationElapsedMs\u0022:0,\u0022PlayerDirectRaycastMilliseconds\u0022:0,\u0022PlayerWorldRaycastMilliseconds\u0022:0,\u0022PlayerMechRaycastMilliseconds\u0022:0,\u0022PlayerDirectDamageMilliseconds\u0022:0,\u0022PlayerWeaponVisualMilliseconds\u0022:0}}"}
10-04 19:27:56.193  3817  3881 I godot   : QUEST_COMBAT_CHUNK: {"kind":"EVENT","runId":"20261004-182729-1d1caa","recordId":95,"index":0,"count":2,"data":"{\u0022runId\u0022:\u002220261004-182729-1d1caa\u0022,\u0022trial\u0022:1,\u0022Seconds\u0022:10.8330669,\u0022Ms\u0022:17.5932999999997,\u0022Combat\u0022:{\u0022EnemyAiTicks\u0022:4,\u0022EnemyAiElapsedTicks\u0022:639687,\u0022LineOfSightCalls\u0022:1,\u0022LineOfSightElapsedTicks\u0022:192448,\u0022MissilePoolsCreated\u0022:0,\u0022MissilePoolCreationElapsedTicks\u0022:0,\u0022PlayerDirectRaycastCalls\u0022:0,\u0022PlayerDirectRaycastElapsedTicks\u0022:0,\u0022PlayerDirectDamageCalls\u0022:0,\u0022PlayerDirectDamageElapsedTicks\u0022:0,\u0022PlayerWeaponVisualCalls\u0022:0,\u0022PlayerWeaponVisualElapsedTicks\u0022:0,\u0022WeaponLaunches\u0022:0,\u0022EnemyWeaponLaunches\u0022:0,\u0022MissileLaunches\u0022:1,\u0022Impacts\u0022:0,\u0022ActiveMissiles\u0022"}
10-04 19:27:56.193  3817  3881 I godot   : QUEST_COMBAT_CHUNK: {"kind":"EVENT","runId":"20261004-182729-1d1caa","recordId":95,"index":1,"count":2,"data":":37,\u0022ActiveLasers\u0022:0,\u0022PlayerWorldRaycastElapsedTicks\u0022:0,\u0022PlayerMechRaycastElapsedTicks\u0022:0,\u0022WeaponEffectPoolBuilds\u0022:0,\u0022WeaponEffectPoolFallbacks\u0022:0,\u0022EnemyAiMilliseconds\u0022:0.639687,\u0022EnemyAiElapsedMs\u0022:0.639687,\u0022LineOfSightMilliseconds\u0022:0.192448,\u0022LineOfSightElapsedMs\u0022:0.192448,\u0022MissilePoolCreationMilliseconds\u0022:0,\u0022MissilePoolCreationElapsedMs\u0022:0,\u0022PlayerDirectRaycastMilliseconds\u0022:0,\u0022PlayerWorldRaycastMilliseconds\u0022:0,\u0022PlayerMechRaycastMilliseconds\u0022:0,\u0022PlayerDirectDamageMilliseconds\u0022:0,\u0022PlayerWeaponVisualMilliseconds\u0022:0}}"}
10-04 19:27:56.194  3817  3881 I godot   : QUEST_COMBAT_CHUNK: {"kind":"EVENT","runId":"20261004-182729-1d1caa","recordId":96,"index":0,"count":2,"data":"{\u0022runId\u0022:\u002220261004-182729-1d1caa\u0022,\u0022trial\u0022:1,\u0022Seconds\u0022:10.8705178,\u0022Ms\u0022:17.58429999999933,\u0022Combat\u0022:{\u0022EnemyAiTicks\u0022:4,\u0022EnemyAiElapsedTicks\u0022:258906,\u0022LineOfSightCalls\u0022:0,\u0022LineOfSightElapsedTicks\u0022:0,\u0022MissilePoolsCreated\u0022:0,\u0022MissilePoolCreationElapsedTicks\u0022:0,\u0022PlayerDirectRaycastCalls\u0022:0,\u0022PlayerDirectRaycastElapsedTicks\u0022:0,\u0022PlayerDirectDamageCalls\u0022:0,\u0022PlayerDirectDamageElapsedTicks\u0022:0,\u0022PlayerWeaponVisualCalls\u0022:0,\u0022PlayerWeaponVisualElapsedTicks\u0022:0,\u0022WeaponLaunches\u0022:0,\u0022EnemyWeaponLaunches\u0022:0,\u0022MissileLaunches\u0022:1,\u0022Impacts\u0022:0,\u0022ActiveMissiles\u0022:38,"}
10-04 19:27:56.194  3817  3881 I godot   : QUEST_COMBAT_CHUNK: {"kind":"EVENT","runId":"20261004-182729-1d1caa","recordId":96,"index":1,"count":2,"data":"\u0022ActiveLasers\u0022:0,\u0022PlayerWorldRaycastElapsedTicks\u0022:0,\u0022PlayerMechRaycastElapsedTicks\u0022:0,\u0022WeaponEffectPoolBuilds\u0022:0,\u0022WeaponEffectPoolFallbacks\u0022:0,\u0022EnemyAiMilliseconds\u0022:0.258906,\u0022EnemyAiElapsedMs\u0022:0.258906,\u0022LineOfSightMilliseconds\u0022:0,\u0022LineOfSightElapsedMs\u0022:0,\u0022MissilePoolCreationMilliseconds\u0022:0,\u0022MissilePoolCreationElapsedMs\u0022:0,\u0022PlayerDirectRaycastMilliseconds\u0022:0,\u0022PlayerWorldRaycastMilliseconds\u0022:0,\u0022PlayerMechRaycastMilliseconds\u0022:0,\u0022PlayerDirectDamageMilliseconds\u0022:0,\u0022PlayerWeaponVisualMilliseconds\u0022:0}}"}
10-04 19:27:56.194  3817  3881 I godot   : QUEST_COMBAT_CHUNK: {"kind":"EVENT","runId":"20261004-182729-1d1caa","recordId":97,"index":0,"count":2,"data":"{\u0022runId\u0022:\u002220261004-182729-1d1caa\u0022,\u0022trial\u0022:1,\u0022Seconds\u0022:10.905799,\u0022Ms\u0022:18.843900000000247,\u0022Combat\u0022:{\u0022EnemyAiTicks\u0022:4,\u0022EnemyAiElapsedTicks\u0022:228228,\u0022LineOfSightCalls\u0022:0,\u0022LineOfSightElapsedTicks\u0022:0,\u0022MissilePoolsCreated\u0022:0,\u0022MissilePoolCreationElapsedTicks\u0022:0,\u0022PlayerDirectRaycastCalls\u0022:0,\u0022PlayerDirectRaycastElapsedTicks\u0022:0,\u0022PlayerDirectDamageCalls\u0022:0,\u0022PlayerDirectDamageElapsedTicks\u0022:0,\u0022PlayerWeaponVisualCalls\u0022:0,\u0022PlayerWeaponVisualElapsedTicks\u0022:0,\u0022WeaponLaunches\u0022:0,\u0022EnemyWeaponLaunches\u0022:0,\u0022MissileLaunches\u0022:1,\u0022Impacts\u0022:0,\u0022ActiveMissiles\u0022:39,"}
10-04 19:27:56.194  3817  3881 I godot   : QUEST_COMBAT_CHUNK: {"kind":"EVENT","runId":"20261004-182729-1d1caa","recordId":97,"index":1,"count":2,"data":"\u0022ActiveLasers\u0022:0,\u0022PlayerWorldRaycastElapsedTicks\u0022:0,\u0022PlayerMechRaycastElapsedTicks\u0022:0,\u0022WeaponEffectPoolBuilds\u0022:0,\u0022WeaponEffectPoolFallbacks\u0022:0,\u0022EnemyAiMilliseconds\u0022:0.228228,\u0022EnemyAiElapsedMs\u0022:0.228228,\u0022LineOfSightMilliseconds\u0022:0,\u0022LineOfSightElapsedMs\u0022:0,\u0022MissilePoolCreationMilliseconds\u0022:0,\u0022MissilePoolCreationElapsedMs\u0022:0,\u0022PlayerDirectRaycastMilliseconds\u0022:0,\u0022PlayerWorldRaycastMilliseconds\u0022:0,\u0022PlayerMechRaycastMilliseconds\u0022:0,\u0022PlayerDirectDamageMilliseconds\u0022:0,\u0022PlayerWeaponVisualMilliseconds\u0022:0}}"}
10-04 19:27:56.194  3817  3881 I godot   : QUEST_COMBAT_CHUNK: {"kind":"EVENT","runId":"20261004-182729-1d1caa","recordId":98,"index":0,"count":2,"data":"{\u0022runId\u0022:\u002220261004-182729-1d1caa\u0022,\u0022trial\u0022:1,\u0022Seconds\u0022:10.9423388,\u0022Ms\u0022:16.811499999999313,\u0022Combat\u0022:{\u0022EnemyAiTicks\u0022:4,\u0022EnemyAiElapsedTicks\u0022:249063,\u0022LineOfSightCalls\u0022:0,\u0022LineOfSightElapsedTicks\u0022:0,\u0022MissilePoolsCreated\u0022:0,\u0022MissilePoolCreationElapsedTicks\u0022:0,\u0022PlayerDirectRaycastCalls\u0022:0,\u0022PlayerDirectRaycastElapsedTicks\u0022:0,\u0022PlayerDirectDamageCalls\u0022:0,\u0022PlayerDirectDamageElapsedTicks\u0022:0,\u0022PlayerWeaponVisualCalls\u0022:0,\u0022PlayerWeaponVisualElapsedTicks\u0022:0,\u0022WeaponLaunches\u0022:0,\u0022EnemyWeaponLaunches\u0022:0,\u0022MissileLaunches\u0022:1,\u0022Impacts\u0022:0,\u0022ActiveMissiles\u0022:40"}
10-04 19:27:56.194  3817  3881 I godot   : QUEST_COMBAT_CHUNK: {"kind":"EVENT","runId":"20261004-182729-1d1caa","recordId":98,"index":1,"count":2,"data":",\u0022ActiveLasers\u0022:0,\u0022PlayerWorldRaycastElapsedTicks\u0022:0,\u0022PlayerMechRaycastElapsedTicks\u0022:0,\u0022WeaponEffectPoolBuilds\u0022:0,\u0022WeaponEffectPoolFallbacks\u0022:0,\u0022EnemyAiMilliseconds\u0022:0.249063,\u0022EnemyAiElapsedMs\u0022:0.249063,\u0022LineOfSightMilliseconds\u0022:0,\u0022LineOfSightElapsedMs\u0022:0,\u0022MissilePoolCreationMilliseconds\u0022:0,\u0022MissilePoolCreationElapsedMs\u0022:0,\u0022PlayerDirectRaycastMilliseconds\u0022:0,\u0022PlayerWorldRaycastMilliseconds\u0022:0,\u0022PlayerMechRaycastMilliseconds\u0022:0,\u0022PlayerDirectDamageMilliseconds\u0022:0,\u0022PlayerWeaponVisualMilliseconds\u0022:0}}"}
10-04 19:27:56.194  3817  3881 I godot   : QUEST_COMBAT_CHUNK: {"kind":"EVENT","runId":"20261004-182729-1d1caa","recordId":99,"index":0,"count":2,"data":"{\u0022runId\u0022:\u002220261004-182729-1d1caa\u0022,\u0022trial\u0022:1,\u0022Seconds\u0022:10.9784779,\u0022Ms\u0022:17.986799999999192,\u0022Combat\u0022:{\u0022EnemyAiTicks\u0022:4,\u0022EnemyAiElapsedTicks\u0022:239531,\u0022LineOfSightCalls\u0022:0,\u0022LineOfSightElapsedTicks\u0022:0,\u0022MissilePoolsCreated\u0022:0,\u0022MissilePoolCreationElapsedTicks\u0022:0,\u0022PlayerDirectRaycastCalls\u0022:0,\u0022PlayerDirectRaycastElapsedTicks\u0022:0,\u0022PlayerDirectDamageCalls\u0022:0,\u0022PlayerDirectDamageElapsedTicks\u0022:0,\u0022PlayerWeaponVisualCalls\u0022:0,\u0022PlayerWeaponVisualElapsedTicks\u0022:0,\u0022WeaponLaunches\u0022:0,\u0022EnemyWeaponLaunches\u0022:0,\u0022MissileLaunches\u0022:1,\u0022Impacts\u0022:0,\u0022ActiveMissiles\u0022:41"}
10-04 19:27:56.194  3817  3881 I godot   : QUEST_COMBAT_CHUNK: {"kind":"EVENT","runId":"20261004-182729-1d1caa","recordId":99,"index":1,"count":2,"data":",\u0022ActiveLasers\u0022:0,\u0022PlayerWorldRaycastElapsedTicks\u0022:0,\u0022PlayerMechRaycastElapsedTicks\u0022:0,\u0022WeaponEffectPoolBuilds\u0022:0,\u0022WeaponEffectPoolFallbacks\u0022:0,\u0022EnemyAiMilliseconds\u0022:0.239531,\u0022EnemyAiElapsedMs\u0022:0.239531,\u0022LineOfSightMilliseconds\u0022:0,\u0022LineOfSightElapsedMs\u0022:0,\u0022MissilePoolCreationMilliseconds\u0022:0,\u0022MissilePoolCreationElapsedMs\u0022:0,\u0022PlayerDirectRaycastMilliseconds\u0022:0,\u0022PlayerWorldRaycastMilliseconds\u0022:0,\u0022PlayerMechRaycastMilliseconds\u0022:0,\u0022PlayerDirectDamageMilliseconds\u0022:0,\u0022PlayerWeaponVisualMilliseconds\u0022:0}}"}
10-04 19:27:56.195  3817  3881 I godot   : QUEST_COMBAT_CHUNK: {"kind":"EVENT","runId":"20261004-182729-1d1caa","recordId":100,"index":0,"count":2,"data":"{\u0022runId\u0022:\u002220261004-182729-1d1caa\u0022,\u0022trial\u0022:1,\u0022Seconds\u0022:11.015022,\u0022Ms\u0022:18.262299999999954,\u0022Combat\u0022:{\u0022EnemyAiTicks\u0022:4,\u0022EnemyAiElapsedTicks\u0022:244323,\u0022LineOfSightCalls\u0022:0,\u0022LineOfSightElapsedTicks\u0022:0,\u0022MissilePoolsCreated\u0022:0,\u0022MissilePoolCreationElapsedTicks\u0022:0,\u0022PlayerDirectRaycastCalls\u0022:0,\u0022PlayerDirectRaycastElapsedTicks\u0022:0,\u0022PlayerDirectDamageCalls\u0022:0,\u0022PlayerDirectDamageElapsedTicks\u0022:0,\u0022PlayerWeaponVisualCalls\u0022:0,\u0022PlayerWeaponVisualElapsedTicks\u0022:0,\u0022WeaponLaunches\u0022:0,\u0022EnemyWeaponLaunches\u0022:0,\u0022MissileLaunches\u0022:1,\u0022Impacts\u0022:0,\u0022ActiveMissiles\u0022:42"}
10-04 19:27:56.195  3817  3881 I godot   : QUEST_COMBAT_CHUNK: {"kind":"EVENT","runId":"20261004-182729-1d1caa","recordId":100,"index":1,"count":2,"data":",\u0022ActiveLasers\u0022:0,\u0022PlayerWorldRaycastElapsedTicks\u0022:0,\u0022PlayerMechRaycastElapsedTicks\u0022:0,\u0022WeaponEffectPoolBuilds\u0022:0,\u0022WeaponEffectPoolFallbacks\u0022:0,\u0022EnemyAiMilliseconds\u0022:0.244323,\u0022EnemyAiElapsedMs\u0022:0.244323,\u0022LineOfSightMilliseconds\u0022:0,\u0022LineOfSightElapsedMs\u0022:0,\u0022MissilePoolCreationMilliseconds\u0022:0,\u0022MissilePoolCreationElapsedMs\u0022:0,\u0022PlayerDirectRaycastMilliseconds\u0022:0,\u0022PlayerWorldRaycastMilliseconds\u0022:0,\u0022PlayerMechRaycastMilliseconds\u0022:0,\u0022PlayerDirectDamageMilliseconds\u0022:0,\u0022PlayerWeaponVisualMilliseconds\u0022:0}}"}
10-04 19:27:56.195  3817  3881 I godot   : QUEST_COMBAT_CHUNK: {"kind":"EVENT","runId":"20261004-182729-1d1caa","recordId":101,"index":0,"count":2,"data":"{\u0022runId\u0022:\u002220261004-182729-1d1caa\u0022,\u0022trial\u0022:1,\u0022Seconds\u0022:11.0528369,\u0022Ms\u0022:19.087100000000135,\u0022Combat\u0022:{\u0022EnemyAiTicks\u0022:4,\u0022EnemyAiElapsedTicks\u0022:252500,\u0022LineOfSightCalls\u0022:0,\u0022LineOfSightElapsedTicks\u0022:0,\u0022MissilePoolsCreated\u0022:0,\u0022MissilePoolCreationElapsedTicks\u0022:0,\u0022PlayerDirectRaycastCalls\u0022:0,\u0022PlayerDirectRaycastElapsedTicks\u0022:0,\u0022PlayerDirectDamageCalls\u0022:0,\u0022PlayerDirectDamageElapsedTicks\u0022:0,\u0022PlayerWeaponVisualCalls\u0022:0,\u0022PlayerWeaponVisualElapsedTicks\u0022:0,\u0022WeaponLaunches\u0022:0,\u0022EnemyWeaponLaunches\u0022:0,\u0022MissileLaunches\u0022:1,\u0022Impacts\u0022:0,\u0022ActiveMissiles\u0022:4"}
10-04 19:27:56.195  3817  3881 I godot   : QUEST_COMBAT_CHUNK: {"kind":"EVENT","runId":"20261004-182729-1d1caa","recordId":101,"index":1,"count":2,"data":"3,\u0022ActiveLasers\u0022:0,\u0022PlayerWorldRaycastElapsedTicks\u0022:0,\u0022PlayerMechRaycastElapsedTicks\u0022:0,\u0022WeaponEffectPoolBuilds\u0022:0,\u0022WeaponEffectPoolFallbacks\u0022:0,\u0022EnemyAiMilliseconds\u0022:0.2525,\u0022EnemyAiElapsedMs\u0022:0.2525,\u0022LineOfSightMilliseconds\u0022:0,\u0022LineOfSightElapsedMs\u0022:0,\u0022MissilePoolCreationMilliseconds\u0022:0,\u0022MissilePoolCreationElapsedMs\u0022:0,\u0022PlayerDirectRaycastMilliseconds\u0022:0,\u0022PlayerWorldRaycastMilliseconds\u0022:0,\u0022PlayerMechRaycastMilliseconds\u0022:0,\u0022PlayerDirectDamageMilliseconds\u0022:0,\u0022PlayerWeaponVisualMilliseconds\u0022:0}}"}
10-04 19:27:56.195  3817  3881 I godot   : QUEST_COMBAT_CHUNK: {"kind":"EVENT","runId":"20261004-182729-1d1caa","recordId":102,"index":0,"count":2,"data":"{\u0022runId\u0022:\u002220261004-182729-1d1caa\u0022,\u0022trial\u0022:1,\u0022Seconds\u0022:11.0893105,\u0022Ms\u0022:15.360700000000449,\u0022Combat\u0022:{\u0022EnemyAiTicks\u0022:4,\u0022EnemyAiElapsedTicks\u0022:416823,\u0022LineOfSightCalls\u0022:1,\u0022LineOfSightElapsedTicks\u0022:166093,\u0022MissilePoolsCreated\u0022:0,\u0022MissilePoolCreationElapsedTicks\u0022:0,\u0022PlayerDirectRaycastCalls\u0022:0,\u0022PlayerDirectRaycastElapsedTicks\u0022:0,\u0022PlayerDirectDamageCalls\u0022:0,\u0022PlayerDirectDamageElapsedTicks\u0022:0,\u0022PlayerWeaponVisualCalls\u0022:0,\u0022PlayerWeaponVisualElapsedTicks\u0022:0,\u0022WeaponLaunches\u0022:0,\u0022EnemyWeaponLaunches\u0022:0,\u0022MissileLaunches\u0022:1,\u0022Impacts\u0022:0,\u0022ActiveMissiles"}
10-04 19:27:56.195  3817  3881 I godot   : QUEST_COMBAT_CHUNK: {"kind":"EVENT","runId":"20261004-182729-1d1caa","recordId":102,"index":1,"count":2,"data":"\u0022:44,\u0022ActiveLasers\u0022:0,\u0022PlayerWorldRaycastElapsedTicks\u0022:0,\u0022PlayerMechRaycastElapsedTicks\u0022:0,\u0022WeaponEffectPoolBuilds\u0022:0,\u0022WeaponEffectPoolFallbacks\u0022:0,\u0022EnemyAiMilliseconds\u0022:0.416823,\u0022EnemyAiElapsedMs\u0022:0.416823,\u0022LineOfSightMilliseconds\u0022:0.166093,\u0022LineOfSightElapsedMs\u0022:0.166093,\u0022MissilePoolCreationMilliseconds\u0022:0,\u0022MissilePoolCreationElapsedMs\u0022:0,\u0022PlayerDirectRaycastMilliseconds\u0022:0,\u0022PlayerWorldRaycastMilliseconds\u0022:0,\u0022PlayerMechRaycastMilliseconds\u0022:0,\u0022PlayerDirectDamageMilliseconds\u0022:0,\u0022PlayerWeaponVisualMilliseconds\u0022:0}}"}
10-04 19:27:56.195  3817  3881 I godot   : QUEST_COMBAT_CHUNK: {"kind":"EVENT","runId":"20261004-182729-1d1caa","recordId":103,"index":0,"count":2,"data":"{\u0022runId\u0022:\u002220261004-182729-1d1caa\u0022,\u0022trial\u0022:1,\u0022Seconds\u0022:11.1276693,\u0022Ms\u0022:19.022500000000164,\u0022Combat\u0022:{\u0022EnemyAiTicks\u0022:4,\u0022EnemyAiElapsedTicks\u0022:485575,\u0022LineOfSightCalls\u0022:0,\u0022LineOfSightElapsedTicks\u0022:0,\u0022MissilePoolsCreated\u0022:0,\u0022MissilePoolCreationElapsedTicks\u0022:0,\u0022PlayerDirectRaycastCalls\u0022:0,\u0022PlayerDirectRaycastElapsedTicks\u0022:0,\u0022PlayerDirectDamageCalls\u0022:0,\u0022PlayerDirectDamageElapsedTicks\u0022:0,\u0022PlayerWeaponVisualCalls\u0022:0,\u0022PlayerWeaponVisualElapsedTicks\u0022:0,\u0022WeaponLaunches\u0022:0,\u0022EnemyWeaponLaunches\u0022:0,\u0022MissileLaunches\u0022:1,\u0022Impacts\u0022:0,\u0022ActiveMissiles\u0022:4"}
10-04 19:27:56.195  3817  3881 I godot   : QUEST_COMBAT_CHUNK: {"kind":"EVENT","runId":"20261004-182729-1d1caa","recordId":103,"index":1,"count":2,"data":"5,\u0022ActiveLasers\u0022:0,\u0022PlayerWorldRaycastElapsedTicks\u0022:0,\u0022PlayerMechRaycastElapsedTicks\u0022:0,\u0022WeaponEffectPoolBuilds\u0022:0,\u0022WeaponEffectPoolFallbacks\u0022:0,\u0022EnemyAiMilliseconds\u0022:0.485575,\u0022EnemyAiElapsedMs\u0022:0.485575,\u0022LineOfSightMilliseconds\u0022:0,\u0022LineOfSightElapsedMs\u0022:0,\u0022MissilePoolCreationMilliseconds\u0022:0,\u0022MissilePoolCreationElapsedMs\u0022:0,\u0022PlayerDirectRaycastMilliseconds\u0022:0,\u0022PlayerWorldRaycastMilliseconds\u0022:0,\u0022PlayerMechRaycastMilliseconds\u0022:0,\u0022PlayerDirectDamageMilliseconds\u0022:0,\u0022PlayerWeaponVisualMilliseconds\u0022:0}}"}
10-04 19:27:56.196  3817  3881 I godot   : QUEST_COMBAT_CHUNK: {"kind":"EVENT","runId":"20261004-182729-1d1caa","recordId":104,"index":0,"count":2,"data":"{\u0022runId\u0022:\u002220261004-182729-1d1caa\u0022,\u0022trial\u0022:1,\u0022Seconds\u0022:11.1667726,\u0022Ms\u0022:19.930600000000354,\u0022Combat\u0022:{\u0022EnemyAiTicks\u0022:4,\u0022EnemyAiElapsedTicks\u0022:334272,\u0022LineOfSightCalls\u0022:0,\u0022LineOfSightElapsedTicks\u0022:0,\u0022MissilePoolsCreated\u0022:0,\u0022MissilePoolCreationElapsedTicks\u0022:0,\u0022PlayerDirectRaycastCalls\u0022:0,\u0022PlayerDirectRaycastElapsedTicks\u0022:0,\u0022PlayerDirectDamageCalls\u0022:0,\u0022PlayerDirectDamageElapsedTicks\u0022:0,\u0022PlayerWeaponVisualCalls\u0022:0,\u0022PlayerWeaponVisualElapsedTicks\u0022:0,\u0022WeaponLaunches\u0022:0,\u0022EnemyWeaponLaunches\u0022:0,\u0022MissileLaunches\u0022:1,\u0022Impacts\u0022:0,\u0022ActiveMissiles\u0022:4"}
10-04 19:27:56.196  3817  3881 I godot   : QUEST_COMBAT_CHUNK: {"kind":"EVENT","runId":"20261004-182729-1d1caa","recordId":104,"index":1,"count":2,"data":"6,\u0022ActiveLasers\u0022:0,\u0022PlayerWorldRaycastElapsedTicks\u0022:0,\u0022PlayerMechRaycastElapsedTicks\u0022:0,\u0022WeaponEffectPoolBuilds\u0022:0,\u0022WeaponEffectPoolFallbacks\u0022:0,\u0022EnemyAiMilliseconds\u0022:0.334272,\u0022EnemyAiElapsedMs\u0022:0.334272,\u0022LineOfSightMilliseconds\u0022:0,\u0022LineOfSightElapsedMs\u0022:0,\u0022MissilePoolCreationMilliseconds\u0022:0,\u0022MissilePoolCreationElapsedMs\u0022:0,\u0022PlayerDirectRaycastMilliseconds\u0022:0,\u0022PlayerWorldRaycastMilliseconds\u0022:0,\u0022PlayerMechRaycastMilliseconds\u0022:0,\u0022PlayerDirectDamageMilliseconds\u0022:0,\u0022PlayerWeaponVisualMilliseconds\u0022:0}}"}
10-04 19:27:56.196  3817  3881 I godot   : QUEST_COMBAT_CHUNK: {"kind":"EVENT","runId":"20261004-182729-1d1caa","recordId":105,"index":0,"count":2,"data":"{\u0022runId\u0022:\u002220261004-182729-1d1caa\u0022,\u0022trial\u0022:1,\u0022Seconds\u0022:11.1851008,\u0022Ms\u0022:18.328200000000905,\u0022Combat\u0022:{\u0022EnemyAiTicks\u0022:4,\u0022EnemyAiElapsedTicks\u0022:313019,\u0022LineOfSightCalls\u0022:0,\u0022LineOfSightElapsedTicks\u0022:0,\u0022MissilePoolsCreated\u0022:0,\u0022MissilePoolCreationElapsedTicks\u0022:0,\u0022PlayerDirectRaycastCalls\u0022:0,\u0022PlayerDirectRaycastElapsedTicks\u0022:0,\u0022PlayerDirectDamageCalls\u0022:0,\u0022PlayerDirectDamageElapsedTicks\u0022:0,\u0022PlayerWeaponVisualCalls\u0022:0,\u0022PlayerWeaponVisualElapsedTicks\u0022:0,\u0022WeaponLaunches\u0022:0,\u0022EnemyWeaponLaunches\u0022:0,\u0022MissileLaunches\u0022:1,\u0022Impacts\u0022:0,\u0022ActiveMissiles\u0022:4"}
10-04 19:27:56.196  3817  3881 I godot   : QUEST_COMBAT_CHUNK: {"kind":"EVENT","runId":"20261004-182729-1d1caa","recordId":105,"index":1,"count":2,"data":"7,\u0022ActiveLasers\u0022:0,\u0022PlayerWorldRaycastElapsedTicks\u0022:0,\u0022PlayerMechRaycastElapsedTicks\u0022:0,\u0022WeaponEffectPoolBuilds\u0022:0,\u0022WeaponEffectPoolFallbacks\u0022:0,\u0022EnemyAiMilliseconds\u0022:0.313019,\u0022EnemyAiElapsedMs\u0022:0.313019,\u0022LineOfSightMilliseconds\u0022:0,\u0022LineOfSightElapsedMs\u0022:0,\u0022MissilePoolCreationMilliseconds\u0022:0,\u0022MissilePoolCreationElapsedMs\u0022:0,\u0022PlayerDirectRaycastMilliseconds\u0022:0,\u0022PlayerWorldRaycastMilliseconds\u0022:0,\u0022PlayerMechRaycastMilliseconds\u0022:0,\u0022PlayerDirectDamageMilliseconds\u0022:0,\u0022PlayerWeaponVisualMilliseconds\u0022:0}}"}
10-04 19:27:56.196  3817  3881 I godot   : QUEST_COMBAT_CHUNK: {"kind":"EVENT","runId":"20261004-182729-1d1caa","recordId":106,"index":0,"count":2,"data":"{\u0022runId\u0022:\u002220261004-182729-1d1caa\u0022,\u0022trial\u0022:1,\u0022Seconds\u0022:11.2438786,\u0022Ms\u0022:21.019000000000787,\u0022Combat\u0022:{\u0022EnemyAiTicks\u0022:8,\u0022EnemyAiElapsedTicks\u0022:534896,\u0022LineOfSightCalls\u0022:0,\u0022LineOfSightElapsedTicks\u0022:0,\u0022MissilePoolsCreated\u0022:0,\u0022MissilePoolCreationElapsedTicks\u0022:0,\u0022PlayerDirectRaycastCalls\u0022:0,\u0022PlayerDirectRaycastElapsedTicks\u0022:0,\u0022PlayerDirectDamageCalls\u0022:0,\u0022PlayerDirectDamageElapsedTicks\u0022:0,\u0022PlayerWeaponVisualCalls\u0022:0,\u0022PlayerWeaponVisualElapsedTicks\u0022:0,\u0022WeaponLaunches\u0022:0,\u0022EnemyWeaponLaunches\u0022:0,\u0022MissileLaunches\u0022:0,\u0022Impacts\u0022:1,\u0022ActiveMissiles\u0022:4"}
10-04 19:27:56.196  3817  3881 I godot   : QUEST_COMBAT_CHUNK: {"kind":"EVENT","runId":"20261004-182729-1d1caa","recordId":106,"index":1,"count":2,"data":"7,\u0022ActiveLasers\u0022:0,\u0022PlayerWorldRaycastElapsedTicks\u0022:0,\u0022PlayerMechRaycastElapsedTicks\u0022:0,\u0022WeaponEffectPoolBuilds\u0022:0,\u0022WeaponEffectPoolFallbacks\u0022:0,\u0022EnemyAiMilliseconds\u0022:0.534896,\u0022EnemyAiElapsedMs\u0022:0.534896,\u0022LineOfSightMilliseconds\u0022:0,\u0022LineOfSightElapsedMs\u0022:0,\u0022MissilePoolCreationMilliseconds\u0022:0,\u0022MissilePoolCreationElapsedMs\u0022:0,\u0022PlayerDirectRaycastMilliseconds\u0022:0,\u0022PlayerWorldRaycastMilliseconds\u0022:0,\u0022PlayerMechRaycastMilliseconds\u0022:0,\u0022PlayerDirectDamageMilliseconds\u0022:0,\u0022PlayerWeaponVisualMilliseconds\u0022:0}}"}
10-04 19:27:56.196  3817  3881 I godot   : QUEST_COMBAT_CHUNK: {"kind":"EVENT","runId":"20261004-182729-1d1caa","recordId":107,"index":0,"count":2,"data":"{\u0022runId\u0022:\u002220261004-182729-1d1caa\u0022,\u0022trial\u0022:1,\u0022Seconds\u0022:11.2786735,\u0022Ms\u0022:18.907199999999236,\u0022Combat\u0022:{\u0022EnemyAiTicks\u0022:4,\u0022EnemyAiElapsedTicks\u0022:293073,\u0022LineOfSightCalls\u0022:0,\u0022LineOfSightElapsedTicks\u0022:0,\u0022MissilePoolsCreated\u0022:0,\u0022MissilePoolCreationElapsedTicks\u0022:0,\u0022PlayerDirectRaycastCalls\u0022:0,\u0022PlayerDirectRaycastElapsedTicks\u0022:0,\u0022PlayerDirectDamageCalls\u0022:0,\u0022PlayerDirectDamageElapsedTicks\u0022:0,\u0022PlayerWeaponVisualCalls\u0022:0,\u0022PlayerWeaponVisualElapsedTicks\u0022:0,\u0022WeaponLaunches\u0022:0,\u0022EnemyWeaponLaunches\u0022:0,\u0022MissileLaunches\u0022:0,\u0022Impacts\u0022:1,\u0022ActiveMissiles\u0022:4"}
10-04 19:27:56.196  3817  3881 I godot   : QUEST_COMBAT_CHUNK: {"kind":"EVENT","runId":"20261004-182729-1d1caa","recordId":107,"index":1,"count":2,"data":"7,\u0022ActiveLasers\u0022:0,\u0022PlayerWorldRaycastElapsedTicks\u0022:0,\u0022PlayerMechRaycastElapsedTicks\u0022:0,\u0022WeaponEffectPoolBuilds\u0022:0,\u0022WeaponEffectPoolFallbacks\u0022:0,\u0022EnemyAiMilliseconds\u0022:0.293073,\u0022EnemyAiElapsedMs\u0022:0.293073,\u0022LineOfSightMilliseconds\u0022:0,\u0022LineOfSightElapsedMs\u0022:0,\u0022MissilePoolCreationMilliseconds\u0022:0,\u0022MissilePoolCreationElapsedMs\u0022:0,\u0022PlayerDirectRaycastMilliseconds\u0022:0,\u0022PlayerWorldRaycastMilliseconds\u0022:0,\u0022PlayerMechRaycastMilliseconds\u0022:0,\u0022PlayerDirectDamageMilliseconds\u0022:0,\u0022PlayerWeaponVisualMilliseconds\u0022:0}}"}
10-04 19:27:56.197  3817  3881 I godot   : QUEST_COMBAT_CHUNK: {"kind":"EVENT","runId":"20261004-182729-1d1caa","recordId":108,"index":0,"count":2,"data":"{\u0022runId\u0022:\u002220261004-182729-1d1caa\u0022,\u0022trial\u0022:1,\u0022Seconds\u0022:11.314835,\u0022Ms\u0022:17.908900000000116,\u0022Combat\u0022:{\u0022EnemyAiTicks\u0022:4,\u0022EnemyAiElapsedTicks\u0022:294011,\u0022LineOfSightCalls\u0022:0,\u0022LineOfSightElapsedTicks\u0022:0,\u0022MissilePoolsCreated\u0022:0,\u0022MissilePoolCreationElapsedTicks\u0022:0,\u0022PlayerDirectRaycastCalls\u0022:0,\u0022PlayerDirectRaycastElapsedTicks\u0022:0,\u0022PlayerDirectDamageCalls\u0022:0,\u0022PlayerDirectDamageElapsedTicks\u0022:0,\u0022PlayerWeaponVisualCalls\u0022:0,\u0022PlayerWeaponVisualElapsedTicks\u0022:0,\u0022WeaponLaunches\u0022:0,\u0022EnemyWeaponLaunches\u0022:0,\u0022MissileLaunches\u0022:0,\u0022Impacts\u0022:1,\u0022ActiveMissiles\u0022:47"}
10-04 19:27:56.197  3817  3881 I godot   : QUEST_COMBAT_CHUNK: {"kind":"EVENT","runId":"20261004-182729-1d1caa","recordId":108,"index":1,"count":2,"data":",\u0022ActiveLasers\u0022:0,\u0022PlayerWorldRaycastElapsedTicks\u0022:0,\u0022PlayerMechRaycastElapsedTicks\u0022:0,\u0022WeaponEffectPoolBuilds\u0022:0,\u0022WeaponEffectPoolFallbacks\u0022:0,\u0022EnemyAiMilliseconds\u0022:0.294011,\u0022EnemyAiElapsedMs\u0022:0.294011,\u0022LineOfSightMilliseconds\u0022:0,\u0022LineOfSightElapsedMs\u0022:0,\u0022MissilePoolCreationMilliseconds\u0022:0,\u0022MissilePoolCreationElapsedMs\u0022:0,\u0022PlayerDirectRaycastMilliseconds\u0022:0,\u0022PlayerWorldRaycastMilliseconds\u0022:0,\u0022PlayerMechRaycastMilliseconds\u0022:0,\u0022PlayerDirectDamageMilliseconds\u0022:0,\u0022PlayerWeaponVisualMilliseconds\u0022:0}}"}
10-04 19:27:56.197  3817  3881 I godot   : QUEST_COMBAT_CHUNK: {"kind":"EVENT","runId":"20261004-182729-1d1caa","recordId":109,"index":0,"count":2,"data":"{\u0022runId\u0022:\u002220261004-182729-1d1caa\u0022,\u0022trial\u0022:1,\u0022Seconds\u0022:11.3613628,\u0022Ms\u0022:27.700700000000467,\u0022Combat\u0022:{\u0022EnemyAiTicks\u0022:8,\u0022EnemyAiElapsedTicks\u0022:567605,\u0022LineOfSightCalls\u0022:1,\u0022LineOfSightElapsedTicks\u0022:163541,\u0022MissilePoolsCreated\u0022:0,\u0022MissilePoolCreationElapsedTicks\u0022:0,\u0022PlayerDirectRaycastCalls\u0022:0,\u0022PlayerDirectRaycastElapsedTicks\u0022:0,\u0022PlayerDirectDamageCalls\u0022:0,\u0022PlayerDirectDamageElapsedTicks\u0022:0,\u0022PlayerWeaponVisualCalls\u0022:0,\u0022PlayerWeaponVisualElapsedTicks\u0022:0,\u0022WeaponLaunches\u0022:0,\u0022EnemyWeaponLaunches\u0022:0,\u0022MissileLaunches\u0022:0,\u0022Impacts\u0022:1,\u0022ActiveMissiles"}
10-04 19:27:56.197  3817  3881 I godot   : QUEST_COMBAT_CHUNK: {"kind":"EVENT","runId":"20261004-182729-1d1caa","recordId":109,"index":1,"count":2,"data":"\u0022:47,\u0022ActiveLasers\u0022:0,\u0022PlayerWorldRaycastElapsedTicks\u0022:0,\u0022PlayerMechRaycastElapsedTicks\u0022:0,\u0022WeaponEffectPoolBuilds\u0022:0,\u0022WeaponEffectPoolFallbacks\u0022:0,\u0022EnemyAiMilliseconds\u0022:0.567605,\u0022EnemyAiElapsedMs\u0022:0.567605,\u0022LineOfSightMilliseconds\u0022:0.163541,\u0022LineOfSightElapsedMs\u0022:0.163541,\u0022MissilePoolCreationMilliseconds\u0022:0,\u0022MissilePoolCreationElapsedMs\u0022:0,\u0022PlayerDirectRaycastMilliseconds\u0022:0,\u0022PlayerWorldRaycastMilliseconds\u0022:0,\u0022PlayerMechRaycastMilliseconds\u0022:0,\u0022PlayerDirectDamageMilliseconds\u0022:0,\u0022PlayerWeaponVisualMilliseconds\u0022:0}}"}
10-04 19:27:56.197  3817  3881 I godot   : QUEST_COMBAT_CHUNK: {"kind":"EVENT","runId":"20261004-182729-1d1caa","recordId":110,"index":0,"count":2,"data":"{\u0022runId\u0022:\u002220261004-182729-1d1caa\u0022,\u0022trial\u0022:1,\u0022Seconds\u0022:11.3781562,\u0022Ms\u0022:16.79339999999918,\u0022Combat\u0022:{\u0022EnemyAiTicks\u0022:4,\u0022EnemyAiElapsedTicks\u0022:231251,\u0022LineOfSightCalls\u0022:0,\u0022LineOfSightElapsedTicks\u0022:0,\u0022MissilePoolsCreated\u0022:0,\u0022MissilePoolCreationElapsedTicks\u0022:0,\u0022PlayerDirectRaycastCalls\u0022:0,\u0022PlayerDirectRaycastElapsedTicks\u0022:0,\u0022PlayerDirectDamageCalls\u0022:0,\u0022PlayerDirectDamageElapsedTicks\u0022:0,\u0022PlayerWeaponVisualCalls\u0022:0,\u0022PlayerWeaponVisualElapsedTicks\u0022:0,\u0022WeaponLaunches\u0022:0,\u0022EnemyWeaponLaunches\u0022:0,\u0022MissileLaunches\u0022:0,\u0022Impacts\u0022:1,\u0022ActiveMissiles\u0022:47"}
10-04 19:27:56.197  3817  3881 I godot   : QUEST_COMBAT_CHUNK: {"kind":"EVENT","runId":"20261004-182729-1d1caa","recordId":110,"index":1,"count":2,"data":",\u0022ActiveLasers\u0022:0,\u0022PlayerWorldRaycastElapsedTicks\u0022:0,\u0022PlayerMechRaycastElapsedTicks\u0022:0,\u0022WeaponEffectPoolBuilds\u0022:0,\u0022WeaponEffectPoolFallbacks\u0022:0,\u0022EnemyAiMilliseconds\u0022:0.231251,\u0022EnemyAiElapsedMs\u0022:0.231251,\u0022LineOfSightMilliseconds\u0022:0,\u0022LineOfSightElapsedMs\u0022:0,\u0022MissilePoolCreationMilliseconds\u0022:0,\u0022MissilePoolCreationElapsedMs\u0022:0,\u0022PlayerDirectRaycastMilliseconds\u0022:0,\u0022PlayerWorldRaycastMilliseconds\u0022:0,\u0022PlayerMechRaycastMilliseconds\u0022:0,\u0022PlayerDirectDamageMilliseconds\u0022:0,\u0022PlayerWeaponVisualMilliseconds\u0022:0}}"}
10-04 19:27:56.198  3817  3881 I godot   : QUEST_COMBAT_CHUNK: {"kind":"EVENT","runId":"20261004-182729-1d1caa","recordId":111,"index":0,"count":2,"data":"{\u0022runId\u0022:\u002220261004-182729-1d1caa\u0022,\u0022trial\u0022:1,\u0022Seconds\u0022:11.4400767,\u0022Ms\u0022:20.46849999999978,\u0022Combat\u0022:{\u0022EnemyAiTicks\u0022:4,\u0022EnemyAiElapsedTicks\u0022:213230,\u0022LineOfSightCalls\u0022:0,\u0022LineOfSightElapsedTicks\u0022:0,\u0022MissilePoolsCreated\u0022:0,\u0022MissilePoolCreationElapsedTicks\u0022:0,\u0022PlayerDirectRaycastCalls\u0022:0,\u0022PlayerDirectRaycastElapsedTicks\u0022:0,\u0022PlayerDirectDamageCalls\u0022:0,\u0022PlayerDirectDamageElapsedTicks\u0022:0,\u0022PlayerWeaponVisualCalls\u0022:0,\u0022PlayerWeaponVisualElapsedTicks\u0022:0,\u0022WeaponLaunches\u0022:0,\u0022EnemyWeaponLaunches\u0022:0,\u0022MissileLaunches\u0022:0,\u0022Impacts\u0022:2,\u0022ActiveMissiles\u0022:47"}
10-04 19:27:56.198  3817  3881 I godot   : QUEST_COMBAT_CHUNK: {"kind":"EVENT","runId":"20261004-182729-1d1caa","recordId":111,"index":1,"count":2,"data":",\u0022ActiveLasers\u0022:0,\u0022PlayerWorldRaycastElapsedTicks\u0022:0,\u0022PlayerMechRaycastElapsedTicks\u0022:0,\u0022WeaponEffectPoolBuilds\u0022:0,\u0022WeaponEffectPoolFallbacks\u0022:0,\u0022EnemyAiMilliseconds\u0022:0.21323,\u0022EnemyAiElapsedMs\u0022:0.21323,\u0022LineOfSightMilliseconds\u0022:0,\u0022LineOfSightElapsedMs\u0022:0,\u0022MissilePoolCreationMilliseconds\u0022:0,\u0022MissilePoolCreationElapsedMs\u0022:0,\u0022PlayerDirectRaycastMilliseconds\u0022:0,\u0022PlayerWorldRaycastMilliseconds\u0022:0,\u0022PlayerMechRaycastMilliseconds\u0022:0,\u0022PlayerDirectDamageMilliseconds\u0022:0,\u0022PlayerWeaponVisualMilliseconds\u0022:0}}"}
10-04 19:27:56.198  3817  3881 I godot   : QUEST_COMBAT_CHUNK: {"kind":"EVENT","runId":"20261004-182729-1d1caa","recordId":112,"index":0,"count":2,"data":"{\u0022runId\u0022:\u002220261004-182729-1d1caa\u0022,\u0022trial\u0022:1,\u0022Seconds\u0022:11.4789151,\u0022Ms\u0022:21.41459999999995,\u0022Combat\u0022:{\u0022EnemyAiTicks\u0022:8,\u0022EnemyAiElapsedTicks\u0022:634168,\u0022LineOfSightCalls\u0022:0,\u0022LineOfSightElapsedTicks\u0022:0,\u0022MissilePoolsCreated\u0022:0,\u0022MissilePoolCreationElapsedTicks\u0022:0,\u0022PlayerDirectRaycastCalls\u0022:0,\u0022PlayerDirectRaycastElapsedTicks\u0022:0,\u0022PlayerDirectDamageCalls\u0022:0,\u0022PlayerDirectDamageElapsedTicks\u0022:0,\u0022PlayerWeaponVisualCalls\u0022:0,\u0022PlayerWeaponVisualElapsedTicks\u0022:0,\u0022WeaponLaunches\u0022:0,\u0022EnemyWeaponLaunches\u0022:0,\u0022MissileLaunches\u0022:0,\u0022Impacts\u0022:1,\u0022ActiveMissiles\u0022:47"}
10-04 19:27:56.198  3817  3881 I godot   : QUEST_COMBAT_CHUNK: {"kind":"EVENT","runId":"20261004-182729-1d1caa","recordId":112,"index":1,"count":2,"data":",\u0022ActiveLasers\u0022:0,\u0022PlayerWorldRaycastElapsedTicks\u0022:0,\u0022PlayerMechRaycastElapsedTicks\u0022:0,\u0022WeaponEffectPoolBuilds\u0022:0,\u0022WeaponEffectPoolFallbacks\u0022:0,\u0022EnemyAiMilliseconds\u0022:0.634168,\u0022EnemyAiElapsedMs\u0022:0.634168,\u0022LineOfSightMilliseconds\u0022:0,\u0022LineOfSightElapsedMs\u0022:0,\u0022MissilePoolCreationMilliseconds\u0022:0,\u0022MissilePoolCreationElapsedMs\u0022:0,\u0022PlayerDirectRaycastMilliseconds\u0022:0,\u0022PlayerWorldRaycastMilliseconds\u0022:0,\u0022PlayerMechRaycastMilliseconds\u0022:0,\u0022PlayerDirectDamageMilliseconds\u0022:0,\u0022PlayerWeaponVisualMilliseconds\u0022:0}}"}
10-04 19:27:56.198  3817  3881 I godot   : QUEST_COMBAT_CHUNK: {"kind":"EVENT","runId":"20261004-182729-1d1caa","recordId":113,"index":0,"count":2,"data":"{\u0022runId\u0022:\u002220261004-182729-1d1caa\u0022,\u0022trial\u0022:1,\u0022Seconds\u0022:11.5376205,\u0022Ms\u0022:21.167499999998896,\u0022Combat\u0022:{\u0022EnemyAiTicks\u0022:4,\u0022EnemyAiElapsedTicks\u0022:242657,\u0022LineOfSightCalls\u0022:0,\u0022LineOfSightElapsedTicks\u0022:0,\u0022MissilePoolsCreated\u0022:0,\u0022MissilePoolCreationElapsedTicks\u0022:0,\u0022PlayerDirectRaycastCalls\u0022:0,\u0022PlayerDirectRaycastElapsedTicks\u0022:0,\u0022PlayerDirectDamageCalls\u0022:0,\u0022PlayerDirectDamageElapsedTicks\u0022:0,\u0022PlayerWeaponVisualCalls\u0022:0,\u0022PlayerWeaponVisualElapsedTicks\u0022:0,\u0022WeaponLaunches\u0022:0,\u0022EnemyWeaponLaunches\u0022:0,\u0022MissileLaunches\u0022:0,\u0022Impacts\u0022:1,\u0022ActiveMissiles\u0022:4"}
10-04 19:27:56.198  3817  3881 I godot   : QUEST_COMBAT_CHUNK: {"kind":"EVENT","runId":"20261004-182729-1d1caa","recordId":113,"index":1,"count":2,"data":"7,\u0022ActiveLasers\u0022:0,\u0022PlayerWorldRaycastElapsedTicks\u0022:0,\u0022PlayerMechRaycastElapsedTicks\u0022:0,\u0022WeaponEffectPoolBuilds\u0022:0,\u0022WeaponEffectPoolFallbacks\u0022:0,\u0022EnemyAiMilliseconds\u0022:0.242657,\u0022EnemyAiElapsedMs\u0022:0.242657,\u0022LineOfSightMilliseconds\u0022:0,\u0022LineOfSightElapsedMs\u0022:0,\u0022MissilePoolCreationMilliseconds\u0022:0,\u0022MissilePoolCreationElapsedMs\u0022:0,\u0022PlayerDirectRaycastMilliseconds\u0022:0,\u0022PlayerWorldRaycastMilliseconds\u0022:0,\u0022PlayerMechRaycastMilliseconds\u0022:0,\u0022PlayerDirectDamageMilliseconds\u0022:0,\u0022PlayerWeaponVisualMilliseconds\u0022:0}}"}
10-04 19:27:56.198  3817  3881 I godot   : QUEST_COMBAT_CHUNK: {"kind":"EVENT","runId":"20261004-182729-1d1caa","recordId":114,"index":0,"count":2,"data":"{\u0022runId\u0022:\u002220261004-182729-1d1caa\u0022,\u0022trial\u0022:1,\u0022Seconds\u0022:11.5571202,\u0022Ms\u0022:19.499700000000786,\u0022Combat\u0022:{\u0022EnemyAiTicks\u0022:4,\u0022EnemyAiElapsedTicks\u0022:236509,\u0022LineOfSightCalls\u0022:0,\u0022LineOfSightElapsedTicks\u0022:0,\u0022MissilePoolsCreated\u0022:0,\u0022MissilePoolCreationElapsedTicks\u0022:0,\u0022PlayerDirectRaycastCalls\u0022:0,\u0022PlayerDirectRaycastElapsedTicks\u0022:0,\u0022PlayerDirectDamageCalls\u0022:0,\u0022PlayerDirectDamageElapsedTicks\u0022:0,\u0022PlayerWeaponVisualCalls\u0022:0,\u0022PlayerWeaponVisualElapsedTicks\u0022:0,\u0022WeaponLaunches\u0022:0,\u0022EnemyWeaponLaunches\u0022:0,\u0022MissileLaunches\u0022:0,\u0022Impacts\u0022:1,\u0022ActiveMissiles\u0022:4"}
10-04 19:27:56.199  3817  3881 I godot   : QUEST_COMBAT_CHUNK: {"kind":"EVENT","runId":"20261004-182729-1d1caa","recordId":114,"index":1,"count":2,"data":"7,\u0022ActiveLasers\u0022:0,\u0022PlayerWorldRaycastElapsedTicks\u0022:0,\u0022PlayerMechRaycastElapsedTicks\u0022:0,\u0022WeaponEffectPoolBuilds\u0022:0,\u0022WeaponEffectPoolFallbacks\u0022:0,\u0022EnemyAiMilliseconds\u0022:0.236509,\u0022EnemyAiElapsedMs\u0022:0.236509,\u0022LineOfSightMilliseconds\u0022:0,\u0022LineOfSightElapsedMs\u0022:0,\u0022MissilePoolCreationMilliseconds\u0022:0,\u0022MissilePoolCreationElapsedMs\u0022:0,\u0022PlayerDirectRaycastMilliseconds\u0022:0,\u0022PlayerWorldRaycastMilliseconds\u0022:0,\u0022PlayerMechRaycastMilliseconds\u0022:0,\u0022PlayerDirectDamageMilliseconds\u0022:0,\u0022PlayerWeaponVisualMilliseconds\u0022:0}}"}
10-04 19:27:56.199  3817  3881 I godot   : QUEST_COMBAT_CHUNK: {"kind":"EVENT","runId":"20261004-182729-1d1caa","recordId":115,"index":0,"count":2,"data":"{\u0022runId\u0022:\u002220261004-182729-1d1caa\u0022,\u0022trial\u0022:1,\u0022Seconds\u0022:11.597674,\u0022Ms\u0022:17.3186999999988,\u0022Combat\u0022:{\u0022EnemyAiTicks\u0022:4,\u0022EnemyAiElapsedTicks\u0022:240208,\u0022LineOfSightCalls\u0022:0,\u0022LineOfSightElapsedTicks\u0022:0,\u0022MissilePoolsCreated\u0022:0,\u0022MissilePoolCreationElapsedTicks\u0022:0,\u0022PlayerDirectRaycastCalls\u0022:0,\u0022PlayerDirectRaycastElapsedTicks\u0022:0,\u0022PlayerDirectDamageCalls\u0022:0,\u0022PlayerDirectDamageElapsedTicks\u0022:0,\u0022PlayerWeaponVisualCalls\u0022:0,\u0022PlayerWeaponVisualElapsedTicks\u0022:0,\u0022WeaponLaunches\u0022:0,\u0022EnemyWeaponLaunches\u0022:0,\u0022MissileLaunches\u0022:0,\u0022Impacts\u0022:1,\u0022ActiveMissiles\u0022:47,"}
10-04 19:27:56.199  3817  3881 I godot   : QUEST_COMBAT_CHUNK: {"kind":"EVENT","runId":"20261004-182729-1d1caa","recordId":115,"index":1,"count":2,"data":"\u0022ActiveLasers\u0022:0,\u0022PlayerWorldRaycastElapsedTicks\u0022:0,\u0022PlayerMechRaycastElapsedTicks\u0022:0,\u0022WeaponEffectPoolBuilds\u0022:0,\u0022WeaponEffectPoolFallbacks\u0022:0,\u0022EnemyAiMilliseconds\u0022:0.240208,\u0022EnemyAiElapsedMs\u0022:0.240208,\u0022LineOfSightMilliseconds\u0022:0,\u0022LineOfSightElapsedMs\u0022:0,\u0022MissilePoolCreationMilliseconds\u0022:0,\u0022MissilePoolCreationElapsedMs\u0022:0,\u0022PlayerDirectRaycastMilliseconds\u0022:0,\u0022PlayerWorldRaycastMilliseconds\u0022:0,\u0022PlayerMechRaycastMilliseconds\u0022:0,\u0022PlayerDirectDamageMilliseconds\u0022:0,\u0022PlayerWeaponVisualMilliseconds\u0022:0}}"}
10-04 19:27:56.199  3817  3881 I godot   : QUEST_COMBAT_CHUNK: {"kind":"EVENT","runId":"20261004-182729-1d1caa","recordId":116,"index":0,"count":2,"data":"{\u0022runId\u0022:\u002220261004-182729-1d1caa\u0022,\u0022trial\u0022:1,\u0022Seconds\u0022:11.6193461,\u0022Ms\u0022:21.672099999999972,\u0022Combat\u0022:{\u0022EnemyAiTicks\u0022:4,\u0022EnemyAiElapsedTicks\u0022:279009,\u0022LineOfSightCalls\u0022:0,\u0022LineOfSightElapsedTicks\u0022:0,\u0022MissilePoolsCreated\u0022:0,\u0022MissilePoolCreationElapsedTicks\u0022:0,\u0022PlayerDirectRaycastCalls\u0022:0,\u0022PlayerDirectRaycastElapsedTicks\u0022:0,\u0022PlayerDirectDamageCalls\u0022:0,\u0022PlayerDirectDamageElapsedTicks\u0022:0,\u0022PlayerWeaponVisualCalls\u0022:0,\u0022PlayerWeaponVisualElapsedTicks\u0022:0,\u0022WeaponLaunches\u0022:0,\u0022EnemyWeaponLaunches\u0022:0,\u0022MissileLaunches\u0022:0,\u0022Impacts\u0022:1,\u0022ActiveMissiles\u0022:4"}
10-04 19:27:56.199  3817  3881 I godot   : QUEST_COMBAT_CHUNK: {"kind":"EVENT","runId":"20261004-182729-1d1caa","recordId":116,"index":1,"count":2,"data":"7,\u0022ActiveLasers\u0022:0,\u0022PlayerWorldRaycastElapsedTicks\u0022:0,\u0022PlayerMechRaycastElapsedTicks\u0022:0,\u0022WeaponEffectPoolBuilds\u0022:0,\u0022WeaponEffectPoolFallbacks\u0022:0,\u0022EnemyAiMilliseconds\u0022:0.279009,\u0022EnemyAiElapsedMs\u0022:0.279009,\u0022LineOfSightMilliseconds\u0022:0,\u0022LineOfSightElapsedMs\u0022:0,\u0022MissilePoolCreationMilliseconds\u0022:0,\u0022MissilePoolCreationElapsedMs\u0022:0,\u0022PlayerDirectRaycastMilliseconds\u0022:0,\u0022PlayerWorldRaycastMilliseconds\u0022:0,\u0022PlayerMechRaycastMilliseconds\u0022:0,\u0022PlayerDirectDamageMilliseconds\u0022:0,\u0022PlayerWeaponVisualMilliseconds\u0022:0}}"}
10-04 19:27:56.199  3817  3881 I godot   : QUEST_COMBAT_CHUNK: {"kind":"EVENT","runId":"20261004-182729-1d1caa","recordId":117,"index":0,"count":2,"data":"{\u0022runId\u0022:\u002220261004-182729-1d1caa\u0022,\u0022trial\u0022:1,\u0022Seconds\u0022:11.663733,\u0022Ms\u0022:23.97209999999994,\u0022Combat\u0022:{\u0022EnemyAiTicks\u0022:8,\u0022EnemyAiElapsedTicks\u0022:436615,\u0022LineOfSightCalls\u0022:0,\u0022LineOfSightElapsedTicks\u0022:0,\u0022MissilePoolsCreated\u0022:0,\u0022MissilePoolCreationElapsedTicks\u0022:0,\u0022PlayerDirectRaycastCalls\u0022:0,\u0022PlayerDirectRaycastElapsedTicks\u0022:0,\u0022PlayerDirectDamageCalls\u0022:0,\u0022PlayerDirectDamageElapsedTicks\u0022:0,\u0022PlayerWeaponVisualCalls\u0022:0,\u0022PlayerWeaponVisualElapsedTicks\u0022:0,\u0022WeaponLaunches\u0022:0,\u0022EnemyWeaponLaunches\u0022:0,\u0022MissileLaunches\u0022:0,\u0022Impacts\u0022:1,\u0022ActiveMissiles\u0022:47,"}
10-04 19:27:56.199  3817  3881 I godot   : QUEST_COMBAT_CHUNK: {"kind":"EVENT","runId":"20261004-182729-1d1caa","recordId":117,"index":1,"count":2,"data":"\u0022ActiveLasers\u0022:0,\u0022PlayerWorldRaycastElapsedTicks\u0022:0,\u0022PlayerMechRaycastElapsedTicks\u0022:0,\u0022WeaponEffectPoolBuilds\u0022:0,\u0022WeaponEffectPoolFallbacks\u0022:0,\u0022EnemyAiMilliseconds\u0022:0.436615,\u0022EnemyAiElapsedMs\u0022:0.436615,\u0022LineOfSightMilliseconds\u0022:0,\u0022LineOfSightElapsedMs\u0022:0,\u0022MissilePoolCreationMilliseconds\u0022:0,\u0022MissilePoolCreationElapsedMs\u0022:0,\u0022PlayerDirectRaycastMilliseconds\u0022:0,\u0022PlayerWorldRaycastMilliseconds\u0022:0,\u0022PlayerMechRaycastMilliseconds\u0022:0,\u0022PlayerDirectDamageMilliseconds\u0022:0,\u0022PlayerWeaponVisualMilliseconds\u0022:0}}"}
10-04 19:27:56.200  3817  3881 I godot   : QUEST_COMBAT_CHUNK: {"kind":"EVENT","runId":"20261004-182729-1d1caa","recordId":118,"index":0,"count":2,"data":"{\u0022runId\u0022:\u002220261004-182729-1d1caa\u0022,\u0022trial\u0022:1,\u0022Seconds\u0022:11.704104,\u0022Ms\u0022:21.813299999999813,\u0022Combat\u0022:{\u0022EnemyAiTicks\u0022:4,\u0022EnemyAiElapsedTicks\u0022:277084,\u0022LineOfSightCalls\u0022:0,\u0022LineOfSightElapsedTicks\u0022:0,\u0022MissilePoolsCreated\u0022:0,\u0022MissilePoolCreationElapsedTicks\u0022:0,\u0022PlayerDirectRaycastCalls\u0022:0,\u0022PlayerDirectRaycastElapsedTicks\u0022:0,\u0022PlayerDirectDamageCalls\u0022:0,\u0022PlayerDirectDamageElapsedTicks\u0022:0,\u0022PlayerWeaponVisualCalls\u0022:0,\u0022PlayerWeaponVisualElapsedTicks\u0022:0,\u0022WeaponLaunches\u0022:0,\u0022EnemyWeaponLaunches\u0022:0,\u0022MissileLaunches\u0022:0,\u0022Impacts\u0022:2,\u0022ActiveMissiles\u0022:47"}
10-04 19:27:56.200  3817  3881 I godot   : QUEST_COMBAT_CHUNK: {"kind":"EVENT","runId":"20261004-182729-1d1caa","recordId":118,"index":1,"count":2,"data":",\u0022ActiveLasers\u0022:0,\u0022PlayerWorldRaycastElapsedTicks\u0022:0,\u0022PlayerMechRaycastElapsedTicks\u0022:0,\u0022WeaponEffectPoolBuilds\u0022:0,\u0022WeaponEffectPoolFallbacks\u0022:0,\u0022EnemyAiMilliseconds\u0022:0.277084,\u0022EnemyAiElapsedMs\u0022:0.277084,\u0022LineOfSightMilliseconds\u0022:0,\u0022LineOfSightElapsedMs\u0022:0,\u0022MissilePoolCreationMilliseconds\u0022:0,\u0022MissilePoolCreationElapsedMs\u0022:0,\u0022PlayerDirectRaycastMilliseconds\u0022:0,\u0022PlayerWorldRaycastMilliseconds\u0022:0,\u0022PlayerMechRaycastMilliseconds\u0022:0,\u0022PlayerDirectDamageMilliseconds\u0022:0,\u0022PlayerWeaponVisualMilliseconds\u0022:0}}"}
10-04 19:27:56.200  3817  3881 I godot   : QUEST_COMBAT_CHUNK: {"kind":"EVENT","runId":"20261004-182729-1d1caa","recordId":119,"index":0,"count":2,"data":"{\u0022runId\u0022:\u002220261004-182729-1d1caa\u0022,\u0022trial\u0022:1,\u0022Seconds\u0022:11.7249667,\u0022Ms\u0022:20.862700000000345,\u0022Combat\u0022:{\u0022EnemyAiTicks\u0022:4,\u0022EnemyAiElapsedTicks\u0022:331041,\u0022LineOfSightCalls\u0022:0,\u0022LineOfSightElapsedTicks\u0022:0,\u0022MissilePoolsCreated\u0022:0,\u0022MissilePoolCreationElapsedTicks\u0022:0,\u0022PlayerDirectRaycastCalls\u0022:0,\u0022PlayerDirectRaycastElapsedTicks\u0022:0,\u0022PlayerDirectDamageCalls\u0022:0,\u0022PlayerDirectDamageElapsedTicks\u0022:0,\u0022PlayerWeaponVisualCalls\u0022:0,\u0022PlayerWeaponVisualElapsedTicks\u0022:0,\u0022WeaponLaunches\u0022:0,\u0022EnemyWeaponLaunches\u0022:0,\u0022MissileLaunches\u0022:0,\u0022Impacts\u0022:1,\u0022ActiveMissiles\u0022:4"}
10-04 19:27:56.200  3817  3881 I godot   : QUEST_COMBAT_CHUNK: {"kind":"EVENT","runId":"20261004-182729-1d1caa","recordId":119,"index":1,"count":2,"data":"7,\u0022ActiveLasers\u0022:0,\u0022PlayerWorldRaycastElapsedTicks\u0022:0,\u0022PlayerMechRaycastElapsedTicks\u0022:0,\u0022WeaponEffectPoolBuilds\u0022:0,\u0022WeaponEffectPoolFallbacks\u0022:0,\u0022EnemyAiMilliseconds\u0022:0.331041,\u0022EnemyAiElapsedMs\u0022:0.331041,\u0022LineOfSightMilliseconds\u0022:0,\u0022LineOfSightElapsedMs\u0022:0,\u0022MissilePoolCreationMilliseconds\u0022:0,\u0022MissilePoolCreationElapsedMs\u0022:0,\u0022PlayerDirectRaycastMilliseconds\u0022:0,\u0022PlayerWorldRaycastMilliseconds\u0022:0,\u0022PlayerMechRaycastMilliseconds\u0022:0,\u0022PlayerDirectDamageMilliseconds\u0022:0,\u0022PlayerWeaponVisualMilliseconds\u0022:0}}"}
10-04 19:27:56.200  3817  3881 I godot   : QUEST_COMBAT_CHUNK: {"kind":"EVENT","runId":"20261004-182729-1d1caa","recordId":120,"index":0,"count":2,"data":"{\u0022runId\u0022:\u002220261004-182729-1d1caa\u0022,\u0022trial\u0022:1,\u0022Seconds\u0022:11.767909,\u0022Ms\u0022:18.690699999998728,\u0022Combat\u0022:{\u0022EnemyAiTicks\u0022:4,\u0022EnemyAiElapsedTicks\u0022:291718,\u0022LineOfSightCalls\u0022:0,\u0022LineOfSightElapsedTicks\u0022:0,\u0022MissilePoolsCreated\u0022:0,\u0022MissilePoolCreationElapsedTicks\u0022:0,\u0022PlayerDirectRaycastCalls\u0022:0,\u0022PlayerDirectRaycastElapsedTicks\u0022:0,\u0022PlayerDirectDamageCalls\u0022:0,\u0022PlayerDirectDamageElapsedTicks\u0022:0,\u0022PlayerWeaponVisualCalls\u0022:0,\u0022PlayerWeaponVisualElapsedTicks\u0022:0,\u0022WeaponLaunches\u0022:0,\u0022EnemyWeaponLaunches\u0022:0,\u0022MissileLaunches\u0022:0,\u0022Impacts\u0022:1,\u0022ActiveMissiles\u0022:47"}
10-04 19:27:56.200  3817  3881 I godot   : QUEST_COMBAT_CHUNK: {"kind":"EVENT","runId":"20261004-182729-1d1caa","recordId":120,"index":1,"count":2,"data":",\u0022ActiveLasers\u0022:0,\u0022PlayerWorldRaycastElapsedTicks\u0022:0,\u0022PlayerMechRaycastElapsedTicks\u0022:0,\u0022WeaponEffectPoolBuilds\u0022:0,\u0022WeaponEffectPoolFallbacks\u0022:0,\u0022EnemyAiMilliseconds\u0022:0.291718,\u0022EnemyAiElapsedMs\u0022:0.291718,\u0022LineOfSightMilliseconds\u0022:0,\u0022LineOfSightElapsedMs\u0022:0,\u0022MissilePoolCreationMilliseconds\u0022:0,\u0022MissilePoolCreationElapsedMs\u0022:0,\u0022PlayerDirectRaycastMilliseconds\u0022:0,\u0022PlayerWorldRaycastMilliseconds\u0022:0,\u0022PlayerMechRaycastMilliseconds\u0022:0,\u0022PlayerDirectDamageMilliseconds\u0022:0,\u0022PlayerWeaponVisualMilliseconds\u0022:0}}"}
10-04 19:27:56.201  3817  3881 I godot   : QUEST_COMBAT_CHUNK: {"kind":"EVENT","runId":"20261004-182729-1d1caa","recordId":121,"index":0,"count":2,"data":"{\u0022runId\u0022:\u002220261004-182729-1d1caa\u0022,\u0022trial\u0022:1,\u0022Seconds\u0022:11.7902549,\u0022Ms\u0022:22.34590000000125,\u0022Combat\u0022:{\u0022EnemyAiTicks\u0022:4,\u0022EnemyAiElapsedTicks\u0022:290156,\u0022LineOfSightCalls\u0022:0,\u0022LineOfSightElapsedTicks\u0022:0,\u0022MissilePoolsCreated\u0022:0,\u0022MissilePoolCreationElapsedTicks\u0022:0,\u0022PlayerDirectRaycastCalls\u0022:0,\u0022PlayerDirectRaycastElapsedTicks\u0022:0,\u0022PlayerDirectDamageCalls\u0022:0,\u0022PlayerDirectDamageElapsedTicks\u0022:0,\u0022PlayerWeaponVisualCalls\u0022:0,\u0022PlayerWeaponVisualElapsedTicks\u0022:0,\u0022WeaponLaunches\u0022:0,\u0022EnemyWeaponLaunches\u0022:0,\u0022MissileLaunches\u0022:0,\u0022Impacts\u0022:1,\u0022ActiveMissiles\u0022:47"}
10-04 19:27:56.201  3817  3881 I godot   : QUEST_COMBAT_CHUNK: {"kind":"EVENT","runId":"20261004-182729-1d1caa","recordId":121,"index":1,"count":2,"data":",\u0022ActiveLasers\u0022:0,\u0022PlayerWorldRaycastElapsedTicks\u0022:0,\u0022PlayerMechRaycastElapsedTicks\u0022:0,\u0022WeaponEffectPoolBuilds\u0022:0,\u0022WeaponEffectPoolFallbacks\u0022:0,\u0022EnemyAiMilliseconds\u0022:0.290156,\u0022EnemyAiElapsedMs\u0022:0.290156,\u0022LineOfSightMilliseconds\u0022:0,\u0022LineOfSightElapsedMs\u0022:0,\u0022MissilePoolCreationMilliseconds\u0022:0,\u0022MissilePoolCreationElapsedMs\u0022:0,\u0022PlayerDirectRaycastMilliseconds\u0022:0,\u0022PlayerWorldRaycastMilliseconds\u0022:0,\u0022PlayerMechRaycastMilliseconds\u0022:0,\u0022PlayerDirectDamageMilliseconds\u0022:0,\u0022PlayerWeaponVisualMilliseconds\u0022:0}}"}
10-04 19:27:56.201  3817  3881 I godot   : QUEST_COMBAT_CHUNK: {"kind":"EVENT","runId":"20261004-182729-1d1caa","recordId":122,"index":0,"count":2,"data":"{\u0022runId\u0022:\u002220261004-182729-1d1caa\u0022,\u0022trial\u0022:1,\u0022Seconds\u0022:11.8340112,\u0022Ms\u0022:19.068600000000657,\u0022Combat\u0022:{\u0022EnemyAiTicks\u0022:4,\u0022EnemyAiElapsedTicks\u0022:293072,\u0022LineOfSightCalls\u0022:0,\u0022LineOfSightElapsedTicks\u0022:0,\u0022MissilePoolsCreated\u0022:0,\u0022MissilePoolCreationElapsedTicks\u0022:0,\u0022PlayerDirectRaycastCalls\u0022:0,\u0022PlayerDirectRaycastElapsedTicks\u0022:0,\u0022PlayerDirectDamageCalls\u0022:0,\u0022PlayerDirectDamageElapsedTicks\u0022:0,\u0022PlayerWeaponVisualCalls\u0022:0,\u0022PlayerWeaponVisualElapsedTicks\u0022:0,\u0022WeaponLaunches\u0022:0,\u0022EnemyWeaponLaunches\u0022:0,\u0022MissileLaunches\u0022:0,\u0022Impacts\u0022:1,\u0022ActiveMissiles\u0022:4"}
10-04 19:27:56.201  3817  3881 I godot   : QUEST_COMBAT_CHUNK: {"kind":"EVENT","runId":"20261004-182729-1d1caa","recordId":122,"index":1,"count":2,"data":"7,\u0022ActiveLasers\u0022:0,\u0022PlayerWorldRaycastElapsedTicks\u0022:0,\u0022PlayerMechRaycastElapsedTicks\u0022:0,\u0022WeaponEffectPoolBuilds\u0022:0,\u0022WeaponEffectPoolFallbacks\u0022:0,\u0022EnemyAiMilliseconds\u0022:0.293072,\u0022EnemyAiElapsedMs\u0022:0.293072,\u0022LineOfSightMilliseconds\u0022:0,\u0022LineOfSightElapsedMs\u0022:0,\u0022MissilePoolCreationMilliseconds\u0022:0,\u0022MissilePoolCreationElapsedMs\u0022:0,\u0022PlayerDirectRaycastMilliseconds\u0022:0,\u0022PlayerWorldRaycastMilliseconds\u0022:0,\u0022PlayerMechRaycastMilliseconds\u0022:0,\u0022PlayerDirectDamageMilliseconds\u0022:0,\u0022PlayerWeaponVisualMilliseconds\u0022:0}}"}
10-04 19:27:56.201  3817  3881 I godot   : QUEST_COMBAT_CHUNK: {"kind":"EVENT","runId":"20261004-182729-1d1caa","recordId":123,"index":0,"count":2,"data":"{\u0022runId\u0022:\u002220261004-182729-1d1caa\u0022,\u0022trial\u0022:1,\u0022Seconds\u0022:11.8562587,\u0022Ms\u0022:22.247499999998865,\u0022Combat\u0022:{\u0022EnemyAiTicks\u0022:4,\u0022EnemyAiElapsedTicks\u0022:280156,\u0022LineOfSightCalls\u0022:0,\u0022LineOfSightElapsedTicks\u0022:0,\u0022MissilePoolsCreated\u0022:0,\u0022MissilePoolCreationElapsedTicks\u0022:0,\u0022PlayerDirectRaycastCalls\u0022:0,\u0022PlayerDirectRaycastElapsedTicks\u0022:0,\u0022PlayerDirectDamageCalls\u0022:0,\u0022PlayerDirectDamageElapsedTicks\u0022:0,\u0022PlayerWeaponVisualCalls\u0022:0,\u0022PlayerWeaponVisualElapsedTicks\u0022:0,\u0022WeaponLaunches\u0022:0,\u0022EnemyWeaponLaunches\u0022:0,\u0022MissileLaunches\u0022:0,\u0022Impacts\u0022:1,\u0022ActiveMissiles\u0022:4"}
10-04 19:27:56.201  3817  3881 I godot   : QUEST_COMBAT_CHUNK: {"kind":"EVENT","runId":"20261004-182729-1d1caa","recordId":123,"index":1,"count":2,"data":"7,\u0022ActiveLasers\u0022:0,\u0022PlayerWorldRaycastElapsedTicks\u0022:0,\u0022PlayerMechRaycastElapsedTicks\u0022:0,\u0022WeaponEffectPoolBuilds\u0022:0,\u0022WeaponEffectPoolFallbacks\u0022:0,\u0022EnemyAiMilliseconds\u0022:0.280156,\u0022EnemyAiElapsedMs\u0022:0.280156,\u0022LineOfSightMilliseconds\u0022:0,\u0022LineOfSightElapsedMs\u0022:0,\u0022MissilePoolCreationMilliseconds\u0022:0,\u0022MissilePoolCreationElapsedMs\u0022:0,\u0022PlayerDirectRaycastMilliseconds\u0022:0,\u0022PlayerWorldRaycastMilliseconds\u0022:0,\u0022PlayerMechRaycastMilliseconds\u0022:0,\u0022PlayerDirectDamageMilliseconds\u0022:0,\u0022PlayerWeaponVisualMilliseconds\u0022:0}}"}
10-04 19:27:56.202  3817  3881 I godot   : QUEST_COMBAT_CHUNK: {"kind":"EVENT","runId":"20261004-182729-1d1caa","recordId":124,"index":0,"count":2,"data":"{\u0022runId\u0022:\u002220261004-182729-1d1caa\u0022,\u0022trial\u0022:1,\u0022Seconds\u0022:11.9228408,\u0022Ms\u0022:22.404199999998653,\u0022Combat\u0022:{\u0022EnemyAiTicks\u0022:4,\u0022EnemyAiElapsedTicks\u0022:310729,\u0022LineOfSightCalls\u0022:0,\u0022LineOfSightElapsedTicks\u0022:0,\u0022MissilePoolsCreated\u0022:0,\u0022MissilePoolCreationElapsedTicks\u0022:0,\u0022PlayerDirectRaycastCalls\u0022:0,\u0022PlayerDirectRaycastElapsedTicks\u0022:0,\u0022PlayerDirectDamageCalls\u0022:0,\u0022PlayerDirectDamageElapsedTicks\u0022:0,\u0022PlayerWeaponVisualCalls\u0022:0,\u0022PlayerWeaponVisualElapsedTicks\u0022:0,\u0022WeaponLaunches\u0022:0,\u0022EnemyWeaponLaunches\u0022:0,\u0022MissileLaunches\u0022:0,\u0022Impacts\u0022:1,\u0022ActiveMissiles\u0022:4"}
10-04 19:27:56.202  3817  3881 I godot   : QUEST_COMBAT_CHUNK: {"kind":"EVENT","runId":"20261004-182729-1d1caa","recordId":124,"index":1,"count":2,"data":"7,\u0022ActiveLasers\u0022:0,\u0022PlayerWorldRaycastElapsedTicks\u0022:0,\u0022PlayerMechRaycastElapsedTicks\u0022:0,\u0022WeaponEffectPoolBuilds\u0022:0,\u0022WeaponEffectPoolFallbacks\u0022:0,\u0022EnemyAiMilliseconds\u0022:0.310729,\u0022EnemyAiElapsedMs\u0022:0.310729,\u0022LineOfSightMilliseconds\u0022:0,\u0022LineOfSightElapsedMs\u0022:0,\u0022MissilePoolCreationMilliseconds\u0022:0,\u0022MissilePoolCreationElapsedMs\u0022:0,\u0022PlayerDirectRaycastMilliseconds\u0022:0,\u0022PlayerWorldRaycastMilliseconds\u0022:0,\u0022PlayerMechRaycastMilliseconds\u0022:0,\u0022PlayerDirectDamageMilliseconds\u0022:0,\u0022PlayerWeaponVisualMilliseconds\u0022:0}}"}
10-04 19:27:56.202  3817  3881 I godot   : QUEST_COMBAT_CHUNK: {"kind":"EVENT","runId":"20261004-182729-1d1caa","recordId":125,"index":0,"count":2,"data":"{\u0022runId\u0022:\u002220261004-182729-1d1caa\u0022,\u0022trial\u0022:1,\u0022Seconds\u0022:12.5224198,\u0022Ms\u0022:17.767700000000275,\u0022Combat\u0022:{\u0022EnemyAiTicks\u0022:4,\u0022EnemyAiElapsedTicks\u0022:323854,\u0022LineOfSightCalls\u0022:0,\u0022LineOfSightElapsedTicks\u0022:0,\u0022MissilePoolsCreated\u0022:0,\u0022MissilePoolCreationElapsedTicks\u0022:0,\u0022PlayerDirectRaycastCalls\u0022:1,\u0022PlayerDirectRaycastElapsedTicks\u0022:1256979,\u0022PlayerDirectDamageCalls\u0022:1,\u0022PlayerDirectDamageElapsedTicks\u0022:142343,\u0022PlayerWeaponVisualCalls\u0022:1,\u0022PlayerWeaponVisualElapsedTicks\u0022:141094,\u0022WeaponLaunches\u0022:1,\u0022EnemyWeaponLaunches\u0022:0,\u0022MissileLaunches\u0022:0,\u0022Impacts\u0022:1,\u0022Active"}
10-04 19:27:56.202  3817  3881 I godot   : QUEST_COMBAT_CHUNK: {"kind":"EVENT","runId":"20261004-182729-1d1caa","recordId":125,"index":1,"count":2,"data":"Missiles\u0022:47,\u0022ActiveLasers\u0022:3,\u0022PlayerWorldRaycastElapsedTicks\u0022:754115,\u0022PlayerMechRaycastElapsedTicks\u0022:498854,\u0022WeaponEffectPoolBuilds\u0022:0,\u0022WeaponEffectPoolFallbacks\u0022:0,\u0022EnemyAiMilliseconds\u0022:0.323854,\u0022EnemyAiElapsedMs\u0022:0.323854,\u0022LineOfSightMilliseconds\u0022:0,\u0022LineOfSightElapsedMs\u0022:0,\u0022MissilePoolCreationMilliseconds\u0022:0,\u0022MissilePoolCreationElapsedMs\u0022:0,\u0022PlayerDirectRaycastMilliseconds\u0022:1.256979,\u0022PlayerWorldRaycastMilliseconds\u0022:0.754115,\u0022PlayerMechRaycastMilliseconds\u0022:0.498854,\u0022PlayerDirectDamageMilliseconds\u0022:0.142343,\u0022PlayerWeaponVisualMilliseconds\u0022:0.141094}}"}
10-04 19:27:56.202  3817  3881 I godot   : QUEST_COMBAT_CHUNK: {"kind":"EVENT","runId":"20261004-182729-1d1caa","recordId":126,"index":0,"count":2,"data":"{\u0022runId\u0022:\u002220261004-182729-1d1caa\u0022,\u0022trial\u0022:1,\u0022Seconds\u0022:12.8489527,\u0022Ms\u0022:17.521399999999687,\u0022Combat\u0022:{\u0022EnemyAiTicks\u0022:4,\u0022EnemyAiElapsedTicks\u0022:540781,\u0022LineOfSightCalls\u0022:0,\u0022LineOfSightElapsedTicks\u0022:0,\u0022MissilePoolsCreated\u0022:0,\u0022MissilePoolCreationElapsedTicks\u0022:0,\u0022PlayerDirectRaycastCalls\u0022:0,\u0022PlayerDirectRaycastElapsedTicks\u0022:0,\u0022PlayerDirectDamageCalls\u0022:0,\u0022PlayerDirectDamageElapsedTicks\u0022:0,\u0022PlayerWeaponVisualCalls\u0022:0,\u0022PlayerWeaponVisualElapsedTicks\u0022:0,\u0022WeaponLaunches\u0022:0,\u0022EnemyWeaponLaunches\u0022:0,\u0022MissileLaunches\u0022:0,\u0022Impacts\u0022:1,\u0022ActiveMissiles\u0022:3"}
10-04 19:27:56.202  3817  3881 I godot   : QUEST_COMBAT_CHUNK: {"kind":"EVENT","runId":"20261004-182729-1d1caa","recordId":126,"index":1,"count":2,"data":"9,\u0022ActiveLasers\u0022:3,\u0022PlayerWorldRaycastElapsedTicks\u0022:0,\u0022PlayerMechRaycastElapsedTicks\u0022:0,\u0022WeaponEffectPoolBuilds\u0022:0,\u0022WeaponEffectPoolFallbacks\u0022:0,\u0022EnemyAiMilliseconds\u0022:0.540781,\u0022EnemyAiElapsedMs\u0022:0.540781,\u0022LineOfSightMilliseconds\u0022:0,\u0022LineOfSightElapsedMs\u0022:0,\u0022MissilePoolCreationMilliseconds\u0022:0,\u0022MissilePoolCreationElapsedMs\u0022:0,\u0022PlayerDirectRaycastMilliseconds\u0022:0,\u0022PlayerWorldRaycastMilliseconds\u0022:0,\u0022PlayerMechRaycastMilliseconds\u0022:0,\u0022PlayerDirectDamageMilliseconds\u0022:0,\u0022PlayerWeaponVisualMilliseconds\u0022:0}}"}
10-04 19:27:56.203  3817  3881 I godot   : QUEST_COMBAT_CHUNK: {"kind":"EVENT","runId":"20261004-182729-1d1caa","recordId":127,"index":0,"count":2,"data":"{\u0022runId\u0022:\u002220261004-182729-1d1caa\u0022,\u0022trial\u0022:1,\u0022Seconds\u0022:13.049139,\u0022Ms\u0022:14.957799999999466,\u0022Combat\u0022:{\u0022EnemyAiTicks\u0022:4,\u0022EnemyAiElapsedTicks\u0022:281303,\u0022LineOfSightCalls\u0022:0,\u0022LineOfSightElapsedTicks\u0022:0,\u0022MissilePoolsCreated\u0022:0,\u0022MissilePoolCreationElapsedTicks\u0022:0,\u0022PlayerDirectRaycastCalls\u0022:0,\u0022PlayerDirectRaycastElapsedTicks\u0022:0,\u0022PlayerDirectDamageCalls\u0022:0,\u0022PlayerDirectDamageElapsedTicks\u0022:0,\u0022PlayerWeaponVisualCalls\u0022:0,\u0022PlayerWeaponVisualElapsedTicks\u0022:0,\u0022WeaponLaunches\u0022:0,\u0022EnemyWeaponLaunches\u0022:0,\u0022MissileLaunches\u0022:0,\u0022Impacts\u0022:1,\u0022ActiveMissiles\u0022:32"}
10-04 19:27:56.203  3817  3881 I godot   : QUEST_COMBAT_CHUNK: {"kind":"EVENT","runId":"20261004-182729-1d1caa","recordId":127,"index":1,"count":2,"data":",\u0022ActiveLasers\u0022:3,\u0022PlayerWorldRaycastElapsedTicks\u0022:0,\u0022PlayerMechRaycastElapsedTicks\u0022:0,\u0022WeaponEffectPoolBuilds\u0022:0,\u0022WeaponEffectPoolFallbacks\u0022:0,\u0022EnemyAiMilliseconds\u0022:0.281303,\u0022EnemyAiElapsedMs\u0022:0.281303,\u0022LineOfSightMilliseconds\u0022:0,\u0022LineOfSightElapsedMs\u0022:0,\u0022MissilePoolCreationMilliseconds\u0022:0,\u0022MissilePoolCreationElapsedMs\u0022:0,\u0022PlayerDirectRaycastMilliseconds\u0022:0,\u0022PlayerWorldRaycastMilliseconds\u0022:0,\u0022PlayerMechRaycastMilliseconds\u0022:0,\u0022PlayerDirectDamageMilliseconds\u0022:0,\u0022PlayerWeaponVisualMilliseconds\u0022:0}}"}
10-04 19:27:56.203  3817  3881 I godot   : QUEST_COMBAT_CHUNK: {"kind":"EVENT","runId":"20261004-182729-1d1caa","recordId":128,"index":0,"count":2,"data":"{\u0022runId\u0022:\u002220261004-182729-1d1caa\u0022,\u0022trial\u0022:1,\u0022Seconds\u0022:13.0949722,\u0022Ms\u0022:15.755700000001482,\u0022Combat\u0022:{\u0022EnemyAiTicks\u0022:4,\u0022EnemyAiElapsedTicks\u0022:946980,\u0022LineOfSightCalls\u0022:1,\u0022LineOfSightElapsedTicks\u0022:237448,\u0022MissilePoolsCreated\u0022:0,\u0022MissilePoolCreationElapsedTicks\u0022:0,\u0022PlayerDirectRaycastCalls\u0022:0,\u0022PlayerDirectRaycastElapsedTicks\u0022:0,\u0022PlayerDirectDamageCalls\u0022:0,\u0022PlayerDirectDamageElapsedTicks\u0022:0,\u0022PlayerWeaponVisualCalls\u0022:0,\u0022PlayerWeaponVisualElapsedTicks\u0022:0,\u0022WeaponLaunches\u0022:1,\u0022EnemyWeaponLaunches\u0022:1,\u0022MissileLaunches\u0022:0,\u0022Impacts\u0022:0,\u0022ActiveMissiles"}
10-04 19:27:56.203  3817  3881 I godot   : QUEST_COMBAT_CHUNK: {"kind":"EVENT","runId":"20261004-182729-1d1caa","recordId":128,"index":1,"count":2,"data":"\u0022:31,\u0022ActiveLasers\u0022:6,\u0022PlayerWorldRaycastElapsedTicks\u0022:0,\u0022PlayerMechRaycastElapsedTicks\u0022:0,\u0022WeaponEffectPoolBuilds\u0022:0,\u0022WeaponEffectPoolFallbacks\u0022:0,\u0022EnemyAiMilliseconds\u0022:0.94698,\u0022EnemyAiElapsedMs\u0022:0.94698,\u0022LineOfSightMilliseconds\u0022:0.237448,\u0022LineOfSightElapsedMs\u0022:0.237448,\u0022MissilePoolCreationMilliseconds\u0022:0,\u0022MissilePoolCreationElapsedMs\u0022:0,\u0022PlayerDirectRaycastMilliseconds\u0022:0,\u0022PlayerWorldRaycastMilliseconds\u0022:0,\u0022PlayerMechRaycastMilliseconds\u0022:0,\u0022PlayerDirectDamageMilliseconds\u0022:0,\u0022PlayerWeaponVisualMilliseconds\u0022:0}}"}
10-04 19:27:56.203  3817  3881 I godot   : QUEST_COMBAT_CHUNK: {"kind":"EVENT","runId":"20261004-182729-1d1caa","recordId":129,"index":0,"count":2,"data":"{\u0022runId\u0022:\u002220261004-182729-1d1caa\u0022,\u0022trial\u0022:1,\u0022Seconds\u0022:13.2151482,\u0022Ms\u0022:15.744599999999664,\u0022Combat\u0022:{\u0022EnemyAiTicks\u0022:4,\u0022EnemyAiElapsedTicks\u0022:450625,\u0022LineOfSightCalls\u0022:1,\u0022LineOfSightElapsedTicks\u0022:166146,\u0022MissilePoolsCreated\u0022:0,\u0022MissilePoolCreationElapsedTicks\u0022:0,\u0022PlayerDirectRaycastCalls\u0022:0,\u0022PlayerDirectRaycastElapsedTicks\u0022:0,\u0022PlayerDirectDamageCalls\u0022:0,\u0022PlayerDirectDamageElapsedTicks\u0022:0,\u0022PlayerWeaponVisualCalls\u0022:0,\u0022PlayerWeaponVisualElapsedTicks\u0022:0,\u0022WeaponLaunches\u0022:0,\u0022EnemyWeaponLaunches\u0022:0,\u0022MissileLaunches\u0022:0,\u0022Impacts\u0022:1,\u0022ActiveMissiles"}
10-04 19:27:56.203  3817  3881 I godot   : QUEST_COMBAT_CHUNK: {"kind":"EVENT","runId":"20261004-182729-1d1caa","recordId":129,"index":1,"count":2,"data":"\u0022:27,\u0022ActiveLasers\u0022:3,\u0022PlayerWorldRaycastElapsedTicks\u0022:0,\u0022PlayerMechRaycastElapsedTicks\u0022:0,\u0022WeaponEffectPoolBuilds\u0022:0,\u0022WeaponEffectPoolFallbacks\u0022:0,\u0022EnemyAiMilliseconds\u0022:0.450625,\u0022EnemyAiElapsedMs\u0022:0.450625,\u0022LineOfSightMilliseconds\u0022:0.166146,\u0022LineOfSightElapsedMs\u0022:0.166146,\u0022MissilePoolCreationMilliseconds\u0022:0,\u0022MissilePoolCreationElapsedMs\u0022:0,\u0022PlayerDirectRaycastMilliseconds\u0022:0,\u0022PlayerWorldRaycastMilliseconds\u0022:0,\u0022PlayerMechRaycastMilliseconds\u0022:0,\u0022PlayerDirectDamageMilliseconds\u0022:0,\u0022PlayerWeaponVisualMilliseconds\u0022:0}}"}
10-04 19:27:56.203  3817  3881 I godot   : QUEST_COMBAT_CHUNK: {"kind":"EVENT","runId":"20261004-182729-1d1caa","recordId":130,"index":0,"count":2,"data":"{\u0022runId\u0022:\u002220261004-182729-1d1caa\u0022,\u0022trial\u0022:1,\u0022Seconds\u0022:13.2427252,\u0022Ms\u0022:12.6533000000002,\u0022Combat\u0022:{\u0022EnemyAiTicks\u0022:0,\u0022EnemyAiElapsedTicks\u0022:0,\u0022LineOfSightCalls\u0022:0,\u0022LineOfSightElapsedTicks\u0022:0,\u0022MissilePoolsCreated\u0022:0,\u0022MissilePoolCreationElapsedTicks\u0022:0,\u0022PlayerDirectRaycastCalls\u0022:0,\u0022PlayerDirectRaycastElapsedTicks\u0022:0,\u0022PlayerDirectDamageCalls\u0022:0,\u0022PlayerDirectDamageElapsedTicks\u0022:0,\u0022PlayerWeaponVisualCalls\u0022:0,\u0022PlayerWeaponVisualElapsedTicks\u0022:0,\u0022WeaponLaunches\u0022:0,\u0022EnemyWeaponLaunches\u0022:0,\u0022MissileLaunches\u0022:0,\u0022Impacts\u0022:2,\u0022ActiveMissiles\u0022:27,"}
10-04 19:27:56.203  3817  3881 I godot   : QUEST_COMBAT_CHUNK: {"kind":"EVENT","runId":"20261004-182729-1d1caa","recordId":130,"index":1,"count":2,"data":"\u0022ActiveLasers\u0022:3,\u0022PlayerWorldRaycastElapsedTicks\u0022:0,\u0022PlayerMechRaycastElapsedTicks\u0022:0,\u0022WeaponEffectPoolBuilds\u0022:0,\u0022WeaponEffectPoolFallbacks\u0022:0,\u0022EnemyAiMilliseconds\u0022:0,\u0022EnemyAiElapsedMs\u0022:0,\u0022LineOfSightMilliseconds\u0022:0,\u0022LineOfSightElapsedMs\u0022:0,\u0022MissilePoolCreationMilliseconds\u0022:0,\u0022MissilePoolCreationElapsedMs\u0022:0,\u0022PlayerDirectRaycastMilliseconds\u0022:0,\u0022PlayerWorldRaycastMilliseconds\u0022:0,\u0022PlayerMechRaycastMilliseconds\u0022:0,\u0022PlayerDirectDamageMilliseconds\u0022:0,\u0022PlayerWeaponVisualMilliseconds\u0022:0}}"}
10-04 19:27:56.204  3817  3881 I godot   : QUEST_COMBAT_CHUNK: {"kind":"EVENT","runId":"20261004-182729-1d1caa","recordId":131,"index":0,"count":2,"data":"{\u0022runId\u0022:\u002220261004-182729-1d1caa\u0022,\u0022trial\u0022:1,\u0022Seconds\u0022:13.2773902,\u0022Ms\u0022:16.23369999999902,\u0022Combat\u0022:{\u0022EnemyAiTicks\u0022:4,\u0022EnemyAiElapsedTicks\u0022:281459,\u0022LineOfSightCalls\u0022:0,\u0022LineOfSightElapsedTicks\u0022:0,\u0022MissilePoolsCreated\u0022:0,\u0022MissilePoolCreationElapsedTicks\u0022:0,\u0022PlayerDirectRaycastCalls\u0022:0,\u0022PlayerDirectRaycastElapsedTicks\u0022:0,\u0022PlayerDirectDamageCalls\u0022:0,\u0022PlayerDirectDamageElapsedTicks\u0022:0,\u0022PlayerWeaponVisualCalls\u0022:0,\u0022PlayerWeaponVisualElapsedTicks\u0022:0,\u0022WeaponLaunches\u0022:0,\u0022EnemyWeaponLaunches\u0022:0,\u0022MissileLaunches\u0022:0,\u0022Impacts\u0022:1,\u0022ActiveMissiles\u0022:26"}
10-04 19:27:56.204  3817  3881 I godot   : QUEST_COMBAT_CHUNK: {"kind":"EVENT","runId":"20261004-182729-1d1caa","recordId":131,"index":1,"count":2,"data":",\u0022ActiveLasers\u0022:3,\u0022PlayerWorldRaycastElapsedTicks\u0022:0,\u0022PlayerMechRaycastElapsedTicks\u0022:0,\u0022WeaponEffectPoolBuilds\u0022:0,\u0022WeaponEffectPoolFallbacks\u0022:0,\u0022EnemyAiMilliseconds\u0022:0.281459,\u0022EnemyAiElapsedMs\u0022:0.281459,\u0022LineOfSightMilliseconds\u0022:0,\u0022LineOfSightElapsedMs\u0022:0,\u0022MissilePoolCreationMilliseconds\u0022:0,\u0022MissilePoolCreationElapsedMs\u0022:0,\u0022PlayerDirectRaycastMilliseconds\u0022:0,\u0022PlayerWorldRaycastMilliseconds\u0022:0,\u0022PlayerMechRaycastMilliseconds\u0022:0,\u0022PlayerDirectDamageMilliseconds\u0022:0,\u0022PlayerWeaponVisualMilliseconds\u0022:0}}"}
10-04 19:27:56.204  3817  3881 I godot   : QUEST_COMBAT_CHUNK: {"kind":"EVENT","runId":"20261004-182729-1d1caa","recordId":132,"index":0,"count":2,"data":"{\u0022runId\u0022:\u002220261004-182729-1d1caa\u0022,\u0022trial\u0022:1,\u0022Seconds\u0022:13.309325,\u0022Ms\u0022:16.478799999999794,\u0022Combat\u0022:{\u0022EnemyAiTicks\u0022:4,\u0022EnemyAiElapsedTicks\u0022:305886,\u0022LineOfSightCalls\u0022:0,\u0022LineOfSightElapsedTicks\u0022:0,\u0022MissilePoolsCreated\u0022:0,\u0022MissilePoolCreationElapsedTicks\u0022:0,\u0022PlayerDirectRaycastCalls\u0022:0,\u0022PlayerDirectRaycastElapsedTicks\u0022:0,\u0022PlayerDirectDamageCalls\u0022:0,\u0022PlayerDirectDamageElapsedTicks\u0022:0,\u0022PlayerWeaponVisualCalls\u0022:0,\u0022PlayerWeaponVisualElapsedTicks\u0022:0,\u0022WeaponLaunches\u0022:0,\u0022EnemyWeaponLaunches\u0022:0,\u0022MissileLaunches\u0022:0,\u0022Impacts\u0022:1,\u0022ActiveMissiles\u0022:26"}
10-04 19:27:56.204  3817  3881 I godot   : QUEST_COMBAT_CHUNK: {"kind":"EVENT","runId":"20261004-182729-1d1caa","recordId":132,"index":1,"count":2,"data":",\u0022ActiveLasers\u0022:3,\u0022PlayerWorldRaycastElapsedTicks\u0022:0,\u0022PlayerMechRaycastElapsedTicks\u0022:0,\u0022WeaponEffectPoolBuilds\u0022:0,\u0022WeaponEffectPoolFallbacks\u0022:0,\u0022EnemyAiMilliseconds\u0022:0.305886,\u0022EnemyAiElapsedMs\u0022:0.305886,\u0022LineOfSightMilliseconds\u0022:0,\u0022LineOfSightElapsedMs\u0022:0,\u0022MissilePoolCreationMilliseconds\u0022:0,\u0022MissilePoolCreationElapsedMs\u0022:0,\u0022PlayerDirectRaycastMilliseconds\u0022:0,\u0022PlayerWorldRaycastMilliseconds\u0022:0,\u0022PlayerMechRaycastMilliseconds\u0022:0,\u0022PlayerDirectDamageMilliseconds\u0022:0,\u0022PlayerWeaponVisualMilliseconds\u0022:0}}"}
10-04 19:27:56.204  3817  3881 I godot   : QUEST_COMBAT_CHUNK: {"kind":"EVENT","runId":"20261004-182729-1d1caa","recordId":133,"index":0,"count":2,"data":"{\u0022runId\u0022:\u002220261004-182729-1d1caa\u0022,\u0022trial\u0022:1,\u0022Seconds\u0022:13.341664,\u0022Ms\u0022:15.805399999999636,\u0022Combat\u0022:{\u0022EnemyAiTicks\u0022:4,\u0022EnemyAiElapsedTicks\u0022:322448,\u0022LineOfSightCalls\u0022:0,\u0022LineOfSightElapsedTicks\u0022:0,\u0022MissilePoolsCreated\u0022:0,\u0022MissilePoolCreationElapsedTicks\u0022:0,\u0022PlayerDirectRaycastCalls\u0022:0,\u0022PlayerDirectRaycastElapsedTicks\u0022:0,\u0022PlayerDirectDamageCalls\u0022:0,\u0022PlayerDirectDamageElapsedTicks\u0022:0,\u0022PlayerWeaponVisualCalls\u0022:0,\u0022PlayerWeaponVisualElapsedTicks\u0022:0,\u0022WeaponLaunches\u0022:0,\u0022EnemyWeaponLaunches\u0022:0,\u0022MissileLaunches\u0022:0,\u0022Impacts\u0022:1,\u0022ActiveMissiles\u0022:26"}
10-04 19:27:56.204  3817  3881 I godot   : QUEST_COMBAT_CHUNK: {"kind":"EVENT","runId":"20261004-182729-1d1caa","recordId":133,"index":1,"count":2,"data":",\u0022ActiveLasers\u0022:3,\u0022PlayerWorldRaycastElapsedTicks\u0022:0,\u0022PlayerMechRaycastElapsedTicks\u0022:0,\u0022WeaponEffectPoolBuilds\u0022:0,\u0022WeaponEffectPoolFallbacks\u0022:0,\u0022EnemyAiMilliseconds\u0022:0.322448,\u0022EnemyAiElapsedMs\u0022:0.322448,\u0022LineOfSightMilliseconds\u0022:0,\u0022LineOfSightElapsedMs\u0022:0,\u0022MissilePoolCreationMilliseconds\u0022:0,\u0022MissilePoolCreationElapsedMs\u0022:0,\u0022PlayerDirectRaycastMilliseconds\u0022:0,\u0022PlayerWorldRaycastMilliseconds\u0022:0,\u0022PlayerMechRaycastMilliseconds\u0022:0,\u0022PlayerDirectDamageMilliseconds\u0022:0,\u0022PlayerWeaponVisualMilliseconds\u0022:0}}"}
10-04 19:27:56.204  3817  3881 I godot   : QUEST_COMBAT_CHUNK: {"kind":"EVENT","runId":"20261004-182729-1d1caa","recordId":134,"index":0,"count":2,"data":"{\u0022runId\u0022:\u002220261004-182729-1d1caa\u0022,\u0022trial\u0022:1,\u0022Seconds\u0022:13.3720256,\u0022Ms\u0022:15.117100000001216,\u0022Combat\u0022:{\u0022EnemyAiTicks\u0022:4,\u0022EnemyAiElapsedTicks\u0022:285053,\u0022LineOfSightCalls\u0022:0,\u0022LineOfSightElapsedTicks\u0022:0,\u0022MissilePoolsCreated\u0022:0,\u0022MissilePoolCreationElapsedTicks\u0022:0,\u0022PlayerDirectRaycastCalls\u0022:0,\u0022PlayerDirectRaycastElapsedTicks\u0022:0,\u0022PlayerDirectDamageCalls\u0022:0,\u0022PlayerDirectDamageElapsedTicks\u0022:0,\u0022PlayerWeaponVisualCalls\u0022:0,\u0022PlayerWeaponVisualElapsedTicks\u0022:0,\u0022WeaponLaunches\u0022:0,\u0022EnemyWeaponLaunches\u0022:0,\u0022MissileLaunches\u0022:0,\u0022Impacts\u0022:1,\u0022ActiveMissiles\u0022:2"}
10-04 19:27:56.204  3817  3881 I godot   : QUEST_COMBAT_CHUNK: {"kind":"EVENT","runId":"20261004-182729-1d1caa","recordId":134,"index":1,"count":2,"data":"6,\u0022ActiveLasers\u0022:3,\u0022PlayerWorldRaycastElapsedTicks\u0022:0,\u0022PlayerMechRaycastElapsedTicks\u0022:0,\u0022WeaponEffectPoolBuilds\u0022:0,\u0022WeaponEffectPoolFallbacks\u0022:0,\u0022EnemyAiMilliseconds\u0022:0.285053,\u0022EnemyAiElapsedMs\u0022:0.285053,\u0022LineOfSightMilliseconds\u0022:0,\u0022LineOfSightElapsedMs\u0022:0,\u0022MissilePoolCreationMilliseconds\u0022:0,\u0022MissilePoolCreationElapsedMs\u0022:0,\u0022PlayerDirectRaycastMilliseconds\u0022:0,\u0022PlayerWorldRaycastMilliseconds\u0022:0,\u0022PlayerMechRaycastMilliseconds\u0022:0,\u0022PlayerDirectDamageMilliseconds\u0022:0,\u0022PlayerWeaponVisualMilliseconds\u0022:0}}"}
10-04 19:27:56.205  3817  3881 I godot   : QUEST_COMBAT_CHUNK: {"kind":"EVENT","runId":"20261004-182729-1d1caa","recordId":135,"index":0,"count":2,"data":"{\u0022runId\u0022:\u002220261004-182729-1d1caa\u0022,\u0022trial\u0022:1,\u0022Seconds\u0022:13.4314194,\u0022Ms\u0022:12.755499999999032,\u0022Combat\u0022:{\u0022EnemyAiTicks\u0022:0,\u0022EnemyAiElapsedTicks\u0022:0,\u0022LineOfSightCalls\u0022:0,\u0022LineOfSightElapsedTicks\u0022:0,\u0022MissilePoolsCreated\u0022:0,\u0022MissilePoolCreationElapsedTicks\u0022:0,\u0022PlayerDirectRaycastCalls\u0022:0,\u0022PlayerDirectRaycastElapsedTicks\u0022:0,\u0022PlayerDirectDamageCalls\u0022:0,\u0022PlayerDirectDamageElapsedTicks\u0022:0,\u0022PlayerWeaponVisualCalls\u0022:0,\u0022PlayerWeaponVisualElapsedTicks\u0022:0,\u0022WeaponLaunches\u0022:0,\u0022EnemyWeaponLaunches\u0022:0,\u0022MissileLaunches\u0022:0,\u0022Impacts\u0022:1,\u0022ActiveMissiles\u0022:26,"}
10-04 19:27:56.205  3817  3881 I godot   : QUEST_COMBAT_CHUNK: {"kind":"EVENT","runId":"20261004-182729-1d1caa","recordId":135,"index":1,"count":2,"data":"\u0022ActiveLasers\u0022:3,\u0022PlayerWorldRaycastElapsedTicks\u0022:0,\u0022PlayerMechRaycastElapsedTicks\u0022:0,\u0022WeaponEffectPoolBuilds\u0022:0,\u0022WeaponEffectPoolFallbacks\u0022:0,\u0022EnemyAiMilliseconds\u0022:0,\u0022EnemyAiElapsedMs\u0022:0,\u0022LineOfSightMilliseconds\u0022:0,\u0022LineOfSightElapsedMs\u0022:0,\u0022MissilePoolCreationMilliseconds\u0022:0,\u0022MissilePoolCreationElapsedMs\u0022:0,\u0022PlayerDirectRaycastMilliseconds\u0022:0,\u0022PlayerWorldRaycastMilliseconds\u0022:0,\u0022PlayerMechRaycastMilliseconds\u0022:0,\u0022PlayerDirectDamageMilliseconds\u0022:0,\u0022PlayerWeaponVisualMilliseconds\u0022:0}}"}
10-04 19:27:56.207  3817  3881 I godot   : QUEST_COMBAT_CHUNK: {"kind":"EVENT","runId":"20261004-182729-1d1caa","recordId":136,"index":0,"count":2,"data":"{\u0022runId\u0022:\u002220261004-182729-1d1caa\u0022,\u0022trial\u0022:1,\u0022Seconds\u0022:13.464811,\u0022Ms\u0022:15.383899999999784,\u0022Combat\u0022:{\u0022EnemyAiTicks\u0022:4,\u0022EnemyAiElapsedTicks\u0022:286718,\u0022LineOfSightCalls\u0022:0,\u0022LineOfSightElapsedTicks\u0022:0,\u0022MissilePoolsCreated\u0022:0,\u0022MissilePoolCreationElapsedTicks\u0022:0,\u0022PlayerDirectRaycastCalls\u0022:0,\u0022PlayerDirectRaycastElapsedTicks\u0022:0,\u0022PlayerDirectDamageCalls\u0022:0,\u0022PlayerDirectDamageElapsedTicks\u0022:0,\u0022PlayerWeaponVisualCalls\u0022:0,\u0022PlayerWeaponVisualElapsedTicks\u0022:0,\u0022WeaponLaunches\u0022:0,\u0022EnemyWeaponLaunches\u0022:0,\u0022MissileLaunches\u0022:0,\u0022Impacts\u0022:1,\u0022ActiveMissiles\u0022:26"}
10-04 19:27:56.207  3817  3881 I godot   : QUEST_COMBAT_CHUNK: {"kind":"EVENT","runId":"20261004-182729-1d1caa","recordId":136,"index":1,"count":2,"data":",\u0022ActiveLasers\u0022:3,\u0022PlayerWorldRaycastElapsedTicks\u0022:0,\u0022PlayerMechRaycastElapsedTicks\u0022:0,\u0022WeaponEffectPoolBuilds\u0022:0,\u0022WeaponEffectPoolFallbacks\u0022:0,\u0022EnemyAiMilliseconds\u0022:0.286718,\u0022EnemyAiElapsedMs\u0022:0.286718,\u0022LineOfSightMilliseconds\u0022:0,\u0022LineOfSightElapsedMs\u0022:0,\u0022MissilePoolCreationMilliseconds\u0022:0,\u0022MissilePoolCreationElapsedMs\u0022:0,\u0022PlayerDirectRaycastMilliseconds\u0022:0,\u0022PlayerWorldRaycastMilliseconds\u0022:0,\u0022PlayerMechRaycastMilliseconds\u0022:0,\u0022PlayerDirectDamageMilliseconds\u0022:0,\u0022PlayerWeaponVisualMilliseconds\u0022:0}}"}
10-04 19:27:56.207  3817  3881 I godot   : QUEST_COMBAT_CHUNK: {"kind":"EVENT","runId":"20261004-182729-1d1caa","recordId":137,"index":0,"count":2,"data":"{\u0022runId\u0022:\u002220261004-182729-1d1caa\u0022,\u0022trial\u0022:1,\u0022Seconds\u0022:13.4950419,\u0022Ms\u0022:30.23090000000117,\u0022Combat\u0022:{\u0022EnemyAiTicks\u0022:8,\u0022EnemyAiElapsedTicks\u0022:683490,\u0022LineOfSightCalls\u0022:1,\u0022LineOfSightElapsedTicks\u0022:157031,\u0022MissilePoolsCreated\u0022:0,\u0022MissilePoolCreationElapsedTicks\u0022:0,\u0022PlayerDirectRaycastCalls\u0022:0,\u0022PlayerDirectRaycastElapsedTicks\u0022:0,\u0022PlayerDirectDamageCalls\u0022:0,\u0022PlayerDirectDamageElapsedTicks\u0022:0,\u0022PlayerWeaponVisualCalls\u0022:0,\u0022PlayerWeaponVisualElapsedTicks\u0022:0,\u0022WeaponLaunches\u0022:0,\u0022EnemyWeaponLaunches\u0022:0,\u0022MissileLaunches\u0022:0,\u0022Impacts\u0022:1,\u0022ActiveMissiles"}
10-04 19:27:56.207  3817  3881 I godot   : QUEST_COMBAT_CHUNK: {"kind":"EVENT","runId":"20261004-182729-1d1caa","recordId":137,"index":1,"count":2,"data":"\u0022:26,\u0022ActiveLasers\u0022:3,\u0022PlayerWorldRaycastElapsedTicks\u0022:0,\u0022PlayerMechRaycastElapsedTicks\u0022:0,\u0022WeaponEffectPoolBuilds\u0022:0,\u0022WeaponEffectPoolFallbacks\u0022:0,\u0022EnemyAiMilliseconds\u0022:0.68349,\u0022EnemyAiElapsedMs\u0022:0.68349,\u0022LineOfSightMilliseconds\u0022:0.157031,\u0022LineOfSightElapsedMs\u0022:0.157031,\u0022MissilePoolCreationMilliseconds\u0022:0,\u0022MissilePoolCreationElapsedMs\u0022:0,\u0022PlayerDirectRaycastMilliseconds\u0022:0,\u0022PlayerWorldRaycastMilliseconds\u0022:0,\u0022PlayerMechRaycastMilliseconds\u0022:0,\u0022PlayerDirectDamageMilliseconds\u0022:0,\u0022PlayerWeaponVisualMilliseconds\u0022:0}}"}
10-04 19:27:56.207  3817  3881 I godot   : QUEST_COMBAT_CHUNK: {"kind":"EVENT","runId":"20261004-182729-1d1caa","recordId":138,"index":0,"count":2,"data":"{\u0022runId\u0022:\u002220261004-182729-1d1caa\u0022,\u0022trial\u0022:1,\u0022Seconds\u0022:13.5087584,\u0022Ms\u0022:13.716499999999243,\u0022Combat\u0022:{\u0022EnemyAiTicks\u0022:4,\u0022EnemyAiElapsedTicks\u0022:250052,\u0022LineOfSightCalls\u0022:0,\u0022LineOfSightElapsedTicks\u0022:0,\u0022MissilePoolsCreated\u0022:0,\u0022MissilePoolCreationElapsedTicks\u0022:0,\u0022PlayerDirectRaycastCalls\u0022:0,\u0022PlayerDirectRaycastElapsedTicks\u0022:0,\u0022PlayerDirectDamageCalls\u0022:0,\u0022PlayerDirectDamageElapsedTicks\u0022:0,\u0022PlayerWeaponVisualCalls\u0022:0,\u0022PlayerWeaponVisualElapsedTicks\u0022:0,\u0022WeaponLaunches\u0022:0,\u0022EnemyWeaponLaunches\u0022:0,\u0022MissileLaunches\u0022:0,\u0022Impacts\u0022:1,\u0022ActiveMissiles\u0022:2"}
10-04 19:27:56.207  3817  3881 I godot   : QUEST_COMBAT_CHUNK: {"kind":"EVENT","runId":"20261004-182729-1d1caa","recordId":138,"index":1,"count":2,"data":"6,\u0022ActiveLasers\u0022:3,\u0022PlayerWorldRaycastElapsedTicks\u0022:0,\u0022PlayerMechRaycastElapsedTicks\u0022:0,\u0022WeaponEffectPoolBuilds\u0022:0,\u0022WeaponEffectPoolFallbacks\u0022:0,\u0022EnemyAiMilliseconds\u0022:0.250052,\u0022EnemyAiElapsedMs\u0022:0.250052,\u0022LineOfSightMilliseconds\u0022:0,\u0022LineOfSightElapsedMs\u0022:0,\u0022MissilePoolCreationMilliseconds\u0022:0,\u0022MissilePoolCreationElapsedMs\u0022:0,\u0022PlayerDirectRaycastMilliseconds\u0022:0,\u0022PlayerWorldRaycastMilliseconds\u0022:0,\u0022PlayerMechRaycastMilliseconds\u0022:0,\u0022PlayerDirectDamageMilliseconds\u0022:0,\u0022PlayerWeaponVisualMilliseconds\u0022:0}}"}
10-04 19:27:56.208  3817  3881 I godot   : QUEST_COMBAT_CHUNK: {"kind":"EVENT","runId":"20261004-182729-1d1caa","recordId":139,"index":0,"count":2,"data":"{\u0022runId\u0022:\u002220261004-182729-1d1caa\u0022,\u0022trial\u0022:1,\u0022Seconds\u0022:13.5244024,\u0022Ms\u0022:15.643999999999991,\u0022Combat\u0022:{\u0022EnemyAiTicks\u0022:4,\u0022EnemyAiElapsedTicks\u0022:247709,\u0022LineOfSightCalls\u0022:0,\u0022LineOfSightElapsedTicks\u0022:0,\u0022MissilePoolsCreated\u0022:0,\u0022MissilePoolCreationElapsedTicks\u0022:0,\u0022PlayerDirectRaycastCalls\u0022:0,\u0022PlayerDirectRaycastElapsedTicks\u0022:0,\u0022PlayerDirectDamageCalls\u0022:0,\u0022PlayerDirectDamageElapsedTicks\u0022:0,\u0022PlayerWeaponVisualCalls\u0022:0,\u0022PlayerWeaponVisualElapsedTicks\u0022:0,\u0022WeaponLaunches\u0022:0,\u0022EnemyWeaponLaunches\u0022:0,\u0022MissileLaunches\u0022:0,\u0022Impacts\u0022:1,\u0022ActiveMissiles\u0022:2"}
10-04 19:27:56.208  3817  3881 I godot   : QUEST_COMBAT_CHUNK: {"kind":"EVENT","runId":"20261004-182729-1d1caa","recordId":139,"index":1,"count":2,"data":"6,\u0022ActiveLasers\u0022:3,\u0022PlayerWorldRaycastElapsedTicks\u0022:0,\u0022PlayerMechRaycastElapsedTicks\u0022:0,\u0022WeaponEffectPoolBuilds\u0022:0,\u0022WeaponEffectPoolFallbacks\u0022:0,\u0022EnemyAiMilliseconds\u0022:0.247709,\u0022EnemyAiElapsedMs\u0022:0.247709,\u0022LineOfSightMilliseconds\u0022:0,\u0022LineOfSightElapsedMs\u0022:0,\u0022MissilePoolCreationMilliseconds\u0022:0,\u0022MissilePoolCreationElapsedMs\u0022:0,\u0022PlayerDirectRaycastMilliseconds\u0022:0,\u0022PlayerWorldRaycastMilliseconds\u0022:0,\u0022PlayerMechRaycastMilliseconds\u0022:0,\u0022PlayerDirectDamageMilliseconds\u0022:0,\u0022PlayerWeaponVisualMilliseconds\u0022:0}}"}
10-04 19:27:56.208  3817  3881 I godot   : QUEST_COMBAT_CHUNK: {"kind":"EVENT","runId":"20261004-182729-1d1caa","recordId":140,"index":0,"count":2,"data":"{\u0022runId\u0022:\u002220261004-182729-1d1caa\u0022,\u0022trial\u0022:1,\u0022Seconds\u0022:13.5555734,\u0022Ms\u0022:15.842900000000881,\u0022Combat\u0022:{\u0022EnemyAiTicks\u0022:4,\u0022EnemyAiElapsedTicks\u0022:265834,\u0022LineOfSightCalls\u0022:0,\u0022LineOfSightElapsedTicks\u0022:0,\u0022MissilePoolsCreated\u0022:0,\u0022MissilePoolCreationElapsedTicks\u0022:0,\u0022PlayerDirectRaycastCalls\u0022:0,\u0022PlayerDirectRaycastElapsedTicks\u0022:0,\u0022PlayerDirectDamageCalls\u0022:0,\u0022PlayerDirectDamageElapsedTicks\u0022:0,\u0022PlayerWeaponVisualCalls\u0022:0,\u0022PlayerWeaponVisualElapsedTicks\u0022:0,\u0022WeaponLaunches\u0022:0,\u0022EnemyWeaponLaunches\u0022:0,\u0022MissileLaunches\u0022:0,\u0022Impacts\u0022:1,\u0022ActiveMissiles\u0022:2"}
10-04 19:27:56.208  3817  3881 I godot   : QUEST_COMBAT_CHUNK: {"kind":"EVENT","runId":"20261004-182729-1d1caa","recordId":140,"index":1,"count":2,"data":"6,\u0022ActiveLasers\u0022:0,\u0022PlayerWorldRaycastElapsedTicks\u0022:0,\u0022PlayerMechRaycastElapsedTicks\u0022:0,\u0022WeaponEffectPoolBuilds\u0022:0,\u0022WeaponEffectPoolFallbacks\u0022:0,\u0022EnemyAiMilliseconds\u0022:0.265834,\u0022EnemyAiElapsedMs\u0022:0.265834,\u0022LineOfSightMilliseconds\u0022:0,\u0022LineOfSightElapsedMs\u0022:0,\u0022MissilePoolCreationMilliseconds\u0022:0,\u0022MissilePoolCreationElapsedMs\u0022:0,\u0022PlayerDirectRaycastMilliseconds\u0022:0,\u0022PlayerWorldRaycastMilliseconds\u0022:0,\u0022PlayerMechRaycastMilliseconds\u0022:0,\u0022PlayerDirectDamageMilliseconds\u0022:0,\u0022PlayerWeaponVisualMilliseconds\u0022:0}}"}
10-04 19:27:56.208  3817  3881 I godot   : QUEST_COMBAT_CHUNK: {"kind":"EVENT","runId":"20261004-182729-1d1caa","recordId":141,"index":0,"count":2,"data":"{\u0022runId\u0022:\u002220261004-182729-1d1caa\u0022,\u0022trial\u0022:1,\u0022Seconds\u0022:13.605416,\u0022Ms\u0022:16.66299999999943,\u0022Combat\u0022:{\u0022EnemyAiTicks\u0022:4,\u0022EnemyAiElapsedTicks\u0022:281040,\u0022LineOfSightCalls\u0022:0,\u0022LineOfSightElapsedTicks\u0022:0,\u0022MissilePoolsCreated\u0022:0,\u0022MissilePoolCreationElapsedTicks\u0022:0,\u0022PlayerDirectRaycastCalls\u0022:0,\u0022PlayerDirectRaycastElapsedTicks\u0022:0,\u0022PlayerDirectDamageCalls\u0022:0,\u0022PlayerDirectDamageElapsedTicks\u0022:0,\u0022PlayerWeaponVisualCalls\u0022:0,\u0022PlayerWeaponVisualElapsedTicks\u0022:0,\u0022WeaponLaunches\u0022:0,\u0022EnemyWeaponLaunches\u0022:0,\u0022MissileLaunches\u0022:0,\u0022Impacts\u0022:1,\u0022ActiveMissiles\u0022:26,"}
10-04 19:27:56.208  3817  3881 I godot   : QUEST_COMBAT_CHUNK: {"kind":"EVENT","runId":"20261004-182729-1d1caa","recordId":141,"index":1,"count":2,"data":"\u0022ActiveLasers\u0022:0,\u0022PlayerWorldRaycastElapsedTicks\u0022:0,\u0022PlayerMechRaycastElapsedTicks\u0022:0,\u0022WeaponEffectPoolBuilds\u0022:0,\u0022WeaponEffectPoolFallbacks\u0022:0,\u0022EnemyAiMilliseconds\u0022:0.28104,\u0022EnemyAiElapsedMs\u0022:0.28104,\u0022LineOfSightMilliseconds\u0022:0,\u0022LineOfSightElapsedMs\u0022:0,\u0022MissilePoolCreationMilliseconds\u0022:0,\u0022MissilePoolCreationElapsedMs\u0022:0,\u0022PlayerDirectRaycastMilliseconds\u0022:0,\u0022PlayerWorldRaycastMilliseconds\u0022:0,\u0022PlayerMechRaycastMilliseconds\u0022:0,\u0022PlayerDirectDamageMilliseconds\u0022:0,\u0022PlayerWeaponVisualMilliseconds\u0022:0}}"}
10-04 19:27:56.209  3817  3881 I godot   : QUEST_COMBAT_CHUNK: {"kind":"EVENT","runId":"20261004-182729-1d1caa","recordId":142,"index":0,"count":2,"data":"{\u0022runId\u0022:\u002220261004-182729-1d1caa\u0022,\u0022trial\u0022:1,\u0022Seconds\u0022:13.6366874,\u0022Ms\u0022:15.549299999999988,\u0022Combat\u0022:{\u0022EnemyAiTicks\u0022:4,\u0022EnemyAiElapsedTicks\u0022:264844,\u0022LineOfSightCalls\u0022:0,\u0022LineOfSightElapsedTicks\u0022:0,\u0022MissilePoolsCreated\u0022:0,\u0022MissilePoolCreationElapsedTicks\u0022:0,\u0022PlayerDirectRaycastCalls\u0022:0,\u0022PlayerDirectRaycastElapsedTicks\u0022:0,\u0022PlayerDirectDamageCalls\u0022:0,\u0022PlayerDirectDamageElapsedTicks\u0022:0,\u0022PlayerWeaponVisualCalls\u0022:0,\u0022PlayerWeaponVisualElapsedTicks\u0022:0,\u0022WeaponLaunches\u0022:0,\u0022EnemyWeaponLaunches\u0022:0,\u0022MissileLaunches\u0022:0,\u0022Impacts\u0022:1,\u0022ActiveMissiles\u0022:2"}
10-04 19:27:56.209  3817  3881 I godot   : QUEST_COMBAT_CHUNK: {"kind":"EVENT","runId":"20261004-182729-1d1caa","recordId":142,"index":1,"count":2,"data":"6,\u0022ActiveLasers\u0022:0,\u0022PlayerWorldRaycastElapsedTicks\u0022:0,\u0022PlayerMechRaycastElapsedTicks\u0022:0,\u0022WeaponEffectPoolBuilds\u0022:0,\u0022WeaponEffectPoolFallbacks\u0022:0,\u0022EnemyAiMilliseconds\u0022:0.264844,\u0022EnemyAiElapsedMs\u0022:0.264844,\u0022LineOfSightMilliseconds\u0022:0,\u0022LineOfSightElapsedMs\u0022:0,\u0022MissilePoolCreationMilliseconds\u0022:0,\u0022MissilePoolCreationElapsedMs\u0022:0,\u0022PlayerDirectRaycastMilliseconds\u0022:0,\u0022PlayerWorldRaycastMilliseconds\u0022:0,\u0022PlayerMechRaycastMilliseconds\u0022:0,\u0022PlayerDirectDamageMilliseconds\u0022:0,\u0022PlayerWeaponVisualMilliseconds\u0022:0}}"}
10-04 19:27:56.209  3817  3881 I godot   : QUEST_COMBAT_CHUNK: {"kind":"EVENT","runId":"20261004-182729-1d1caa","recordId":143,"index":0,"count":2,"data":"{\u0022runId\u0022:\u002220261004-182729-1d1caa\u0022,\u0022trial\u0022:1,\u0022Seconds\u0022:13.6690936,\u0022Ms\u0022:16.011100000000056,\u0022Combat\u0022:{\u0022EnemyAiTicks\u0022:4,\u0022EnemyAiElapsedTicks\u0022:315260,\u0022LineOfSightCalls\u0022:0,\u0022LineOfSightElapsedTicks\u0022:0,\u0022MissilePoolsCreated\u0022:0,\u0022MissilePoolCreationElapsedTicks\u0022:0,\u0022PlayerDirectRaycastCalls\u0022:0,\u0022PlayerDirectRaycastElapsedTicks\u0022:0,\u0022PlayerDirectDamageCalls\u0022:0,\u0022PlayerDirectDamageElapsedTicks\u0022:0,\u0022PlayerWeaponVisualCalls\u0022:0,\u0022PlayerWeaponVisualElapsedTicks\u0022:0,\u0022WeaponLaunches\u0022:0,\u0022EnemyWeaponLaunches\u0022:0,\u0022MissileLaunches\u0022:0,\u0022Impacts\u0022:1,\u0022ActiveMissiles\u0022:2"}
10-04 19:27:56.209  3817  3881 I godot   : QUEST_COMBAT_CHUNK: {"kind":"EVENT","runId":"20261004-182729-1d1caa","recordId":143,"index":1,"count":2,"data":"6,\u0022ActiveLasers\u0022:0,\u0022PlayerWorldRaycastElapsedTicks\u0022:0,\u0022PlayerMechRaycastElapsedTicks\u0022:0,\u0022WeaponEffectPoolBuilds\u0022:0,\u0022WeaponEffectPoolFallbacks\u0022:0,\u0022EnemyAiMilliseconds\u0022:0.31526,\u0022EnemyAiElapsedMs\u0022:0.31526,\u0022LineOfSightMilliseconds\u0022:0,\u0022LineOfSightElapsedMs\u0022:0,\u0022MissilePoolCreationMilliseconds\u0022:0,\u0022MissilePoolCreationElapsedMs\u0022:0,\u0022PlayerDirectRaycastMilliseconds\u0022:0,\u0022PlayerWorldRaycastMilliseconds\u0022:0,\u0022PlayerMechRaycastMilliseconds\u0022:0,\u0022PlayerDirectDamageMilliseconds\u0022:0,\u0022PlayerWeaponVisualMilliseconds\u0022:0}}"}
10-04 19:27:56.209  3817  3881 I godot   : QUEST_COMBAT_CHUNK: {"kind":"EVENT","runId":"20261004-182729-1d1caa","recordId":144,"index":0,"count":2,"data":"{\u0022runId\u0022:\u002220261004-182729-1d1caa\u0022,\u0022trial\u0022:1,\u0022Seconds\u0022:13.703895,\u0022Ms\u0022:17.444499999999863,\u0022Combat\u0022:{\u0022EnemyAiTicks\u0022:4,\u0022EnemyAiElapsedTicks\u0022:481198,\u0022LineOfSightCalls\u0022:0,\u0022LineOfSightElapsedTicks\u0022:0,\u0022MissilePoolsCreated\u0022:0,\u0022MissilePoolCreationElapsedTicks\u0022:0,\u0022PlayerDirectRaycastCalls\u0022:0,\u0022PlayerDirectRaycastElapsedTicks\u0022:0,\u0022PlayerDirectDamageCalls\u0022:0,\u0022PlayerDirectDamageElapsedTicks\u0022:0,\u0022PlayerWeaponVisualCalls\u0022:0,\u0022PlayerWeaponVisualElapsedTicks\u0022:0,\u0022WeaponLaunches\u0022:0,\u0022EnemyWeaponLaunches\u0022:0,\u0022MissileLaunches\u0022:0,\u0022Impacts\u0022:1,\u0022ActiveMissiles\u0022:26"}
10-04 19:27:56.209  3817  3881 I godot   : QUEST_COMBAT_CHUNK: {"kind":"EVENT","runId":"20261004-182729-1d1caa","recordId":144,"index":1,"count":2,"data":",\u0022ActiveLasers\u0022:0,\u0022PlayerWorldRaycastElapsedTicks\u0022:0,\u0022PlayerMechRaycastElapsedTicks\u0022:0,\u0022WeaponEffectPoolBuilds\u0022:0,\u0022WeaponEffectPoolFallbacks\u0022:0,\u0022EnemyAiMilliseconds\u0022:0.481198,\u0022EnemyAiElapsedMs\u0022:0.481198,\u0022LineOfSightMilliseconds\u0022:0,\u0022LineOfSightElapsedMs\u0022:0,\u0022MissilePoolCreationMilliseconds\u0022:0,\u0022MissilePoolCreationElapsedMs\u0022:0,\u0022PlayerDirectRaycastMilliseconds\u0022:0,\u0022PlayerWorldRaycastMilliseconds\u0022:0,\u0022PlayerMechRaycastMilliseconds\u0022:0,\u0022PlayerDirectDamageMilliseconds\u0022:0,\u0022PlayerWeaponVisualMilliseconds\u0022:0}}"}
10-04 19:27:56.209  3817  3881 I godot   : QUEST_COMBAT_CHUNK: {"kind":"EVENT","runId":"20261004-182729-1d1caa","recordId":145,"index":0,"count":2,"data":"{\u0022runId\u0022:\u002220261004-182729-1d1caa\u0022,\u0022trial\u0022:1,\u0022Seconds\u0022:13.7362535,\u0022Ms\u0022:16.18050000000082,\u0022Combat\u0022:{\u0022EnemyAiTicks\u0022:4,\u0022EnemyAiElapsedTicks\u0022:356197,\u0022LineOfSightCalls\u0022:0,\u0022LineOfSightElapsedTicks\u0022:0,\u0022MissilePoolsCreated\u0022:0,\u0022MissilePoolCreationElapsedTicks\u0022:0,\u0022PlayerDirectRaycastCalls\u0022:0,\u0022PlayerDirectRaycastElapsedTicks\u0022:0,\u0022PlayerDirectDamageCalls\u0022:0,\u0022PlayerDirectDamageElapsedTicks\u0022:0,\u0022PlayerWeaponVisualCalls\u0022:0,\u0022PlayerWeaponVisualElapsedTicks\u0022:0,\u0022WeaponLaunches\u0022:0,\u0022EnemyWeaponLaunches\u0022:0,\u0022MissileLaunches\u0022:0,\u0022Impacts\u0022:1,\u0022ActiveMissiles\u0022:26"}
10-04 19:27:56.209  3817  3881 I godot   : QUEST_COMBAT_CHUNK: {"kind":"EVENT","runId":"20261004-182729-1d1caa","recordId":145,"index":1,"count":2,"data":",\u0022ActiveLasers\u0022:0,\u0022PlayerWorldRaycastElapsedTicks\u0022:0,\u0022PlayerMechRaycastElapsedTicks\u0022:0,\u0022WeaponEffectPoolBuilds\u0022:0,\u0022WeaponEffectPoolFallbacks\u0022:0,\u0022EnemyAiMilliseconds\u0022:0.356197,\u0022EnemyAiElapsedMs\u0022:0.356197,\u0022LineOfSightMilliseconds\u0022:0,\u0022LineOfSightElapsedMs\u0022:0,\u0022MissilePoolCreationMilliseconds\u0022:0,\u0022MissilePoolCreationElapsedMs\u0022:0,\u0022PlayerDirectRaycastMilliseconds\u0022:0,\u0022PlayerWorldRaycastMilliseconds\u0022:0,\u0022PlayerMechRaycastMilliseconds\u0022:0,\u0022PlayerDirectDamageMilliseconds\u0022:0,\u0022PlayerWeaponVisualMilliseconds\u0022:0}}"}
10-04 19:27:56.210  3817  3881 I godot   : QUEST_COMBAT_CHUNK: {"kind":"EVENT","runId":"20261004-182729-1d1caa","recordId":146,"index":0,"count":2,"data":"{\u0022runId\u0022:\u002220261004-182729-1d1caa\u0022,\u0022trial\u0022:1,\u0022Seconds\u0022:13.7698447,\u0022Ms\u0022:16.936799999999863,\u0022Combat\u0022:{\u0022EnemyAiTicks\u0022:4,\u0022EnemyAiElapsedTicks\u0022:370156,\u0022LineOfSightCalls\u0022:0,\u0022LineOfSightElapsedTicks\u0022:0,\u0022MissilePoolsCreated\u0022:0,\u0022MissilePoolCreationElapsedTicks\u0022:0,\u0022PlayerDirectRaycastCalls\u0022:0,\u0022PlayerDirectRaycastElapsedTicks\u0022:0,\u0022PlayerDirectDamageCalls\u0022:0,\u0022PlayerDirectDamageElapsedTicks\u0022:0,\u0022PlayerWeaponVisualCalls\u0022:0,\u0022PlayerWeaponVisualElapsedTicks\u0022:0,\u0022WeaponLaunches\u0022:0,\u0022EnemyWeaponLaunches\u0022:0,\u0022MissileLaunches\u0022:0,\u0022Impacts\u0022:1,\u0022ActiveMissiles\u0022:2"}
10-04 19:27:56.210  3817  3881 I godot   : QUEST_COMBAT_CHUNK: {"kind":"EVENT","runId":"20261004-182729-1d1caa","recordId":146,"index":1,"count":2,"data":"6,\u0022ActiveLasers\u0022:0,\u0022PlayerWorldRaycastElapsedTicks\u0022:0,\u0022PlayerMechRaycastElapsedTicks\u0022:0,\u0022WeaponEffectPoolBuilds\u0022:0,\u0022WeaponEffectPoolFallbacks\u0022:0,\u0022EnemyAiMilliseconds\u0022:0.370156,\u0022EnemyAiElapsedMs\u0022:0.370156,\u0022LineOfSightMilliseconds\u0022:0,\u0022LineOfSightElapsedMs\u0022:0,\u0022MissilePoolCreationMilliseconds\u0022:0,\u0022MissilePoolCreationElapsedMs\u0022:0,\u0022PlayerDirectRaycastMilliseconds\u0022:0,\u0022PlayerWorldRaycastMilliseconds\u0022:0,\u0022PlayerMechRaycastMilliseconds\u0022:0,\u0022PlayerDirectDamageMilliseconds\u0022:0,\u0022PlayerWeaponVisualMilliseconds\u0022:0}}"}
10-04 19:27:56.210  3817  3881 I godot   : QUEST_COMBAT_CHUNK: {"kind":"EVENT","runId":"20261004-182729-1d1caa","recordId":147,"index":0,"count":2,"data":"{\u0022runId\u0022:\u002220261004-182729-1d1caa\u0022,\u0022trial\u0022:1,\u0022Seconds\u0022:13.8201062,\u0022Ms\u0022:16.111300000000384,\u0022Combat\u0022:{\u0022EnemyAiTicks\u0022:4,\u0022EnemyAiElapsedTicks\u0022:355781,\u0022LineOfSightCalls\u0022:0,\u0022LineOfSightElapsedTicks\u0022:0,\u0022MissilePoolsCreated\u0022:0,\u0022MissilePoolCreationElapsedTicks\u0022:0,\u0022PlayerDirectRaycastCalls\u0022:0,\u0022PlayerDirectRaycastElapsedTicks\u0022:0,\u0022PlayerDirectDamageCalls\u0022:0,\u0022PlayerDirectDamageElapsedTicks\u0022:0,\u0022PlayerWeaponVisualCalls\u0022:0,\u0022PlayerWeaponVisualElapsedTicks\u0022:0,\u0022WeaponLaunches\u0022:0,\u0022EnemyWeaponLaunches\u0022:0,\u0022MissileLaunches\u0022:0,\u0022Impacts\u0022:1,\u0022ActiveMissiles\u0022:2"}
10-04 19:27:56.210  3817  3881 I godot   : QUEST_COMBAT_CHUNK: {"kind":"EVENT","runId":"20261004-182729-1d1caa","recordId":147,"index":1,"count":2,"data":"6,\u0022ActiveLasers\u0022:0,\u0022PlayerWorldRaycastElapsedTicks\u0022:0,\u0022PlayerMechRaycastElapsedTicks\u0022:0,\u0022WeaponEffectPoolBuilds\u0022:0,\u0022WeaponEffectPoolFallbacks\u0022:0,\u0022EnemyAiMilliseconds\u0022:0.355781,\u0022EnemyAiElapsedMs\u0022:0.355781,\u0022LineOfSightMilliseconds\u0022:0,\u0022LineOfSightElapsedMs\u0022:0,\u0022MissilePoolCreationMilliseconds\u0022:0,\u0022MissilePoolCreationElapsedMs\u0022:0,\u0022PlayerDirectRaycastMilliseconds\u0022:0,\u0022PlayerWorldRaycastMilliseconds\u0022:0,\u0022PlayerMechRaycastMilliseconds\u0022:0,\u0022PlayerDirectDamageMilliseconds\u0022:0,\u0022PlayerWeaponVisualMilliseconds\u0022:0}}"}
10-04 19:27:56.210  3817  3881 I godot   : QUEST_COMBAT_CHUNK: {"kind":"EVENT","runId":"20261004-182729-1d1caa","recordId":148,"index":0,"count":2,"data":"{\u0022runId\u0022:\u002220261004-182729-1d1caa\u0022,\u0022trial\u0022:1,\u0022Seconds\u0022:13.8548293,\u0022Ms\u0022:17.718099999999737,\u0022Combat\u0022:{\u0022EnemyAiTicks\u0022:4,\u0022EnemyAiElapsedTicks\u0022:321303,\u0022LineOfSightCalls\u0022:0,\u0022LineOfSightElapsedTicks\u0022:0,\u0022MissilePoolsCreated\u0022:0,\u0022MissilePoolCreationElapsedTicks\u0022:0,\u0022PlayerDirectRaycastCalls\u0022:0,\u0022PlayerDirectRaycastElapsedTicks\u0022:0,\u0022PlayerDirectDamageCalls\u0022:0,\u0022PlayerDirectDamageElapsedTicks\u0022:0,\u0022PlayerWeaponVisualCalls\u0022:0,\u0022PlayerWeaponVisualElapsedTicks\u0022:0,\u0022WeaponLaunches\u0022:0,\u0022EnemyWeaponLaunches\u0022:0,\u0022MissileLaunches\u0022:0,\u0022Impacts\u0022:1,\u0022ActiveMissiles\u0022:2"}
10-04 19:27:56.210  3817  3881 I godot   : QUEST_COMBAT_CHUNK: {"kind":"EVENT","runId":"20261004-182729-1d1caa","recordId":148,"index":1,"count":2,"data":"6,\u0022ActiveLasers\u0022:0,\u0022PlayerWorldRaycastElapsedTicks\u0022:0,\u0022PlayerMechRaycastElapsedTicks\u0022:0,\u0022WeaponEffectPoolBuilds\u0022:0,\u0022WeaponEffectPoolFallbacks\u0022:0,\u0022EnemyAiMilliseconds\u0022:0.321303,\u0022EnemyAiElapsedMs\u0022:0.321303,\u0022LineOfSightMilliseconds\u0022:0,\u0022LineOfSightElapsedMs\u0022:0,\u0022MissilePoolCreationMilliseconds\u0022:0,\u0022MissilePoolCreationElapsedMs\u0022:0,\u0022PlayerDirectRaycastMilliseconds\u0022:0,\u0022PlayerWorldRaycastMilliseconds\u0022:0,\u0022PlayerMechRaycastMilliseconds\u0022:0,\u0022PlayerDirectDamageMilliseconds\u0022:0,\u0022PlayerWeaponVisualMilliseconds\u0022:0}}"}
10-04 19:27:56.211  3817  3881 I godot   : QUEST_COMBAT_CHUNK: {"kind":"EVENT","runId":"20261004-182729-1d1caa","recordId":149,"index":0,"count":2,"data":"{\u0022runId\u0022:\u002220261004-182729-1d1caa\u0022,\u0022trial\u0022:1,\u0022Seconds\u0022:13.8715244,\u0022Ms\u0022:16.69509999999974,\u0022Combat\u0022:{\u0022EnemyAiTicks\u0022:4,\u0022EnemyAiElapsedTicks\u0022:314584,\u0022LineOfSightCalls\u0022:0,\u0022LineOfSightElapsedTicks\u0022:0,\u0022MissilePoolsCreated\u0022:0,\u0022MissilePoolCreationElapsedTicks\u0022:0,\u0022PlayerDirectRaycastCalls\u0022:0,\u0022PlayerDirectRaycastElapsedTicks\u0022:0,\u0022PlayerDirectDamageCalls\u0022:0,\u0022PlayerDirectDamageElapsedTicks\u0022:0,\u0022PlayerWeaponVisualCalls\u0022:0,\u0022PlayerWeaponVisualElapsedTicks\u0022:0,\u0022WeaponLaunches\u0022:0,\u0022EnemyWeaponLaunches\u0022:0,\u0022MissileLaunches\u0022:0,\u0022Impacts\u0022:1,\u0022ActiveMissiles\u0022:26"}
10-04 19:27:56.211  3817  3881 I godot   : QUEST_COMBAT_CHUNK: {"kind":"EVENT","runId":"20261004-182729-1d1caa","recordId":149,"index":1,"count":2,"data":",\u0022ActiveLasers\u0022:0,\u0022PlayerWorldRaycastElapsedTicks\u0022:0,\u0022PlayerMechRaycastElapsedTicks\u0022:0,\u0022WeaponEffectPoolBuilds\u0022:0,\u0022WeaponEffectPoolFallbacks\u0022:0,\u0022EnemyAiMilliseconds\u0022:0.314584,\u0022EnemyAiElapsedMs\u0022:0.314584,\u0022LineOfSightMilliseconds\u0022:0,\u0022LineOfSightElapsedMs\u0022:0,\u0022MissilePoolCreationMilliseconds\u0022:0,\u0022MissilePoolCreationElapsedMs\u0022:0,\u0022PlayerDirectRaycastMilliseconds\u0022:0,\u0022PlayerWorldRaycastMilliseconds\u0022:0,\u0022PlayerMechRaycastMilliseconds\u0022:0,\u0022PlayerDirectDamageMilliseconds\u0022:0,\u0022PlayerWeaponVisualMilliseconds\u0022:0}}"}
10-04 19:27:56.211  3817  3881 I godot   : QUEST_COMBAT_CHUNK: {"kind":"EVENT","runId":"20261004-182729-1d1caa","recordId":150,"index":0,"count":2,"data":"{\u0022runId\u0022:\u002220261004-182729-1d1caa\u0022,\u0022trial\u0022:1,\u0022Seconds\u0022:14.1084412,\u0022Ms\u0022:17.358899999999622,\u0022Combat\u0022:{\u0022EnemyAiTicks\u0022:4,\u0022EnemyAiElapsedTicks\u0022:1123698,\u0022LineOfSightCalls\u0022:1,\u0022LineOfSightElapsedTicks\u0022:220417,\u0022MissilePoolsCreated\u0022:0,\u0022MissilePoolCreationElapsedTicks\u0022:0,\u0022PlayerDirectRaycastCalls\u0022:0,\u0022PlayerDirectRaycastElapsedTicks\u0022:0,\u0022PlayerDirectDamageCalls\u0022:0,\u0022PlayerDirectDamageElapsedTicks\u0022:0,\u0022PlayerWeaponVisualCalls\u0022:0,\u0022PlayerWeaponVisualElapsedTicks\u0022:0,\u0022WeaponLaunches\u0022:1,\u0022EnemyWeaponLaunches\u0022:1,\u0022MissileLaunches\u0022:0,\u0022Impacts\u0022:0,\u0022ActiveMissiles"}
10-04 19:27:56.211  3817  3881 I godot   : QUEST_COMBAT_CHUNK: {"kind":"EVENT","runId":"20261004-182729-1d1caa","recordId":150,"index":1,"count":2,"data":"\u0022:26,\u0022ActiveLasers\u0022:0,\u0022PlayerWorldRaycastElapsedTicks\u0022:0,\u0022PlayerMechRaycastElapsedTicks\u0022:0,\u0022WeaponEffectPoolBuilds\u0022:0,\u0022WeaponEffectPoolFallbacks\u0022:0,\u0022EnemyAiMilliseconds\u0022:1.123698,\u0022EnemyAiElapsedMs\u0022:1.123698,\u0022LineOfSightMilliseconds\u0022:0.220417,\u0022LineOfSightElapsedMs\u0022:0.220417,\u0022MissilePoolCreationMilliseconds\u0022:0,\u0022MissilePoolCreationElapsedMs\u0022:0,\u0022PlayerDirectRaycastMilliseconds\u0022:0,\u0022PlayerWorldRaycastMilliseconds\u0022:0,\u0022PlayerMechRaycastMilliseconds\u0022:0,\u0022PlayerDirectDamageMilliseconds\u0022:0,\u0022PlayerWeaponVisualMilliseconds\u0022:0}}"}
10-04 19:27:56.211  3817  3881 I godot   : QUEST_COMBAT_CHUNK: {"kind":"EVENT","runId":"20261004-182729-1d1caa","recordId":151,"index":0,"count":2,"data":"{\u0022runId\u0022:\u002220261004-182729-1d1caa\u0022,\u0022trial\u0022:1,\u0022Seconds\u0022:14.1240284,\u0022Ms\u0022:15.587200000000578,\u0022Combat\u0022:{\u0022EnemyAiTicks\u0022:4,\u0022EnemyAiElapsedTicks\u0022:307655,\u0022LineOfSightCalls\u0022:0,\u0022LineOfSightElapsedTicks\u0022:0,\u0022MissilePoolsCreated\u0022:0,\u0022MissilePoolCreationElapsedTicks\u0022:0,\u0022PlayerDirectRaycastCalls\u0022:0,\u0022PlayerDirectRaycastElapsedTicks\u0022:0,\u0022PlayerDirectDamageCalls\u0022:0,\u0022PlayerDirectDamageElapsedTicks\u0022:0,\u0022PlayerWeaponVisualCalls\u0022:0,\u0022PlayerWeaponVisualElapsedTicks\u0022:0,\u0022WeaponLaunches\u0022:0,\u0022EnemyWeaponLaunches\u0022:0,\u0022MissileLaunches\u0022:1,\u0022Impacts\u0022:0,\u0022ActiveMissiles\u0022:2"}
10-04 19:27:56.211  3817  3881 I godot   : QUEST_COMBAT_CHUNK: {"kind":"EVENT","runId":"20261004-182729-1d1caa","recordId":151,"index":1,"count":2,"data":"7,\u0022ActiveLasers\u0022:0,\u0022PlayerWorldRaycastElapsedTicks\u0022:0,\u0022PlayerMechRaycastElapsedTicks\u0022:0,\u0022WeaponEffectPoolBuilds\u0022:0,\u0022WeaponEffectPoolFallbacks\u0022:0,\u0022EnemyAiMilliseconds\u0022:0.307655,\u0022EnemyAiElapsedMs\u0022:0.307655,\u0022LineOfSightMilliseconds\u0022:0,\u0022LineOfSightElapsedMs\u0022:0,\u0022MissilePoolCreationMilliseconds\u0022:0,\u0022MissilePoolCreationElapsedMs\u0022:0,\u0022PlayerDirectRaycastMilliseconds\u0022:0,\u0022PlayerWorldRaycastMilliseconds\u0022:0,\u0022PlayerMechRaycastMilliseconds\u0022:0,\u0022PlayerDirectDamageMilliseconds\u0022:0,\u0022PlayerWeaponVisualMilliseconds\u0022:0}}"}
10-04 19:27:56.211  3817  3881 I godot   : QUEST_COMBAT_CHUNK: {"kind":"EVENT","runId":"20261004-182729-1d1caa","recordId":152,"index":0,"count":2,"data":"{\u0022runId\u0022:\u002220261004-182729-1d1caa\u0022,\u0022trial\u0022:1,\u0022Seconds\u0022:14.157646,\u0022Ms\u0022:16.80599999999899,\u0022Combat\u0022:{\u0022EnemyAiTicks\u0022:4,\u0022EnemyAiElapsedTicks\u0022:313801,\u0022LineOfSightCalls\u0022:0,\u0022LineOfSightElapsedTicks\u0022:0,\u0022MissilePoolsCreated\u0022:0,\u0022MissilePoolCreationElapsedTicks\u0022:0,\u0022PlayerDirectRaycastCalls\u0022:0,\u0022PlayerDirectRaycastElapsedTicks\u0022:0,\u0022PlayerDirectDamageCalls\u0022:0,\u0022PlayerDirectDamageElapsedTicks\u0022:0,\u0022PlayerWeaponVisualCalls\u0022:0,\u0022PlayerWeaponVisualElapsedTicks\u0022:0,\u0022WeaponLaunches\u0022:0,\u0022EnemyWeaponLaunches\u0022:0,\u0022MissileLaunches\u0022:1,\u0022Impacts\u0022:0,\u0022ActiveMissiles\u0022:28,"}
10-04 19:27:56.211  3817  3881 I godot   : QUEST_COMBAT_CHUNK: {"kind":"EVENT","runId":"20261004-182729-1d1caa","recordId":152,"index":1,"count":2,"data":"\u0022ActiveLasers\u0022:0,\u0022PlayerWorldRaycastElapsedTicks\u0022:0,\u0022PlayerMechRaycastElapsedTicks\u0022:0,\u0022WeaponEffectPoolBuilds\u0022:0,\u0022WeaponEffectPoolFallbacks\u0022:0,\u0022EnemyAiMilliseconds\u0022:0.313801,\u0022EnemyAiElapsedMs\u0022:0.313801,\u0022LineOfSightMilliseconds\u0022:0,\u0022LineOfSightElapsedMs\u0022:0,\u0022MissilePoolCreationMilliseconds\u0022:0,\u0022MissilePoolCreationElapsedMs\u0022:0,\u0022PlayerDirectRaycastMilliseconds\u0022:0,\u0022PlayerWorldRaycastMilliseconds\u0022:0,\u0022PlayerMechRaycastMilliseconds\u0022:0,\u0022PlayerDirectDamageMilliseconds\u0022:0,\u0022PlayerWeaponVisualMilliseconds\u0022:0}}"}
10-04 19:27:56.212  3817  3881 I godot   : QUEST_COMBAT_CHUNK: {"kind":"EVENT","runId":"20261004-182729-1d1caa","recordId":153,"index":0,"count":2,"data":"{\u0022runId\u0022:\u002220261004-182729-1d1caa\u0022,\u0022trial\u0022:1,\u0022Seconds\u0022:14.1917669,\u0022Ms\u0022:16.793499999998573,\u0022Combat\u0022:{\u0022EnemyAiTicks\u0022:4,\u0022EnemyAiElapsedTicks\u0022:338124,\u0022LineOfSightCalls\u0022:0,\u0022LineOfSightElapsedTicks\u0022:0,\u0022MissilePoolsCreated\u0022:0,\u0022MissilePoolCreationElapsedTicks\u0022:0,\u0022PlayerDirectRaycastCalls\u0022:0,\u0022PlayerDirectRaycastElapsedTicks\u0022:0,\u0022PlayerDirectDamageCalls\u0022:0,\u0022PlayerDirectDamageElapsedTicks\u0022:0,\u0022PlayerWeaponVisualCalls\u0022:0,\u0022PlayerWeaponVisualElapsedTicks\u0022:0,\u0022WeaponLaunches\u0022:0,\u0022EnemyWeaponLaunches\u0022:0,\u0022MissileLaunches\u0022:1,\u0022Impacts\u0022:0,\u0022ActiveMissiles\u0022:2"}
10-04 19:27:56.212  3817  3881 I godot   : QUEST_COMBAT_CHUNK: {"kind":"EVENT","runId":"20261004-182729-1d1caa","recordId":153,"index":1,"count":2,"data":"9,\u0022ActiveLasers\u0022:0,\u0022PlayerWorldRaycastElapsedTicks\u0022:0,\u0022PlayerMechRaycastElapsedTicks\u0022:0,\u0022WeaponEffectPoolBuilds\u0022:0,\u0022WeaponEffectPoolFallbacks\u0022:0,\u0022EnemyAiMilliseconds\u0022:0.338124,\u0022EnemyAiElapsedMs\u0022:0.338124,\u0022LineOfSightMilliseconds\u0022:0,\u0022LineOfSightElapsedMs\u0022:0,\u0022MissilePoolCreationMilliseconds\u0022:0,\u0022MissilePoolCreationElapsedMs\u0022:0,\u0022PlayerDirectRaycastMilliseconds\u0022:0,\u0022PlayerWorldRaycastMilliseconds\u0022:0,\u0022PlayerMechRaycastMilliseconds\u0022:0,\u0022PlayerDirectDamageMilliseconds\u0022:0,\u0022PlayerWeaponVisualMilliseconds\u0022:0}}"}
10-04 19:27:56.212  3817  3881 I godot   : QUEST_COMBAT_CHUNK: {"kind":"EVENT","runId":"20261004-182729-1d1caa","recordId":154,"index":0,"count":2,"data":"{\u0022runId\u0022:\u002220261004-182729-1d1caa\u0022,\u0022trial\u0022:1,\u0022Seconds\u0022:14.2246775,\u0022Ms\u0022:16.837699999999955,\u0022Combat\u0022:{\u0022EnemyAiTicks\u0022:4,\u0022EnemyAiElapsedTicks\u0022:838958,\u0022LineOfSightCalls\u0022:0,\u0022LineOfSightElapsedTicks\u0022:0,\u0022MissilePoolsCreated\u0022:0,\u0022MissilePoolCreationElapsedTicks\u0022:0,\u0022PlayerDirectRaycastCalls\u0022:0,\u0022PlayerDirectRaycastElapsedTicks\u0022:0,\u0022PlayerDirectDamageCalls\u0022:0,\u0022PlayerDirectDamageElapsedTicks\u0022:0,\u0022PlayerWeaponVisualCalls\u0022:0,\u0022PlayerWeaponVisualElapsedTicks\u0022:0,\u0022WeaponLaunches\u0022:0,\u0022EnemyWeaponLaunches\u0022:0,\u0022MissileLaunches\u0022:1,\u0022Impacts\u0022:0,\u0022ActiveMissiles\u0022:2"}
10-04 19:27:56.212  3817  3881 I godot   : QUEST_COMBAT_CHUNK: {"kind":"EVENT","runId":"20261004-182729-1d1caa","recordId":154,"index":1,"count":2,"data":"9,\u0022ActiveLasers\u0022:0,\u0022PlayerWorldRaycastElapsedTicks\u0022:0,\u0022PlayerMechRaycastElapsedTicks\u0022:0,\u0022WeaponEffectPoolBuilds\u0022:0,\u0022WeaponEffectPoolFallbacks\u0022:0,\u0022EnemyAiMilliseconds\u0022:0.838958,\u0022EnemyAiElapsedMs\u0022:0.838958,\u0022LineOfSightMilliseconds\u0022:0,\u0022LineOfSightElapsedMs\u0022:0,\u0022MissilePoolCreationMilliseconds\u0022:0,\u0022MissilePoolCreationElapsedMs\u0022:0,\u0022PlayerDirectRaycastMilliseconds\u0022:0,\u0022PlayerWorldRaycastMilliseconds\u0022:0,\u0022PlayerMechRaycastMilliseconds\u0022:0,\u0022PlayerDirectDamageMilliseconds\u0022:0,\u0022PlayerWeaponVisualMilliseconds\u0022:0}}"}
10-04 19:27:56.212  3817  3881 I godot   : QUEST_COMBAT_CHUNK: {"kind":"EVENT","runId":"20261004-182729-1d1caa","recordId":155,"index":0,"count":2,"data":"{\u0022runId\u0022:\u002220261004-182729-1d1caa\u0022,\u0022trial\u0022:1,\u0022Seconds\u0022:14.5271488,\u0022Ms\u0022:16.283100000000772,\u0022Combat\u0022:{\u0022EnemyAiTicks\u0022:4,\u0022EnemyAiElapsedTicks\u0022:257864,\u0022LineOfSightCalls\u0022:0,\u0022LineOfSightElapsedTicks\u0022:0,\u0022MissilePoolsCreated\u0022:0,\u0022MissilePoolCreationElapsedTicks\u0022:0,\u0022PlayerDirectRaycastCalls\u0022:1,\u0022PlayerDirectRaycastElapsedTicks\u0022:1265885,\u0022PlayerDirectDamageCalls\u0022:1,\u0022PlayerDirectDamageElapsedTicks\u0022:80937,\u0022PlayerWeaponVisualCalls\u0022:1,\u0022PlayerWeaponVisualElapsedTicks\u0022:115156,\u0022WeaponLaunches\u0022:1,\u0022EnemyWeaponLaunches\u0022:0,\u0022MissileLaunches\u0022:0,\u0022Impacts\u0022:1,\u0022ActiveM"}
10-04 19:27:56.212  3817  3881 I godot   : QUEST_COMBAT_CHUNK: {"kind":"EVENT","runId":"20261004-182729-1d1caa","recordId":155,"index":1,"count":2,"data":"issiles\u0022:28,\u0022ActiveLasers\u0022:3,\u0022PlayerWorldRaycastElapsedTicks\u0022:771510,\u0022PlayerMechRaycastElapsedTicks\u0022:490417,\u0022WeaponEffectPoolBuilds\u0022:0,\u0022WeaponEffectPoolFallbacks\u0022:0,\u0022EnemyAiMilliseconds\u0022:0.257864,\u0022EnemyAiElapsedMs\u0022:0.257864,\u0022LineOfSightMilliseconds\u0022:0,\u0022LineOfSightElapsedMs\u0022:0,\u0022MissilePoolCreationMilliseconds\u0022:0,\u0022MissilePoolCreationElapsedMs\u0022:0,\u0022PlayerDirectRaycastMilliseconds\u0022:1.265885,\u0022PlayerWorldRaycastMilliseconds\u0022:0.77151,\u0022PlayerMechRaycastMilliseconds\u0022:0.490417,\u0022PlayerDirectDamageMilliseconds\u0022:0.080937,\u0022PlayerWeaponVisualMilliseconds\u0022:0.115156}}"}
10-04 19:27:56.272  3817  3881 I godot   : MechRewired: reactor online.
10-04 19:27:56.272  3817  3881 I godot   : MechRewired: VR game data directory: /data/data/uk.co.deanthecoder.mechrewired/files/game-data
10-04 19:27:56.272  3817  3881 I godot   : MechRewired: OpenXR seated cockpit enabled.
10-04 19:27:56.272  3817  3881 I godot   : MechRewired: rendering with mobile on vulkan.
10-04 19:27:56.272  3817  3881 I godot   : MechRewired: combat difficulty Medium.
10-04 19:27:56.501  3817  3881 I godot   : MechRewired: validated private MW2.PRJ SHA-256 e79f04412fb26cdad86403f19dd73605a8278fc3666608d782d9526bb2a2bef4.
10-04 19:27:56.501  3817  3881 I godot   : MechRewired: indexed 7,735 resources from MW2.PRJ (21,893,380 bytes).
10-04 19:27:56.501  3817  3881 I godot   : MechRewired: selected Wolf campaign (BWD/YELLSCN1.BWD; MEK/MDG00STD.MEK).
10-04 19:27:56.502  3817  3881 I godot   : MechRewired: resolved mission BWD/YELLSCN1.BWD (prefix YELL; palette PAL/YELL_DA.COL; world BWD/YELLWLD1.BWD; planet BWD/YELLPLT1.BWD; deployment BWD/YELLST01.BWD; 3 navigation references).
10-04 19:27:56.502  3817  3881 I godot   : MechRewired: configured player Mad Dog (60 tons, 8 firing points).
10-04 19:27:56.503  3817  3881 I godot   : MechRewired: loaded player loadout (6 weapons, 24 heat sinks, 2 ammo bins).
10-04 19:27:56.503  3817  3881 I godot   : MechRewired: loaded mission lighting (time 1500; view distance 500m; luma standard).
10-04 19:27:56.503  3817  3881 I godot   : MechRewired: loaded player deployment.
10-04 19:27:56.503  3817  3881 I godot   : MechRewired: decoded 5 mission tables from BWD/YELLSCN1.BWD; default table has 24 records and 5 supported objectives.
10-04 19:27:56.503  3817  3881 I godot   : MechRewired: loaded 3 mission navigation points from BWD/YELLSCN1.BWD.
10-04 19:27:56.507  3817  3881 I godot   : MechRewired: resolved 4 mission game pieces (4 hostile).
10-04 19:27:56.510  3817  3881 I godot   : MechRewired: assembled YELL mission world (8 BWD resources, 135 terrain objects, 22 scenery objects, 20 debris objects, 5 effect controls, 8 actors).
10-04 19:27:56.510  3817  3881 I godot   : MechRewired: loaded 2 mission-area boundaries from BWD/YELLSCN1.BWD.
10-04 19:27:56.510  3817  3881 I godot   : MISSION_STARTUP: mission data 9 ms.
10-04 19:27:56.549  3817  3881 I godot   : MechRewired: configured mission atmosphere.
10-04 19:27:56.864  3817  3881 I godot   : MechRewired: loaded original material 170 artwork CEL/A9SMO319.XEL (83x103).
10-04 19:27:57.239  3817  3881 I godot   : MechRewired: rendered mission world (185 instances, 8 active actor components, 20 ground-settled debris objects, 82 unique models; luminosity levels 12 terrain / 8 objects).
10-04 19:27:57.239  3817  3881 I godot   : MISSION_STARTUP: world objects 729 ms.
10-04 19:28:01.587  3817  3881 I godot   : MISSION_STARTUP: derived terrain 4348 ms.
10-04 19:28:02.378  3817  3881 I godot   : MechRewired: prepared desert terrain surface.
10-04 19:28:02.378  3817  3881 I godot   : MISSION_STARTUP: implicit ground and terrain index 790 ms.
10-04 19:28:02.663  3817  3881 I godot   : MechRewired: loaded 4 authored battlefield effect objects.
10-04 19:28:02.674  3817  3881 I godot   : MechRewired: staged 1 map-authored dropship set pieces.
10-04 19:28:02.674  3817  3881 I godot   : MISSION_STARTUP: scenery and effects 296 ms.
10-04 19:28:02.729  3817  3881 I godot   : MechRewired: loaded player and mission audio.
10-04 19:28:03.158  3817  3881 I godot   : MISSION_STARTUP: player and audio 484 ms.
10-04 19:28:03.158  3817  3881 I godot   : MechRewired: streamed 0 active and 49 queued rock cells around player cell (37, -37).
10-04 19:28:03.653  3817  3881 I godot   : MISSION_STARTUP: initial rock population 495 ms.
10-04 19:28:04.878  3817  3881 I godot   : MechRewired: deployed hostile force (4 mechs, 0 emplacements).
10-04 19:28:04.878  3817  3881 I godot   : MechRewired: configured 16 static and 8 actor scenery obstacles.
10-04 19:28:04.895  3817  3881 I godot   : MechRewired: targeting online (4 hostile combatants; 6 player weapons).
10-04 19:28:04.911  3817  3881 I godot   : WARNING: MechRewired: mission fidelity audit found 9 warning(s) for BWD/YELLSCN1.BWD (UnknownBwdTag=3, ExcludedMissionTableRecord=6).
10-04 19:28:04.911  3817  3881 I godot   : WARNING: MechRewired: audit UnknownBwdTag (3): BWD/YELLSCN1.BWD MUSI@0xAC: Tag is 24 bytes and has no semantic decoder.
10-04 19:28:04.911  3817  3881 I godot   : WARNING: MechRewired: audit ExcludedMissionTableRecord (6): BWD/YELLSCN1.BWD MTBL 0 record 4: GoTo record is not represented by a player objective or dependency.
10-04 19:28:05.450  3817  3881 I godot   : QUEST_SKY_CACHE light=SunLight direction=(-0.6742022, 0.49555823, 0.547607) sky_mode=LightAndSky
10-04 19:28:05.450  3817  3881 I godot   : QUEST_SKY_CACHE light=MoonLight direction=(-0.39191696, 0.67674905, 0.62322706) sky_mode=LightAndSky
10-04 19:28:05.492  3817  3881 I godot   : MechRewired: deployed player Mad Dog (15 rendered parts).
10-04 19:28:05.502  3817  3881 I godot   : MISSION_STARTUP: mission systems and HUD 1849 ms.
10-04 19:28:05.502  3817  3881 I godot   : MISSION_STARTUP: scene assembled 9001 ms total.
10-04 19:28:05.981  3817  3881 I godot   : MISSION_STARTUP: first frame ready 9479 ms total.
10-04 19:28:05.982  3817  3881 I godot   : QUEST_VR_INPUT: paused=True focus=Focused head=True left=True right=True seat=False menu=False aim=False
10-04 19:28:06.157  3817  3881 I godot   : QUEST_SKY_CACHE capture=2048x1024 format=Rgbaf source_radiance=Size1024 source_mode=Quality original_radiance=Size256 original_mode=Automatic complete=true
10-04 19:28:06.183  3817  3881 I godot   : QUEST_SKY_CACHE final_radiance=Size256 final_mode=Automatic sun=LIGHT0_DIRECTION
10-04 19:28:06.189  3817  3881 I godot   : MechRewired: streamed 0 active and 49 queued rock cells around player cell (27, -42).
10-04 19:28:07.668  3817  3881 I godot   : QUEST_COMBAT_TRIAL: {"runId":"20261004-182729-1d1caa","trial":2,"variant":"smoke-off","graphicsProfile":"baked-profile","target":"Enemy-Falcon Nova-1","pose":"[X: (1, 0, 0), Y: (0, 1, 0), Z: (0, 0, 1), O: (2647.35, -0.110938914, -3975.4148)]","hz":72,"missilePoolCount":96,"missilePoolsReady":true,"bakedSky":true,"smoke":false,"missileSmoke":false,"weaponLights":true,"cockpitUv":true,"bakedInteriorLighting":true}
10-04 19:28:07.671  3817  3881 I godot   : MechRewired: activated ambient fire 'YELLSMO1.BWD-1' within 800m.
10-04 19:28:07.671  3817  3881 I godot   : MechRewired: activated ambient fire 'YELLSMO1.BWD-4' within 800m.
10-04 19:28:07.686  3817  3881 I godot   : MechRewired: highlighting objective target Firebase object 3 (S_ABNVGD.WTB) at 77.8m.
10-04 19:28:07.873  3817  3881 I godot   : MechRewired: targeted hostile Falcon Nova (243/243 whole-mech health).
10-04 19:28:07.873  3817  3881 I godot   : MechRewired: automatically targeted newly powered hostile Falcon Nova.
10-04 19:28:07.873  3817  3881 I godot   : MechRewired: enemy power up detected: Falcon Nova.
10-04 19:28:07.873  3817  3881 I godot   : MechRewired: Falcon Nova woke at 62m (GPS target 500m; sleep 500m; wake range 500m; atmospheric visibility 500m; visual range 500m; line of sight True).
10-04 19:28:07.873  3817  3881 I godot   : MechRewired: Falcon Nova combat movement CreatingSpace at 62m (243/243 health).
10-04 19:28:08.176  3817  3881 I godot   : MechRewired: weapon struck non-targetable battlefield geometry.
10-04 19:28:08.176  3817  3881 I godot   : MechRewired: fired Large Pulse Laser instance 2502 from LeftArm (slot 2/6); heat 10.0/54.
10-04 19:28:08.746  3817  3881 I godot   : MechRewired: Falcon Nova fired Small Pulse Laser instance 2701; heat 2.0/58.
10-04 19:28:09.755  3817  3881 I godot   : MechRewired: Falcon Nova fired SRM 4 instance 501; heat 3.0/58; ammo 96.
10-04 19:28:10.174  3817  3881 I godot   : MechRewired: weapon struck non-targetable battlefield geometry.
10-04 19:28:10.175  3817  3881 I godot   : MechRewired: fired Large Pulse Laser instance 2501 from RightArm (slot 1/6); heat 15.2/54.
10-04 19:28:10.417  3817  3881 I godot   : MechRewired: PlayerMech CenterTorso hit by Falcon Nova for 2 damage (260/262 aggregate; 20/20 internal).
10-04 19:28:12.184  3817  3881 I godot   : MechRewired: weapon struck non-targetable battlefield geometry.
10-04 19:28:12.185  3817  3881 I godot   : MechRewired: fired Medium Pulse Laser instance 2602 from LeftArm (slot 4/6); heat 14.4/54.
10-04 19:28:12.750  3817  3881 I godot   : MechRewired: PlayerMech CenterTorso hit by Falcon Nova for 3 damage (257/262 aggregate; 20/20 internal).
10-04 19:28:12.750  3817  3881 I godot   : MechRewired: Falcon Nova fired Small Pulse Laser instance 2701; heat 2.0/58.
10-04 19:28:13.789  3817  3881 I godot   : MechRewired: Falcon Nova fired SRM 4 instance 501; heat 3.0/58; ammo 92.
10-04 19:28:14.173  3817  3881 I godot   : MechRewired: weapon struck non-targetable battlefield geometry.
10-04 19:28:14.174  3817  3881 I godot   : MechRewired: fired Medium Pulse Laser instance 2601 from RightArm (slot 3/6); heat 13.6/54.
10-04 19:28:16.181  3817  3881 I godot   : MechRewired: fired LRM 20 instance 2 from LeftTorso (slot 6/6); heat 14.8/54; ammo 100.
10-04 19:28:16.785  3817  3881 I godot   : MechRewired: PlayerMech LeftLeg hit by Falcon Nova for 3 damage (254/262 aggregate; 14/14 internal).
10-04 19:28:16.785  3817  3881 I godot   : MechRewired: Falcon Nova fired Small Pulse Laser instance 2701; heat 2.0/58.
10-04 19:28:17.378  3817  3947 E godot   : ERROR: This function (free_rid) can only be called from the render thread.
10-04 19:28:17.378  3817  3947 E godot   :    at: free_rid (servers/rendering/rendering_device.cpp:7604)
10-04 19:28:17.378  3817  3947 E godot   :    C# backtrace (most recent call first):
10-04 19:28:17.378  3817  3947 E godot   :        [0] void Godot.GodotObject.Dispose(bool)
10-04 19:28:17.378  3817  3947 E godot   :        [1] void Godot.GodotObject.Finalize()
10-04 19:28:17.378  3817  3947 E godot   : ERROR: This function (free_rid) can only be called from the render thread.
10-04 19:28:17.378  3817  3947 E godot   :    at: free_rid (servers/rendering/rendering_device.cpp:7604)
10-04 19:28:17.378  3817  3947 E godot   :    C# backtrace (most recent call first):
10-04 19:28:17.378  3817  3947 E godot   :        [0] void Godot.GodotObject.Dispose(bool)
10-04 19:28:17.378  3817  3947 E godot   :        [1] void Godot.GodotObject.Finalize()
10-04 19:28:17.378  3817  3947 E godot   : ERROR: This function (free_rid) can only be called from the render thread.
10-04 19:28:17.378  3817  3947 E godot   :    at: free_rid (servers/rendering/rendering_device.cpp:7604)
10-04 19:28:17.378  3817  3947 E godot   :    C# backtrace (most recent call first):
10-04 19:28:17.378  3817  3947 E godot   :        [0] void Godot.GodotObject.Dispose(bool)
10-04 19:28:17.378  3817  3947 E godot   :        [1] void Godot.GodotObject.Finalize()
10-04 19:28:17.797  3817  3881 I godot   : MechRewired: Falcon Nova fired SRM 4 instance 501; heat 3.0/58; ammo 88.
10-04 19:28:18.180  3817  3881 I godot   : MechRewired: fired LRM 20 instance 1 from RightTorso (slot 5/6); heat 16.0/54; ammo 100.
10-04 19:28:20.176  3817  3881 I godot   : MechRewired: weapon struck non-targetable battlefield geometry.
10-04 19:28:20.177  3817  3881 I godot   : MechRewired: fired Large Pulse Laser instance 2502 from LeftArm (slot 2/6); heat 21.2/54.
10-04 19:28:20.798  3817  3881 I godot   : MechRewired: Falcon Nova fired Small Pulse Laser instance 2701; heat 2.0/58.
10-04 19:28:21.816  3817  3881 I godot   : MechRewired: Falcon Nova fired SRM 4 instance 501; heat 3.0/58; ammo 84.
10-04 19:28:22.177  3817  3881 I godot   : MechRewired: weapon struck non-targetable battlefield geometry.
10-04 19:28:22.178  3817  3881 I godot   : MechRewired: fired Large Pulse Laser instance 2501 from RightArm (slot 1/6); heat 26.4/54.
10-04 19:28:22.711  3817  3881 I godot   : QUEST_COMBAT_CHUNK: {"kind":"SUMMARY","runId":"20261004-182729-1d1caa","recordId":157,"index":0,"count":3,"data":"{\u0022graphicsProfile\u0022:\u0022baked-profile\u0022,\u0022bakedSky\u0022:true,\u0022cockpitUv\u0022:true,\u0022bakedInteriorLighting\u0022:true,\u0022smoke\u0022:false,\u0022missileSmoke\u0022:false,\u0022weaponLights\u0022:true,\u0022runId\u0022:\u002220261004-182729-1d1caa\u0022,\u0022trial\u0022:2,\u0022variant\u0022:\u0022smoke-off\u0022,\u0022status\u0022:\u0022complete\u0022,\u0022target\u0022:\u0022Enemy-Falcon Nova-1\u0022,\u0022frames\u0022:969,\u0022hudInstrumentDraws\u0022:449,\u0022meanMs\u0022:15.494471413828688,\u0022p95Ms\u0022:18.458600000000658,\u0022p99Ms\u0022:22.565499999998906,\u0022averageFps\u0022:64.53914904818943,\u0022onePercentLowFps\u0022:30.931760515174847,\u0022firstVolleyMeanMs\u0022:15.280104545454547,\u0022firstVolleyMax"}
10-04 19:28:22.711  3817  3881 I godot   : QUEST_COMBAT_CHUNK: {"kind":"SUMMARY","runId":"20261004-182729-1d1caa","recordId":157,"index":1,"count":3,"data":"Ms\u0022:19.17410000000008,\u0022repeatedVolleyMeanMs\u0022:15.464490836197022,\u0022firstImpactFrameMs\u0022:14.736799999999995,\u0022cpuMs\u0022:0.45016511844161616,\u0022gpuMs\u0022:14.925987622563191,\u0022physicsMs\u0022:6.96861609907125,\u0022processMs\u0022:20.050246646026977,\u0022allocatedBytes\u0022:23845976,\u0022gc0\u0022:4,\u0022gc1\u0022:1,\u0022gc2\u0022:1,\u0022enemyAiMs\u0022:385.19664500000016,\u0022losMs\u0022:14.134738000000004,\u0022losCalls\u0022:67,\u0022poolBuilds\u0022:0,\u0022poolBuildMs\u0022:0,\u0022weaponShots\u0022:16,\u0022playerDirectRaycastCalls\u0022:6,\u0022playerDirectRaycastMs\u0022:8.815574999999999,\u0022playerDirectDamageCalls\u0022:6,\u0022playerDirectDamageMs\u0022:0.8428119999999999,\u0022playerWeaponVisualCalls"}
10-04 19:28:22.711  3817  3881 I godot   : QUEST_COMBAT_CHUNK: {"kind":"SUMMARY","runId":"20261004-182729-1d1caa","recordId":157,"index":2,"count":3,"data":"\u0022:6,\u0022playerWeaponVisualMs\u0022:1.7066659999999998,\u0022playerWorldRaycastMs\u0022:5.228437,\u0022playerMechRaycastMs\u0022:3.5506249999999997,\u0022weaponEffectPoolBuilds\u0022:0,\u0022weaponEffectPoolFallbacks\u0022:0,\u0022enemyShots\u0022:8,\u0022missileLaunches\u0022:56,\u0022impacts\u0022:58,\u0022maxHeadTranslation\u0022:0.0019947833,\u0022maxHeadAngle\u0022:0.6549156}"}
10-04 19:28:22.716  3817  3881 I godot   : QUEST_COMBAT_CHUNK: {"kind":"SPIKE","runId":"20261004-182729-1d1caa","recordId":158,"index":0,"count":3,"data":"{\u0022runId\u0022:\u002220261004-182729-1d1caa\u0022,\u0022trial\u0022:2,\u0022frame\u0022:{\u0022Seconds\u0022:0.0305908,\u0022Ms\u0022:30.5905,\u0022GpuMs\u0022:16.155000686645508,\u0022CpuMs\u0022:0.4269999861717224,\u0022ProcessMs\u0022:21.215999999999998,\u0022PhysicsMs\u0022:15.914000000000001,\u0022AllocatedBytes\u0022:0,\u0022Gc0\u0022:0,\u0022Gc1\u0022:0,\u0022Gc2\u0022:0,\u0022Combat\u0022:{\u0022EnemyAiTicks\u0022:4,\u0022EnemyAiElapsedTicks\u0022:220678,\u0022LineOfSightCalls\u0022:0,\u0022LineOfSightElapsedTicks\u0022:0,\u0022MissilePoolsCreated\u0022:0,\u0022MissilePoolCreationElapsedTicks\u0022:0,\u0022PlayerDirectRaycastCalls\u0022:0,\u0022PlayerDirectRaycastElapsedTicks\u0022:0,\u0022PlayerDirectDamageCalls\u0022:0,\u0022PlayerDirectDamageE"}
10-04 19:28:22.716  3817  3881 I godot   : QUEST_COMBAT_CHUNK: {"kind":"SPIKE","runId":"20261004-182729-1d1caa","recordId":158,"index":1,"count":3,"data":"lapsedTicks\u0022:0,\u0022PlayerWeaponVisualCalls\u0022:0,\u0022PlayerWeaponVisualElapsedTicks\u0022:0,\u0022WeaponLaunches\u0022:0,\u0022EnemyWeaponLaunches\u0022:0,\u0022MissileLaunches\u0022:0,\u0022Impacts\u0022:0,\u0022ActiveMissiles\u0022:0,\u0022ActiveLasers\u0022:0,\u0022PlayerWorldRaycastElapsedTicks\u0022:0,\u0022PlayerMechRaycastElapsedTicks\u0022:0,\u0022WeaponEffectPoolBuilds\u0022:0,\u0022WeaponEffectPoolFallbacks\u0022:0,\u0022EnemyAiMilliseconds\u0022:0.220678,\u0022EnemyAiElapsedMs\u0022:0.220678,\u0022LineOfSightMilliseconds\u0022:0,\u0022LineOfSightElapsedMs\u0022:0,\u0022MissilePoolCreationMilliseconds\u0022:0,\u0022MissilePoolCreationElapsedMs\u0022:0,\u0022PlayerDirectRaycastMilliseconds\u0022:0,\u0022PlayerWorldRaycastMilliseconds"}
10-04 19:28:22.716  3817  3881 I godot   : QUEST_COMBAT_CHUNK: {"kind":"SPIKE","runId":"20261004-182729-1d1caa","recordId":158,"index":2,"count":3,"data":"\u0022:0,\u0022PlayerMechRaycastMilliseconds\u0022:0,\u0022PlayerDirectDamageMilliseconds\u0022:0,\u0022PlayerWeaponVisualMilliseconds\u0022:0},\u0022HeadTranslation\u0022:6.0412825E-05,\u0022HeadAngle\u0022:0.05595291}}"}
10-04 19:28:22.716  3817  3881 I godot   : QUEST_COMBAT_CHUNK: {"kind":"SPIKE","runId":"20261004-182729-1d1caa","recordId":159,"index":0,"count":3,"data":"{\u0022runId\u0022:\u002220261004-182729-1d1caa\u0022,\u0022trial\u0022:2,\u0022frame\u0022:{\u0022Seconds\u0022:0.1172549,\u0022Ms\u0022:70.87169999999999,\u0022GpuMs\u0022:13.918000221252441,\u0022CpuMs\u0022:0.3610000014305115,\u0022ProcessMs\u0022:21.215999999999998,\u0022PhysicsMs\u0022:15.914000000000001,\u0022AllocatedBytes\u0022:0,\u0022Gc0\u0022:0,\u0022Gc1\u0022:0,\u0022Gc2\u0022:0,\u0022Combat\u0022:{\u0022EnemyAiTicks\u0022:16,\u0022EnemyAiElapsedTicks\u0022:671772,\u0022LineOfSightCalls\u0022:0,\u0022LineOfSightElapsedTicks\u0022:0,\u0022MissilePoolsCreated\u0022:0,\u0022MissilePoolCreationElapsedTicks\u0022:0,\u0022PlayerDirectRaycastCalls\u0022:0,\u0022PlayerDirectRaycastElapsedTicks\u0022:0,\u0022PlayerDirectDamageCalls\u0022:0,\u0022PlayerDi"}
10-04 19:28:22.716  3817  3881 I godot   : QUEST_COMBAT_CHUNK: {"kind":"SPIKE","runId":"20261004-182729-1d1caa","recordId":159,"index":1,"count":3,"data":"rectDamageElapsedTicks\u0022:0,\u0022PlayerWeaponVisualCalls\u0022:0,\u0022PlayerWeaponVisualElapsedTicks\u0022:0,\u0022WeaponLaunches\u0022:0,\u0022EnemyWeaponLaunches\u0022:0,\u0022MissileLaunches\u0022:0,\u0022Impacts\u0022:0,\u0022ActiveMissiles\u0022:0,\u0022ActiveLasers\u0022:0,\u0022PlayerWorldRaycastElapsedTicks\u0022:0,\u0022PlayerMechRaycastElapsedTicks\u0022:0,\u0022WeaponEffectPoolBuilds\u0022:0,\u0022WeaponEffectPoolFallbacks\u0022:0,\u0022EnemyAiMilliseconds\u0022:0.671772,\u0022EnemyAiElapsedMs\u0022:0.671772,\u0022LineOfSightMilliseconds\u0022:0,\u0022LineOfSightElapsedMs\u0022:0,\u0022MissilePoolCreationMilliseconds\u0022:0,\u0022MissilePoolCreationElapsedMs\u0022:0,\u0022PlayerDirectRaycastMilliseconds\u0022:0,\u0022PlayerWorldRaycastMillis"}
10-04 19:28:22.716  3817  3881 I godot   : QUEST_COMBAT_CHUNK: {"kind":"SPIKE","runId":"20261004-182729-1d1caa","recordId":159,"index":2,"count":3,"data":"econds\u0022:0,\u0022PlayerMechRaycastMilliseconds\u0022:0,\u0022PlayerDirectDamageMilliseconds\u0022:0,\u0022PlayerWeaponVisualMilliseconds\u0022:0},\u0022HeadTranslation\u0022:0.00024194879,\u0022HeadAngle\u0022:0.08846933}}"}
10-04 19:28:22.717  3817  3881 I godot   : QUEST_COMBAT_CHUNK: {"kind":"SPIKE","runId":"20261004-182729-1d1caa","recordId":160,"index":0,"count":3,"data":"{\u0022runId\u0022:\u002220261004-182729-1d1caa\u0022,\u0022trial\u0022:2,\u0022frame\u0022:{\u0022Seconds\u0022:0.1746514,\u0022Ms\u0022:20.371700000000022,\u0022GpuMs\u0022:14.0649995803833,\u0022CpuMs\u0022:0.29899999499320984,\u0022ProcessMs\u0022:63.337,\u0022PhysicsMs\u0022:2.954,\u0022AllocatedBytes\u0022:0,\u0022Gc0\u0022:0,\u0022Gc1\u0022:0,\u0022Gc2\u0022:0,\u0022Combat\u0022:{\u0022EnemyAiTicks\u0022:4,\u0022EnemyAiElapsedTicks\u0022:230678,\u0022LineOfSightCalls\u0022:0,\u0022LineOfSightElapsedTicks\u0022:0,\u0022MissilePoolsCreated\u0022:0,\u0022MissilePoolCreationElapsedTicks\u0022:0,\u0022PlayerDirectRaycastCalls\u0022:0,\u0022PlayerDirectRaycastElapsedTicks\u0022:0,\u0022PlayerDirectDamageCalls\u0022:0,\u0022PlayerDirectDamageElapsedTicks"}
10-04 19:28:22.717  3817  3881 I godot   : QUEST_COMBAT_CHUNK: {"kind":"SPIKE","runId":"20261004-182729-1d1caa","recordId":160,"index":1,"count":3,"data":"\u0022:0,\u0022PlayerWeaponVisualCalls\u0022:0,\u0022PlayerWeaponVisualElapsedTicks\u0022:0,\u0022WeaponLaunches\u0022:0,\u0022EnemyWeaponLaunches\u0022:0,\u0022MissileLaunches\u0022:0,\u0022Impacts\u0022:0,\u0022ActiveMissiles\u0022:0,\u0022ActiveLasers\u0022:0,\u0022PlayerWorldRaycastElapsedTicks\u0022:0,\u0022PlayerMechRaycastElapsedTicks\u0022:0,\u0022WeaponEffectPoolBuilds\u0022:0,\u0022WeaponEffectPoolFallbacks\u0022:0,\u0022EnemyAiMilliseconds\u0022:0.230678,\u0022EnemyAiElapsedMs\u0022:0.230678,\u0022LineOfSightMilliseconds\u0022:0,\u0022LineOfSightElapsedMs\u0022:0,\u0022MissilePoolCreationMilliseconds\u0022:0,\u0022MissilePoolCreationElapsedMs\u0022:0,\u0022PlayerDirectRaycastMilliseconds\u0022:0,\u0022PlayerWorldRaycastMilliseconds\u0022:0,\u0022P"}
10-04 19:28:22.717  3817  3881 I godot   : QUEST_COMBAT_CHUNK: {"kind":"SPIKE","runId":"20261004-182729-1d1caa","recordId":160,"index":2,"count":3,"data":"layerMechRaycastMilliseconds\u0022:0,\u0022PlayerDirectDamageMilliseconds\u0022:0,\u0022PlayerWeaponVisualMilliseconds\u0022:0},\u0022HeadTranslation\u0022:0.00031505118,\u0022HeadAngle\u0022:0.12511455}}"}
10-04 19:28:22.717  3817  3881 I godot   : QUEST_COMBAT_CHUNK: {"kind":"SPIKE","runId":"20261004-182729-1d1caa","recordId":161,"index":0,"count":3,"data":"{\u0022runId\u0022:\u002220261004-182729-1d1caa\u0022,\u0022trial\u0022:2,\u0022frame\u0022:{\u0022Seconds\u0022:1.586639,\u0022Ms\u0022:29.251999999999832,\u0022GpuMs\u0022:14.088000297546387,\u0022CpuMs\u0022:0.40400001406669617,\u0022ProcessMs\u0022:17.67,\u0022PhysicsMs\u0022:3.6069999999999998,\u0022AllocatedBytes\u0022:7261808,\u0022Gc0\u0022:1,\u0022Gc1\u0022:0,\u0022Gc2\u0022:0,\u0022Combat\u0022:{\u0022EnemyAiTicks\u0022:4,\u0022EnemyAiElapsedTicks\u0022:313542,\u0022LineOfSightCalls\u0022:0,\u0022LineOfSightElapsedTicks\u0022:0,\u0022MissilePoolsCreated\u0022:0,\u0022MissilePoolCreationElapsedTicks\u0022:0,\u0022PlayerDirectRaycastCalls\u0022:0,\u0022PlayerDirectRaycastElapsedTicks\u0022:0,\u0022PlayerDirectDamageCalls\u0022:0,\u0022PlayerDirectDam"}
10-04 19:28:22.717  3817  3881 I godot   : QUEST_COMBAT_CHUNK: {"kind":"SPIKE","runId":"20261004-182729-1d1caa","recordId":161,"index":1,"count":3,"data":"ageElapsedTicks\u0022:0,\u0022PlayerWeaponVisualCalls\u0022:0,\u0022PlayerWeaponVisualElapsedTicks\u0022:0,\u0022WeaponLaunches\u0022:0,\u0022EnemyWeaponLaunches\u0022:0,\u0022MissileLaunches\u0022:0,\u0022Impacts\u0022:0,\u0022ActiveMissiles\u0022:0,\u0022ActiveLasers\u0022:0,\u0022PlayerWorldRaycastElapsedTicks\u0022:0,\u0022PlayerMechRaycastElapsedTicks\u0022:0,\u0022WeaponEffectPoolBuilds\u0022:0,\u0022WeaponEffectPoolFallbacks\u0022:0,\u0022EnemyAiMilliseconds\u0022:0.313542,\u0022EnemyAiElapsedMs\u0022:0.313542,\u0022LineOfSightMilliseconds\u0022:0,\u0022LineOfSightElapsedMs\u0022:0,\u0022MissilePoolCreationMilliseconds\u0022:0,\u0022MissilePoolCreationElapsedMs\u0022:0,\u0022PlayerDirectRaycastMilliseconds\u0022:0,\u0022PlayerWorldRaycastMilliseconds"}
10-04 19:28:22.717  3817  3881 I godot   : QUEST_COMBAT_CHUNK: {"kind":"SPIKE","runId":"20261004-182729-1d1caa","recordId":161,"index":2,"count":3,"data":"\u0022:0,\u0022PlayerMechRaycastMilliseconds\u0022:0,\u0022PlayerDirectDamageMilliseconds\u0022:0,\u0022PlayerWeaponVisualMilliseconds\u0022:0},\u0022HeadTranslation\u0022:0.0011657316,\u0022HeadAngle\u0022:0.24708156}}"}
10-04 19:28:22.717  3817  3881 I godot   : QUEST_COMBAT_CHUNK: {"kind":"SPIKE","runId":"20261004-182729-1d1caa","recordId":162,"index":0,"count":3,"data":"{\u0022runId\u0022:\u002220261004-182729-1d1caa\u0022,\u0022trial\u0022:2,\u0022frame\u0022:{\u0022Seconds\u0022:2.806696,\u0022Ms\u0022:26.041000000000203,\u0022GpuMs\u0022:25.70599937438965,\u0022CpuMs\u0022:0.671999990940094,\u0022ProcessMs\u0022:15.559999999999999,\u0022PhysicsMs\u0022:18.253999999999998,\u0022AllocatedBytes\u0022:0,\u0022Gc0\u0022:0,\u0022Gc1\u0022:0,\u0022Gc2\u0022:0,\u0022Combat\u0022:{\u0022EnemyAiTicks\u0022:4,\u0022EnemyAiElapsedTicks\u0022:315781,\u0022LineOfSightCalls\u0022:0,\u0022LineOfSightElapsedTicks\u0022:0,\u0022MissilePoolsCreated\u0022:0,\u0022MissilePoolCreationElapsedTicks\u0022:0,\u0022PlayerDirectRaycastCalls\u0022:0,\u0022PlayerDirectRaycastElapsedTicks\u0022:0,\u0022PlayerDirectDamageCalls\u0022:0,\u0022PlayerDirec"}
10-04 19:28:22.717  3817  3881 I godot   : QUEST_COMBAT_CHUNK: {"kind":"SPIKE","runId":"20261004-182729-1d1caa","recordId":162,"index":1,"count":3,"data":"tDamageElapsedTicks\u0022:0,\u0022PlayerWeaponVisualCalls\u0022:0,\u0022PlayerWeaponVisualElapsedTicks\u0022:0,\u0022WeaponLaunches\u0022:0,\u0022EnemyWeaponLaunches\u0022:0,\u0022MissileLaunches\u0022:0,\u0022Impacts\u0022:0,\u0022ActiveMissiles\u0022:4,\u0022ActiveLasers\u0022:3,\u0022PlayerWorldRaycastElapsedTicks\u0022:0,\u0022PlayerMechRaycastElapsedTicks\u0022:0,\u0022WeaponEffectPoolBuilds\u0022:0,\u0022WeaponEffectPoolFallbacks\u0022:0,\u0022EnemyAiMilliseconds\u0022:0.315781,\u0022EnemyAiElapsedMs\u0022:0.315781,\u0022LineOfSightMilliseconds\u0022:0,\u0022LineOfSightElapsedMs\u0022:0,\u0022MissilePoolCreationMilliseconds\u0022:0,\u0022MissilePoolCreationElapsedMs\u0022:0,\u0022PlayerDirectRaycastMilliseconds\u0022:0,\u0022PlayerWorldRaycastMilliseco"}
10-04 19:28:22.717  3817  3881 I godot   : QUEST_COMBAT_CHUNK: {"kind":"SPIKE","runId":"20261004-182729-1d1caa","recordId":162,"index":2,"count":3,"data":"nds\u0022:0,\u0022PlayerMechRaycastMilliseconds\u0022:0,\u0022PlayerDirectDamageMilliseconds\u0022:0,\u0022PlayerWeaponVisualMilliseconds\u0022:0},\u0022HeadTranslation\u0022:0.0014051191,\u0022HeadAngle\u0022:0.34942636}}"}
10-04 19:28:22.718  3817  3881 I godot   : QUEST_COMBAT_CHUNK: {"kind":"SPIKE","runId":"20261004-182729-1d1caa","recordId":163,"index":0,"count":3,"data":"{\u0022runId\u0022:\u002220261004-182729-1d1caa\u0022,\u0022trial\u0022:2,\u0022frame\u0022:{\u0022Seconds\u0022:2.8319725,\u0022Ms\u0022:25.276499999999924,\u0022GpuMs\u0022:22.458999633789062,\u0022CpuMs\u0022:0.44999998807907104,\u0022ProcessMs\u0022:15.559999999999999,\u0022PhysicsMs\u0022:18.253999999999998,\u0022AllocatedBytes\u0022:0,\u0022Gc0\u0022:0,\u0022Gc1\u0022:0,\u0022Gc2\u0022:0,\u0022Combat\u0022:{\u0022EnemyAiTicks\u0022:8,\u0022EnemyAiElapsedTicks\u0022:631458,\u0022LineOfSightCalls\u0022:0,\u0022LineOfSightElapsedTicks\u0022:0,\u0022MissilePoolsCreated\u0022:0,\u0022MissilePoolCreationElapsedTicks\u0022:0,\u0022PlayerDirectRaycastCalls\u0022:0,\u0022PlayerDirectRaycastElapsedTicks\u0022:0,\u0022PlayerDirectDamageCalls\u0022:0,\u0022PlayerD"}
10-04 19:28:22.718  3817  3881 I godot   : QUEST_COMBAT_CHUNK: {"kind":"SPIKE","runId":"20261004-182729-1d1caa","recordId":163,"index":1,"count":3,"data":"irectDamageElapsedTicks\u0022:0,\u0022PlayerWeaponVisualCalls\u0022:0,\u0022PlayerWeaponVisualElapsedTicks\u0022:0,\u0022WeaponLaunches\u0022:0,\u0022EnemyWeaponLaunches\u0022:0,\u0022MissileLaunches\u0022:0,\u0022Impacts\u0022:0,\u0022ActiveMissiles\u0022:4,\u0022ActiveLasers\u0022:3,\u0022PlayerWorldRaycastElapsedTicks\u0022:0,\u0022PlayerMechRaycastElapsedTicks\u0022:0,\u0022WeaponEffectPoolBuilds\u0022:0,\u0022WeaponEffectPoolFallbacks\u0022:0,\u0022EnemyAiMilliseconds\u0022:0.631458,\u0022EnemyAiElapsedMs\u0022:0.631458,\u0022LineOfSightMilliseconds\u0022:0,\u0022LineOfSightElapsedMs\u0022:0,\u0022MissilePoolCreationMilliseconds\u0022:0,\u0022MissilePoolCreationElapsedMs\u0022:0,\u0022PlayerDirectRaycastMilliseconds\u0022:0,\u0022PlayerWorldRaycastMilli"}
10-04 19:28:22.718  3817  3881 I godot   : QUEST_COMBAT_CHUNK: {"kind":"SPIKE","runId":"20261004-182729-1d1caa","recordId":163,"index":2,"count":3,"data":"seconds\u0022:0,\u0022PlayerMechRaycastMilliseconds\u0022:0,\u0022PlayerDirectDamageMilliseconds\u0022:0,\u0022PlayerWeaponVisualMilliseconds\u0022:0},\u0022HeadTranslation\u0022:0.0013463716,\u0022HeadAngle\u0022:0.30390245}}"}
10-04 19:28:22.718  3817  3881 I godot   : QUEST_COMBAT_CHUNK: {"kind":"SPIKE","runId":"20261004-182729-1d1caa","recordId":164,"index":0,"count":3,"data":"{\u0022runId\u0022:\u002220261004-182729-1d1caa\u0022,\u0022trial\u0022:2,\u0022frame\u0022:{\u0022Seconds\u0022:2.9609109,\u0022Ms\u0022:20.14959999999988,\u0022GpuMs\u0022:16.802000045776367,\u0022CpuMs\u0022:0.3840000033378601,\u0022ProcessMs\u0022:15.559999999999999,\u0022PhysicsMs\u0022:18.253999999999998,\u0022AllocatedBytes\u0022:0,\u0022Gc0\u0022:0,\u0022Gc1\u0022:0,\u0022Gc2\u0022:0,\u0022Combat\u0022:{\u0022EnemyAiTicks\u0022:8,\u0022EnemyAiElapsedTicks\u0022:893021,\u0022LineOfSightCalls\u0022:0,\u0022LineOfSightElapsedTicks\u0022:0,\u0022MissilePoolsCreated\u0022:0,\u0022MissilePoolCreationElapsedTicks\u0022:0,\u0022PlayerDirectRaycastCalls\u0022:0,\u0022PlayerDirectRaycastElapsedTicks\u0022:0,\u0022PlayerDirectDamageCalls\u0022:0,\u0022PlayerDir"}
10-04 19:28:22.718  3817  3881 I godot   : QUEST_COMBAT_CHUNK: {"kind":"SPIKE","runId":"20261004-182729-1d1caa","recordId":164,"index":1,"count":3,"data":"ectDamageElapsedTicks\u0022:0,\u0022PlayerWeaponVisualCalls\u0022:0,\u0022PlayerWeaponVisualElapsedTicks\u0022:0,\u0022WeaponLaunches\u0022:0,\u0022EnemyWeaponLaunches\u0022:0,\u0022MissileLaunches\u0022:0,\u0022Impacts\u0022:0,\u0022ActiveMissiles\u0022:4,\u0022ActiveLasers\u0022:3,\u0022PlayerWorldRaycastElapsedTicks\u0022:0,\u0022PlayerMechRaycastElapsedTicks\u0022:0,\u0022WeaponEffectPoolBuilds\u0022:0,\u0022WeaponEffectPoolFallbacks\u0022:0,\u0022EnemyAiMilliseconds\u0022:0.893021,\u0022EnemyAiElapsedMs\u0022:0.893021,\u0022LineOfSightMilliseconds\u0022:0,\u0022LineOfSightElapsedMs\u0022:0,\u0022MissilePoolCreationMilliseconds\u0022:0,\u0022MissilePoolCreationElapsedMs\u0022:0,\u0022PlayerDirectRaycastMilliseconds\u0022:0,\u0022PlayerWorldRaycastMillise"}
10-04 19:28:22.718  3817  3881 I godot   : QUEST_COMBAT_CHUNK: {"kind":"SPIKE","runId":"20261004-182729-1d1caa","recordId":164,"index":2,"count":3,"data":"conds\u0022:0,\u0022PlayerMechRaycastMilliseconds\u0022:0,\u0022PlayerDirectDamageMilliseconds\u0022:0,\u0022PlayerWeaponVisualMilliseconds\u0022:0},\u0022HeadTranslation\u0022:0.0013798303,\u0022HeadAngle\u0022:0.33571795}}"}
10-04 19:28:22.718  3817  3881 I godot   : QUEST_COMBAT_CHUNK: {"kind":"SPIKE","runId":"20261004-182729-1d1caa","recordId":165,"index":0,"count":3,"data":"{\u0022runId\u0022:\u002220261004-182729-1d1caa\u0022,\u0022trial\u0022:2,\u0022frame\u0022:{\u0022Seconds\u0022:5.2847898,\u0022Ms\u0022:20.66070000000053,\u0022GpuMs\u0022:19.299999237060547,\u0022CpuMs\u0022:0.36500000953674316,\u0022ProcessMs\u0022:15.906,\u0022PhysicsMs\u0022:3.866,\u0022AllocatedBytes\u0022:0,\u0022Gc0\u0022:0,\u0022Gc1\u0022:0,\u0022Gc2\u0022:0,\u0022Combat\u0022:{\u0022EnemyAiTicks\u0022:4,\u0022EnemyAiElapsedTicks\u0022:596510,\u0022LineOfSightCalls\u0022:1,\u0022LineOfSightElapsedTicks\u0022:210416,\u0022MissilePoolsCreated\u0022:0,\u0022MissilePoolCreationElapsedTicks\u0022:0,\u0022PlayerDirectRaycastCalls\u0022:0,\u0022PlayerDirectRaycastElapsedTicks\u0022:0,\u0022PlayerDirectDamageCalls\u0022:0,\u0022PlayerDirectDamageElapsedTic"}
10-04 19:28:22.718  3817  3881 I godot   : QUEST_COMBAT_CHUNK: {"kind":"SPIKE","runId":"20261004-182729-1d1caa","recordId":165,"index":1,"count":3,"data":"ks\u0022:0,\u0022PlayerWeaponVisualCalls\u0022:0,\u0022PlayerWeaponVisualElapsedTicks\u0022:0,\u0022WeaponLaunches\u0022:0,\u0022EnemyWeaponLaunches\u0022:0,\u0022MissileLaunches\u0022:0,\u0022Impacts\u0022:0,\u0022ActiveMissiles\u0022:3,\u0022ActiveLasers\u0022:3,\u0022PlayerWorldRaycastElapsedTicks\u0022:0,\u0022PlayerMechRaycastElapsedTicks\u0022:0,\u0022WeaponEffectPoolBuilds\u0022:0,\u0022WeaponEffectPoolFallbacks\u0022:0,\u0022EnemyAiMilliseconds\u0022:0.59651,\u0022EnemyAiElapsedMs\u0022:0.59651,\u0022LineOfSightMilliseconds\u0022:0.210416,\u0022LineOfSightElapsedMs\u0022:0.210416,\u0022MissilePoolCreationMilliseconds\u0022:0,\u0022MissilePoolCreationElapsedMs\u0022:0,\u0022PlayerDirectRaycastMilliseconds\u0022:0,\u0022PlayerWorldRaycastMilliseconds"}
10-04 19:28:22.718  3817  3881 I godot   : QUEST_COMBAT_CHUNK: {"kind":"SPIKE","runId":"20261004-182729-1d1caa","recordId":165,"index":2,"count":3,"data":"\u0022:0,\u0022PlayerMechRaycastMilliseconds\u0022:0,\u0022PlayerDirectDamageMilliseconds\u0022:0,\u0022PlayerWeaponVisualMilliseconds\u0022:0},\u0022HeadTranslation\u0022:0.0014535944,\u0022HeadAngle\u0022:0.2594432}}"}
10-04 19:28:22.719  3817  3881 I godot   : QUEST_COMBAT_CHUNK: {"kind":"SPIKE","runId":"20261004-182729-1d1caa","recordId":166,"index":0,"count":3,"data":"{\u0022runId\u0022:\u002220261004-182729-1d1caa\u0022,\u0022trial\u0022:2,\u0022frame\u0022:{\u0022Seconds\u0022:5.5120508,\u0022Ms\u0022:21.23070000000027,\u0022GpuMs\u0022:18.281999588012695,\u0022CpuMs\u0022:0.32899999618530273,\u0022ProcessMs\u0022:15.906,\u0022PhysicsMs\u0022:3.866,\u0022AllocatedBytes\u0022:0,\u0022Gc0\u0022:0,\u0022Gc1\u0022:0,\u0022Gc2\u0022:0,\u0022Combat\u0022:{\u0022EnemyAiTicks\u0022:8,\u0022EnemyAiElapsedTicks\u0022:747186,\u0022LineOfSightCalls\u0022:0,\u0022LineOfSightElapsedTicks\u0022:0,\u0022MissilePoolsCreated\u0022:0,\u0022MissilePoolCreationElapsedTicks\u0022:0,\u0022PlayerDirectRaycastCalls\u0022:0,\u0022PlayerDirectRaycastElapsedTicks\u0022:0,\u0022PlayerDirectDamageCalls\u0022:0,\u0022PlayerDirectDamageElapsedTicks"}
10-04 19:28:22.719  3817  3881 I godot   : QUEST_COMBAT_CHUNK: {"kind":"SPIKE","runId":"20261004-182729-1d1caa","recordId":166,"index":1,"count":3,"data":"\u0022:0,\u0022PlayerWeaponVisualCalls\u0022:0,\u0022PlayerWeaponVisualElapsedTicks\u0022:0,\u0022WeaponLaunches\u0022:0,\u0022EnemyWeaponLaunches\u0022:0,\u0022MissileLaunches\u0022:0,\u0022Impacts\u0022:0,\u0022ActiveMissiles\u0022:3,\u0022ActiveLasers\u0022:0,\u0022PlayerWorldRaycastElapsedTicks\u0022:0,\u0022PlayerMechRaycastElapsedTicks\u0022:0,\u0022WeaponEffectPoolBuilds\u0022:0,\u0022WeaponEffectPoolFallbacks\u0022:0,\u0022EnemyAiMilliseconds\u0022:0.747186,\u0022EnemyAiElapsedMs\u0022:0.747186,\u0022LineOfSightMilliseconds\u0022:0,\u0022LineOfSightElapsedMs\u0022:0,\u0022MissilePoolCreationMilliseconds\u0022:0,\u0022MissilePoolCreationElapsedMs\u0022:0,\u0022PlayerDirectRaycastMilliseconds\u0022:0,\u0022PlayerWorldRaycastMilliseconds\u0022:0,\u0022P"}
10-04 19:28:22.719  3817  3881 I godot   : QUEST_COMBAT_CHUNK: {"kind":"SPIKE","runId":"20261004-182729-1d1caa","recordId":166,"index":2,"count":3,"data":"layerMechRaycastMilliseconds\u0022:0,\u0022PlayerDirectDamageMilliseconds\u0022:0,\u0022PlayerWeaponVisualMilliseconds\u0022:0},\u0022HeadTranslation\u0022:0.0015768469,\u0022HeadAngle\u0022:0.3669084}}"}
10-04 19:28:22.719  3817  3881 I godot   : QUEST_COMBAT_CHUNK: {"kind":"SPIKE","runId":"20261004-182729-1d1caa","recordId":167,"index":0,"count":3,"data":"{\u0022runId\u0022:\u002220261004-182729-1d1caa\u0022,\u0022trial\u0022:2,\u0022frame\u0022:{\u0022Seconds\u0022:6.5723091,\u0022Ms\u0022:21.23969999999975,\u0022GpuMs\u0022:17.70599937438965,\u0022CpuMs\u0022:0.2879999876022339,\u0022ProcessMs\u0022:16.552999999999997,\u0022PhysicsMs\u0022:4.26,\u0022AllocatedBytes\u0022:0,\u0022Gc0\u0022:0,\u0022Gc1\u0022:0,\u0022Gc2\u0022:0,\u0022Combat\u0022:{\u0022EnemyAiTicks\u0022:4,\u0022EnemyAiElapsedTicks\u0022:366979,\u0022LineOfSightCalls\u0022:0,\u0022LineOfSightElapsedTicks\u0022:0,\u0022MissilePoolsCreated\u0022:0,\u0022MissilePoolCreationElapsedTicks\u0022:0,\u0022PlayerDirectRaycastCalls\u0022:0,\u0022PlayerDirectRaycastElapsedTicks\u0022:0,\u0022PlayerDirectDamageCalls\u0022:0,\u0022PlayerDirectDamageElapse"}
10-04 19:28:22.719  3817  3881 I godot   : QUEST_COMBAT_CHUNK: {"kind":"SPIKE","runId":"20261004-182729-1d1caa","recordId":167,"index":1,"count":3,"data":"dTicks\u0022:0,\u0022PlayerWeaponVisualCalls\u0022:0,\u0022PlayerWeaponVisualElapsedTicks\u0022:0,\u0022WeaponLaunches\u0022:0,\u0022EnemyWeaponLaunches\u0022:0,\u0022MissileLaunches\u0022:0,\u0022Impacts\u0022:0,\u0022ActiveMissiles\u0022:4,\u0022ActiveLasers\u0022:3,\u0022PlayerWorldRaycastElapsedTicks\u0022:0,\u0022PlayerMechRaycastElapsedTicks\u0022:0,\u0022WeaponEffectPoolBuilds\u0022:0,\u0022WeaponEffectPoolFallbacks\u0022:0,\u0022EnemyAiMilliseconds\u0022:0.366979,\u0022EnemyAiElapsedMs\u0022:0.366979,\u0022LineOfSightMilliseconds\u0022:0,\u0022LineOfSightElapsedMs\u0022:0,\u0022MissilePoolCreationMilliseconds\u0022:0,\u0022MissilePoolCreationElapsedMs\u0022:0,\u0022PlayerDirectRaycastMilliseconds\u0022:0,\u0022PlayerWorldRaycastMilliseconds\u0022:0,"}
10-04 19:28:22.719  3817  3881 I godot   : QUEST_COMBAT_CHUNK: {"kind":"SPIKE","runId":"20261004-182729-1d1caa","recordId":167,"index":2,"count":3,"data":"\u0022PlayerMechRaycastMilliseconds\u0022:0,\u0022PlayerDirectDamageMilliseconds\u0022:0,\u0022PlayerWeaponVisualMilliseconds\u0022:0},\u0022HeadTranslation\u0022:0.0008827664,\u0022HeadAngle\u0022:0.18557489}}"}
10-04 19:28:22.719  3817  3881 I godot   : QUEST_COMBAT_CHUNK: {"kind":"SPIKE","runId":"20261004-182729-1d1caa","recordId":168,"index":0,"count":3,"data":"{\u0022runId\u0022:\u002220261004-182729-1d1caa\u0022,\u0022trial\u0022:2,\u0022frame\u0022:{\u0022Seconds\u0022:6.5951005,\u0022Ms\u0022:22.791400000000017,\u0022GpuMs\u0022:19.878000259399414,\u0022CpuMs\u0022:0.38199999928474426,\u0022ProcessMs\u0022:16.552999999999997,\u0022PhysicsMs\u0022:4.26,\u0022AllocatedBytes\u0022:0,\u0022Gc0\u0022:0,\u0022Gc1\u0022:0,\u0022Gc2\u0022:0,\u0022Combat\u0022:{\u0022EnemyAiTicks\u0022:8,\u0022EnemyAiElapsedTicks\u0022:686405,\u0022LineOfSightCalls\u0022:0,\u0022LineOfSightElapsedTicks\u0022:0,\u0022MissilePoolsCreated\u0022:0,\u0022MissilePoolCreationElapsedTicks\u0022:0,\u0022PlayerDirectRaycastCalls\u0022:0,\u0022PlayerDirectRaycastElapsedTicks\u0022:0,\u0022PlayerDirectDamageCalls\u0022:0,\u0022PlayerDirectDamageEla"}
10-04 19:28:22.719  3817  3881 I godot   : QUEST_COMBAT_CHUNK: {"kind":"SPIKE","runId":"20261004-182729-1d1caa","recordId":168,"index":1,"count":3,"data":"psedTicks\u0022:0,\u0022PlayerWeaponVisualCalls\u0022:0,\u0022PlayerWeaponVisualElapsedTicks\u0022:0,\u0022WeaponLaunches\u0022:0,\u0022EnemyWeaponLaunches\u0022:0,\u0022MissileLaunches\u0022:0,\u0022Impacts\u0022:0,\u0022ActiveMissiles\u0022:4,\u0022ActiveLasers\u0022:3,\u0022PlayerWorldRaycastElapsedTicks\u0022:0,\u0022PlayerMechRaycastElapsedTicks\u0022:0,\u0022WeaponEffectPoolBuilds\u0022:0,\u0022WeaponEffectPoolFallbacks\u0022:0,\u0022EnemyAiMilliseconds\u0022:0.686405,\u0022EnemyAiElapsedMs\u0022:0.686405,\u0022LineOfSightMilliseconds\u0022:0,\u0022LineOfSightElapsedMs\u0022:0,\u0022MissilePoolCreationMilliseconds\u0022:0,\u0022MissilePoolCreationElapsedMs\u0022:0,\u0022PlayerDirectRaycastMilliseconds\u0022:0,\u0022PlayerWorldRaycastMilliseconds\u0022:"}
10-04 19:28:22.719  3817  3881 I godot   : QUEST_COMBAT_CHUNK: {"kind":"SPIKE","runId":"20261004-182729-1d1caa","recordId":168,"index":2,"count":3,"data":"0,\u0022PlayerMechRaycastMilliseconds\u0022:0,\u0022PlayerDirectDamageMilliseconds\u0022:0,\u0022PlayerWeaponVisualMilliseconds\u0022:0},\u0022HeadTranslation\u0022:0.0008771194,\u0022HeadAngle\u0022:0.18557489}}"}
10-04 19:28:22.720  3817  3881 I godot   : QUEST_COMBAT_CHUNK: {"kind":"SPIKE","runId":"20261004-182729-1d1caa","recordId":169,"index":0,"count":3,"data":"{\u0022runId\u0022:\u002220261004-182729-1d1caa\u0022,\u0022trial\u0022:2,\u0022frame\u0022:{\u0022Seconds\u0022:8.6044501,\u0022Ms\u0022:20.263099999999312,\u0022GpuMs\u0022:16.5049991607666,\u0022CpuMs\u0022:0.3610000014305115,\u0022ProcessMs\u0022:14.715,\u0022PhysicsMs\u0022:3.8890000000000002,\u0022AllocatedBytes\u0022:0,\u0022Gc0\u0022:0,\u0022Gc1\u0022:0,\u0022Gc2\u0022:0,\u0022Combat\u0022:{\u0022EnemyAiTicks\u0022:4,\u0022EnemyAiElapsedTicks\u0022:350937,\u0022LineOfSightCalls\u0022:0,\u0022LineOfSightElapsedTicks\u0022:0,\u0022MissilePoolsCreated\u0022:0,\u0022MissilePoolCreationElapsedTicks\u0022:0,\u0022PlayerDirectRaycastCalls\u0022:0,\u0022PlayerDirectRaycastElapsedTicks\u0022:0,\u0022PlayerDirectDamageCalls\u0022:0,\u0022PlayerDirectDamageElap"}
10-04 19:28:22.720  3817  3881 I godot   : QUEST_COMBAT_CHUNK: {"kind":"SPIKE","runId":"20261004-182729-1d1caa","recordId":169,"index":1,"count":3,"data":"sedTicks\u0022:0,\u0022PlayerWeaponVisualCalls\u0022:0,\u0022PlayerWeaponVisualElapsedTicks\u0022:0,\u0022WeaponLaunches\u0022:0,\u0022EnemyWeaponLaunches\u0022:0,\u0022MissileLaunches\u0022:0,\u0022Impacts\u0022:0,\u0022ActiveMissiles\u0022:7,\u0022ActiveLasers\u0022:0,\u0022PlayerWorldRaycastElapsedTicks\u0022:0,\u0022PlayerMechRaycastElapsedTicks\u0022:0,\u0022WeaponEffectPoolBuilds\u0022:0,\u0022WeaponEffectPoolFallbacks\u0022:0,\u0022EnemyAiMilliseconds\u0022:0.350937,\u0022EnemyAiElapsedMs\u0022:0.350937,\u0022LineOfSightMilliseconds\u0022:0,\u0022LineOfSightElapsedMs\u0022:0,\u0022MissilePoolCreationMilliseconds\u0022:0,\u0022MissilePoolCreationElapsedMs\u0022:0,\u0022PlayerDirectRaycastMilliseconds\u0022:0,\u0022PlayerWorldRaycastMilliseconds\u0022:0"}
10-04 19:28:22.720  3817  3881 I godot   : QUEST_COMBAT_CHUNK: {"kind":"SPIKE","runId":"20261004-182729-1d1caa","recordId":169,"index":2,"count":3,"data":",\u0022PlayerMechRaycastMilliseconds\u0022:0,\u0022PlayerDirectDamageMilliseconds\u0022:0,\u0022PlayerWeaponVisualMilliseconds\u0022:0},\u0022HeadTranslation\u0022:0.0015603448,\u0022HeadAngle\u0022:0.26244262}}"}
10-04 19:28:22.720  3817  3881 I godot   : QUEST_COMBAT_CHUNK: {"kind":"SPIKE","runId":"20261004-182729-1d1caa","recordId":170,"index":0,"count":3,"data":"{\u0022runId\u0022:\u002220261004-182729-1d1caa\u0022,\u0022trial\u0022:2,\u0022frame\u0022:{\u0022Seconds\u0022:9.6897481,\u0022Ms\u0022:36.82079999999921,\u0022GpuMs\u0022:13.954999923706055,\u0022CpuMs\u0022:0.36800000071525574,\u0022ProcessMs\u0022:16.6,\u0022PhysicsMs\u0022:4.163,\u0022AllocatedBytes\u0022:4145776,\u0022Gc0\u0022:0,\u0022Gc1\u0022:0,\u0022Gc2\u0022:0,\u0022Combat\u0022:{\u0022EnemyAiTicks\u0022:4,\u0022EnemyAiElapsedTicks\u0022:19638022,\u0022LineOfSightCalls\u0022:0,\u0022LineOfSightElapsedTicks\u0022:0,\u0022MissilePoolsCreated\u0022:0,\u0022MissilePoolCreationElapsedTicks\u0022:0,\u0022PlayerDirectRaycastCalls\u0022:0,\u0022PlayerDirectRaycastElapsedTicks\u0022:0,\u0022PlayerDirectDamageCalls\u0022:0,\u0022PlayerDirectDamageElapsedTi"}
10-04 19:28:22.720  3817  3881 I godot   : QUEST_COMBAT_CHUNK: {"kind":"SPIKE","runId":"20261004-182729-1d1caa","recordId":170,"index":1,"count":3,"data":"cks\u0022:0,\u0022PlayerWeaponVisualCalls\u0022:0,\u0022PlayerWeaponVisualElapsedTicks\u0022:0,\u0022WeaponLaunches\u0022:0,\u0022EnemyWeaponLaunches\u0022:0,\u0022MissileLaunches\u0022:0,\u0022Impacts\u0022:0,\u0022ActiveMissiles\u0022:24,\u0022ActiveLasers\u0022:0,\u0022PlayerWorldRaycastElapsedTicks\u0022:0,\u0022PlayerMechRaycastElapsedTicks\u0022:0,\u0022WeaponEffectPoolBuilds\u0022:0,\u0022WeaponEffectPoolFallbacks\u0022:0,\u0022EnemyAiMilliseconds\u0022:19.638022,\u0022EnemyAiElapsedMs\u0022:19.638022,\u0022LineOfSightMilliseconds\u0022:0,\u0022LineOfSightElapsedMs\u0022:0,\u0022MissilePoolCreationMilliseconds\u0022:0,\u0022MissilePoolCreationElapsedMs\u0022:0,\u0022PlayerDirectRaycastMilliseconds\u0022:0,\u0022PlayerWorldRaycastMilliseconds\u0022:0,"}
10-04 19:28:22.720  3817  3881 I godot   : QUEST_COMBAT_CHUNK: {"kind":"SPIKE","runId":"20261004-182729-1d1caa","recordId":170,"index":2,"count":3,"data":"\u0022PlayerMechRaycastMilliseconds\u0022:0,\u0022PlayerDirectDamageMilliseconds\u0022:0,\u0022PlayerWeaponVisualMilliseconds\u0022:0},\u0022HeadTranslation\u0022:0.0011181211,\u0022HeadAngle\u0022:0.17693871}}"}
10-04 19:28:22.720  3817  3881 I godot   : QUEST_COMBAT_CHUNK: {"kind":"SPIKE","runId":"20261004-182729-1d1caa","recordId":171,"index":0,"count":3,"data":"{\u0022runId\u0022:\u002220261004-182729-1d1caa\u0022,\u0022trial\u0022:2,\u0022frame\u0022:{\u0022Seconds\u0022:11.5204926,\u0022Ms\u0022:25.89760000000041,\u0022GpuMs\u0022:14.784000396728516,\u0022CpuMs\u0022:0.4690000116825104,\u0022ProcessMs\u0022:15.370999999999999,\u0022PhysicsMs\u0022:4.497,\u0022AllocatedBytes\u0022:4147400,\u0022Gc0\u0022:1,\u0022Gc1\u0022:0,\u0022Gc2\u0022:0,\u0022Combat\u0022:{\u0022EnemyAiTicks\u0022:4,\u0022EnemyAiElapsedTicks\u0022:224791,\u0022LineOfSightCalls\u0022:0,\u0022LineOfSightElapsedTicks\u0022:0,\u0022MissilePoolsCreated\u0022:0,\u0022MissilePoolCreationElapsedTicks\u0022:0,\u0022PlayerDirectRaycastCalls\u0022:0,\u0022PlayerDirectRaycastElapsedTicks\u0022:0,\u0022PlayerDirectDamageCalls\u0022:0,\u0022PlayerDirectDam"}
10-04 19:28:22.720  3817  3881 I godot   : QUEST_COMBAT_CHUNK: {"kind":"SPIKE","runId":"20261004-182729-1d1caa","recordId":171,"index":1,"count":3,"data":"ageElapsedTicks\u0022:0,\u0022PlayerWeaponVisualCalls\u0022:0,\u0022PlayerWeaponVisualElapsedTicks\u0022:0,\u0022WeaponLaunches\u0022:0,\u0022EnemyWeaponLaunches\u0022:0,\u0022MissileLaunches\u0022:0,\u0022Impacts\u0022:0,\u0022ActiveMissiles\u0022:47,\u0022ActiveLasers\u0022:0,\u0022PlayerWorldRaycastElapsedTicks\u0022:0,\u0022PlayerMechRaycastElapsedTicks\u0022:0,\u0022WeaponEffectPoolBuilds\u0022:0,\u0022WeaponEffectPoolFallbacks\u0022:0,\u0022EnemyAiMilliseconds\u0022:0.224791,\u0022EnemyAiElapsedMs\u0022:0.224791,\u0022LineOfSightMilliseconds\u0022:0,\u0022LineOfSightElapsedMs\u0022:0,\u0022MissilePoolCreationMilliseconds\u0022:0,\u0022MissilePoolCreationElapsedMs\u0022:0,\u0022PlayerDirectRaycastMilliseconds\u0022:0,\u0022PlayerWorldRaycastMilliseconds"}
10-04 19:28:22.720  3817  3881 I godot   : QUEST_COMBAT_CHUNK: {"kind":"SPIKE","runId":"20261004-182729-1d1caa","recordId":171,"index":2,"count":3,"data":"\u0022:0,\u0022PlayerMechRaycastMilliseconds\u0022:0,\u0022PlayerDirectDamageMilliseconds\u0022:0,\u0022PlayerWeaponVisualMilliseconds\u0022:0},\u0022HeadTranslation\u0022:0.00089494494,\u0022HeadAngle\u0022:0.25640866}}"}
10-04 19:28:22.721  3817  3881 I godot   : QUEST_COMBAT_CHUNK: {"kind":"SPIKE","runId":"20261004-182729-1d1caa","recordId":172,"index":0,"count":3,"data":"{\u0022runId\u0022:\u002220261004-182729-1d1caa\u0022,\u0022trial\u0022:2,\u0022frame\u0022:{\u0022Seconds\u0022:13.7524965,\u0022Ms\u0022:33.18529999999953,\u0022GpuMs\u0022:14.460000038146973,\u0022CpuMs\u0022:0.5099999904632568,\u0022ProcessMs\u0022:15.540999999999999,\u0022PhysicsMs\u0022:3.995,\u0022AllocatedBytes\u0022:4147056,\u0022Gc0\u0022:1,\u0022Gc1\u0022:0,\u0022Gc2\u0022:0,\u0022Combat\u0022:{\u0022EnemyAiTicks\u0022:4,\u0022EnemyAiElapsedTicks\u0022:15760522,\u0022LineOfSightCalls\u0022:0,\u0022LineOfSightElapsedTicks\u0022:0,\u0022MissilePoolsCreated\u0022:0,\u0022MissilePoolCreationElapsedTicks\u0022:0,\u0022PlayerDirectRaycastCalls\u0022:0,\u0022PlayerDirectRaycastElapsedTicks\u0022:0,\u0022PlayerDirectDamageCalls\u0022:0,\u0022PlayerDirectD"}
10-04 19:28:22.721  3817  3881 I godot   : QUEST_COMBAT_CHUNK: {"kind":"SPIKE","runId":"20261004-182729-1d1caa","recordId":172,"index":1,"count":3,"data":"amageElapsedTicks\u0022:0,\u0022PlayerWeaponVisualCalls\u0022:0,\u0022PlayerWeaponVisualElapsedTicks\u0022:0,\u0022WeaponLaunches\u0022:0,\u0022EnemyWeaponLaunches\u0022:0,\u0022MissileLaunches\u0022:0,\u0022Impacts\u0022:1,\u0022ActiveMissiles\u0022:26,\u0022ActiveLasers\u0022:0,\u0022PlayerWorldRaycastElapsedTicks\u0022:0,\u0022PlayerMechRaycastElapsedTicks\u0022:0,\u0022WeaponEffectPoolBuilds\u0022:0,\u0022WeaponEffectPoolFallbacks\u0022:0,\u0022EnemyAiMilliseconds\u0022:15.760522,\u0022EnemyAiElapsedMs\u0022:15.760522,\u0022LineOfSightMilliseconds\u0022:0,\u0022LineOfSightElapsedMs\u0022:0,\u0022MissilePoolCreationMilliseconds\u0022:0,\u0022MissilePoolCreationElapsedMs\u0022:0,\u0022PlayerDirectRaycastMilliseconds\u0022:0,\u0022PlayerWorldRaycastMillisec"}
10-04 19:28:22.721  3817  3881 I godot   : QUEST_COMBAT_CHUNK: {"kind":"SPIKE","runId":"20261004-182729-1d1caa","recordId":172,"index":2,"count":3,"data":"onds\u0022:0,\u0022PlayerMechRaycastMilliseconds\u0022:0,\u0022PlayerDirectDamageMilliseconds\u0022:0,\u0022PlayerWeaponVisualMilliseconds\u0022:0},\u0022HeadTranslation\u0022:0.0014440258,\u0022HeadAngle\u0022:0.4957456}}"}
10-04 19:28:22.721  3817  3881 I godot   : QUEST_COMBAT_CHUNK: {"kind":"SPIKE","runId":"20261004-182729-1d1caa","recordId":173,"index":0,"count":3,"data":"{\u0022runId\u0022:\u002220261004-182729-1d1caa\u0022,\u0022trial\u0022:2,\u0022frame\u0022:{\u0022Seconds\u0022:14.5644875,\u0022Ms\u0022:21.494600000000474,\u0022GpuMs\u0022:20.80699920654297,\u0022CpuMs\u0022:0.5389999747276306,\u0022ProcessMs\u0022:15.741000000000001,\u0022PhysicsMs\u0022:18.099,\u0022AllocatedBytes\u0022:0,\u0022Gc0\u0022:0,\u0022Gc1\u0022:0,\u0022Gc2\u0022:0,\u0022Combat\u0022:{\u0022EnemyAiTicks\u0022:4,\u0022EnemyAiElapsedTicks\u0022:312137,\u0022LineOfSightCalls\u0022:0,\u0022LineOfSightElapsedTicks\u0022:0,\u0022MissilePoolsCreated\u0022:0,\u0022MissilePoolCreationElapsedTicks\u0022:0,\u0022PlayerDirectRaycastCalls\u0022:0,\u0022PlayerDirectRaycastElapsedTicks\u0022:0,\u0022PlayerDirectDamageCalls\u0022:0,\u0022PlayerDirectDamageEl"}
10-04 19:28:22.721  3817  3881 I godot   : QUEST_COMBAT_CHUNK: {"kind":"SPIKE","runId":"20261004-182729-1d1caa","recordId":173,"index":1,"count":3,"data":"apsedTicks\u0022:0,\u0022PlayerWeaponVisualCalls\u0022:0,\u0022PlayerWeaponVisualElapsedTicks\u0022:0,\u0022WeaponLaunches\u0022:0,\u0022EnemyWeaponLaunches\u0022:0,\u0022MissileLaunches\u0022:0,\u0022Impacts\u0022:0,\u0022ActiveMissiles\u0022:28,\u0022ActiveLasers\u0022:3,\u0022PlayerWorldRaycastElapsedTicks\u0022:0,\u0022PlayerMechRaycastElapsedTicks\u0022:0,\u0022WeaponEffectPoolBuilds\u0022:0,\u0022WeaponEffectPoolFallbacks\u0022:0,\u0022EnemyAiMilliseconds\u0022:0.312137,\u0022EnemyAiElapsedMs\u0022:0.312137,\u0022LineOfSightMilliseconds\u0022:0,\u0022LineOfSightElapsedMs\u0022:0,\u0022MissilePoolCreationMilliseconds\u0022:0,\u0022MissilePoolCreationElapsedMs\u0022:0,\u0022PlayerDirectRaycastMilliseconds\u0022:0,\u0022PlayerWorldRaycastMilliseconds"}
10-04 19:28:22.721  3817  3881 I godot   : QUEST_COMBAT_CHUNK: {"kind":"SPIKE","runId":"20261004-182729-1d1caa","recordId":173,"index":2,"count":3,"data":"\u0022:0,\u0022PlayerMechRaycastMilliseconds\u0022:0,\u0022PlayerDirectDamageMilliseconds\u0022:0,\u0022PlayerWeaponVisualMilliseconds\u0022:0},\u0022HeadTranslation\u0022:0.0016906165,\u0022HeadAngle\u0022:0.6205508}}"}
10-04 19:28:22.721  3817  3881 I godot   : QUEST_COMBAT_CHUNK: {"kind":"SPIKE","runId":"20261004-182729-1d1caa","recordId":174,"index":0,"count":3,"data":"{\u0022runId\u0022:\u002220261004-182729-1d1caa\u0022,\u0022trial\u0022:2,\u0022frame\u0022:{\u0022Seconds\u0022:14.5847548,\u0022Ms\u0022:20.267300000000432,\u0022GpuMs\u0022:19.631999969482422,\u0022CpuMs\u0022:0.4729999899864197,\u0022ProcessMs\u0022:15.741000000000001,\u0022PhysicsMs\u0022:18.099,\u0022AllocatedBytes\u0022:0,\u0022Gc0\u0022:0,\u0022Gc1\u0022:0,\u0022Gc2\u0022:0,\u0022Combat\u0022:{\u0022EnemyAiTicks\u0022:4,\u0022EnemyAiElapsedTicks\u0022:323178,\u0022LineOfSightCalls\u0022:0,\u0022LineOfSightElapsedTicks\u0022:0,\u0022MissilePoolsCreated\u0022:0,\u0022MissilePoolCreationElapsedTicks\u0022:0,\u0022PlayerDirectRaycastCalls\u0022:0,\u0022PlayerDirectRaycastElapsedTicks\u0022:0,\u0022PlayerDirectDamageCalls\u0022:0,\u0022PlayerDirectDamageE"}
10-04 19:28:22.721  3817  3881 I godot   : QUEST_COMBAT_CHUNK: {"kind":"SPIKE","runId":"20261004-182729-1d1caa","recordId":174,"index":1,"count":3,"data":"lapsedTicks\u0022:0,\u0022PlayerWeaponVisualCalls\u0022:0,\u0022PlayerWeaponVisualElapsedTicks\u0022:0,\u0022WeaponLaunches\u0022:0,\u0022EnemyWeaponLaunches\u0022:0,\u0022MissileLaunches\u0022:0,\u0022Impacts\u0022:0,\u0022ActiveMissiles\u0022:28,\u0022ActiveLasers\u0022:3,\u0022PlayerWorldRaycastElapsedTicks\u0022:0,\u0022PlayerMechRaycastElapsedTicks\u0022:0,\u0022WeaponEffectPoolBuilds\u0022:0,\u0022WeaponEffectPoolFallbacks\u0022:0,\u0022EnemyAiMilliseconds\u0022:0.323178,\u0022EnemyAiElapsedMs\u0022:0.323178,\u0022LineOfSightMilliseconds\u0022:0,\u0022LineOfSightElapsedMs\u0022:0,\u0022MissilePoolCreationMilliseconds\u0022:0,\u0022MissilePoolCreationElapsedMs\u0022:0,\u0022PlayerDirectRaycastMilliseconds\u0022:0,\u0022PlayerWorldRaycastMilliseconds"}
10-04 19:28:22.721  3817  3881 I godot   : QUEST_COMBAT_CHUNK: {"kind":"SPIKE","runId":"20261004-182729-1d1caa","recordId":174,"index":2,"count":3,"data":"\u0022:0,\u0022PlayerMechRaycastMilliseconds\u0022:0,\u0022PlayerDirectDamageMilliseconds\u0022:0,\u0022PlayerWeaponVisualMilliseconds\u0022:0},\u0022HeadTranslation\u0022:0.0016773355,\u0022HeadAngle\u0022:0.6103771}}"}
10-04 19:28:22.722  3817  3881 I godot   : QUEST_COMBAT_CHUNK: {"kind":"SPIKE","runId":"20261004-182729-1d1caa","recordId":175,"index":0,"count":3,"data":"{\u0022runId\u0022:\u002220261004-182729-1d1caa\u0022,\u0022trial\u0022:2,\u0022frame\u0022:{\u0022Seconds\u0022:14.6064339,\u0022Ms\u0022:21.679100000000062,\u0022GpuMs\u0022:21.60099983215332,\u0022CpuMs\u0022:0.46299999952316284,\u0022ProcessMs\u0022:15.741000000000001,\u0022PhysicsMs\u0022:18.099,\u0022AllocatedBytes\u0022:0,\u0022Gc0\u0022:0,\u0022Gc1\u0022:0,\u0022Gc2\u0022:0,\u0022Combat\u0022:{\u0022EnemyAiTicks\u0022:4,\u0022EnemyAiElapsedTicks\u0022:293854,\u0022LineOfSightCalls\u0022:0,\u0022LineOfSightElapsedTicks\u0022:0,\u0022MissilePoolsCreated\u0022:0,\u0022MissilePoolCreationElapsedTicks\u0022:0,\u0022PlayerDirectRaycastCalls\u0022:0,\u0022PlayerDirectRaycastElapsedTicks\u0022:0,\u0022PlayerDirectDamageCalls\u0022:0,\u0022PlayerDirectDamageE"}
10-04 19:28:22.722  3817  3881 I godot   : QUEST_COMBAT_CHUNK: {"kind":"SPIKE","runId":"20261004-182729-1d1caa","recordId":175,"index":1,"count":3,"data":"lapsedTicks\u0022:0,\u0022PlayerWeaponVisualCalls\u0022:0,\u0022PlayerWeaponVisualElapsedTicks\u0022:0,\u0022WeaponLaunches\u0022:0,\u0022EnemyWeaponLaunches\u0022:0,\u0022MissileLaunches\u0022:0,\u0022Impacts\u0022:0,\u0022ActiveMissiles\u0022:27,\u0022ActiveLasers\u0022:3,\u0022PlayerWorldRaycastElapsedTicks\u0022:0,\u0022PlayerMechRaycastElapsedTicks\u0022:0,\u0022WeaponEffectPoolBuilds\u0022:0,\u0022WeaponEffectPoolFallbacks\u0022:0,\u0022EnemyAiMilliseconds\u0022:0.293854,\u0022EnemyAiElapsedMs\u0022:0.293854,\u0022LineOfSightMilliseconds\u0022:0,\u0022LineOfSightElapsedMs\u0022:0,\u0022MissilePoolCreationMilliseconds\u0022:0,\u0022MissilePoolCreationElapsedMs\u0022:0,\u0022PlayerDirectRaycastMilliseconds\u0022:0,\u0022PlayerWorldRaycastMilliseconds"}
10-04 19:28:22.722  3817  3881 I godot   : QUEST_COMBAT_CHUNK: {"kind":"SPIKE","runId":"20261004-182729-1d1caa","recordId":175,"index":2,"count":3,"data":"\u0022:0,\u0022PlayerMechRaycastMilliseconds\u0022:0,\u0022PlayerDirectDamageMilliseconds\u0022:0,\u0022PlayerWeaponVisualMilliseconds\u0022:0},\u0022HeadTranslation\u0022:0.0016764788,\u0022HeadAngle\u0022:0.5947903}}"}
10-04 19:28:22.722  3817  3881 I godot   : QUEST_COMBAT_CHUNK: {"kind":"SPIKE","runId":"20261004-182729-1d1caa","recordId":176,"index":0,"count":3,"data":"{\u0022runId\u0022:\u002220261004-182729-1d1caa\u0022,\u0022trial\u0022:2,\u0022frame\u0022:{\u0022Seconds\u0022:14.6289994,\u0022Ms\u0022:22.565499999998906,\u0022GpuMs\u0022:18.881000518798828,\u0022CpuMs\u0022:0.5509999990463257,\u0022ProcessMs\u0022:15.741000000000001,\u0022PhysicsMs\u0022:18.099,\u0022AllocatedBytes\u0022:0,\u0022Gc0\u0022:0,\u0022Gc1\u0022:0,\u0022Gc2\u0022:0,\u0022Combat\u0022:{\u0022EnemyAiTicks\u0022:8,\u0022EnemyAiElapsedTicks\u0022:840522,\u0022LineOfSightCalls\u0022:1,\u0022LineOfSightElapsedTicks\u0022:242812,\u0022MissilePoolsCreated\u0022:0,\u0022MissilePoolCreationElapsedTicks\u0022:0,\u0022PlayerDirectRaycastCalls\u0022:0,\u0022PlayerDirectRaycastElapsedTicks\u0022:0,\u0022PlayerDirectDamageCalls\u0022:0,\u0022PlayerDirectDa"}
10-04 19:28:22.722  3817  3881 I godot   : QUEST_COMBAT_CHUNK: {"kind":"SPIKE","runId":"20261004-182729-1d1caa","recordId":176,"index":1,"count":3,"data":"mageElapsedTicks\u0022:0,\u0022PlayerWeaponVisualCalls\u0022:0,\u0022PlayerWeaponVisualElapsedTicks\u0022:0,\u0022WeaponLaunches\u0022:0,\u0022EnemyWeaponLaunches\u0022:0,\u0022MissileLaunches\u0022:0,\u0022Impacts\u0022:0,\u0022ActiveMissiles\u0022:26,\u0022ActiveLasers\u0022:3,\u0022PlayerWorldRaycastElapsedTicks\u0022:0,\u0022PlayerMechRaycastElapsedTicks\u0022:0,\u0022WeaponEffectPoolBuilds\u0022:0,\u0022WeaponEffectPoolFallbacks\u0022:0,\u0022EnemyAiMilliseconds\u0022:0.840522,\u0022EnemyAiElapsedMs\u0022:0.840522,\u0022LineOfSightMilliseconds\u0022:0.242812,\u0022LineOfSightElapsedMs\u0022:0.242812,\u0022MissilePoolCreationMilliseconds\u0022:0,\u0022MissilePoolCreationElapsedMs\u0022:0,\u0022PlayerDirectRaycastMilliseconds\u0022:0,\u0022PlayerWorldRayc"}
10-04 19:28:22.722  3817  3881 I godot   : QUEST_COMBAT_CHUNK: {"kind":"SPIKE","runId":"20261004-182729-1d1caa","recordId":176,"index":2,"count":3,"data":"astMilliseconds\u0022:0,\u0022PlayerMechRaycastMilliseconds\u0022:0,\u0022PlayerDirectDamageMilliseconds\u0022:0,\u0022PlayerWeaponVisualMilliseconds\u0022:0},\u0022HeadTranslation\u0022:0.001672128,\u0022HeadAngle\u0022:0.5947903}}"}
10-04 19:28:22.722  3817  3881 I godot   : QUEST_COMBAT_CHUNK: {"kind":"SPIKE","runId":"20261004-182729-1d1caa","recordId":177,"index":0,"count":3,"data":"{\u0022runId\u0022:\u002220261004-182729-1d1caa\u0022,\u0022trial\u0022:2,\u0022frame\u0022:{\u0022Seconds\u0022:14.8383811,\u0022Ms\u0022:21.010399999999763,\u0022GpuMs\u0022:17.334999084472656,\u0022CpuMs\u0022:0.44200000166893005,\u0022ProcessMs\u0022:15.741000000000001,\u0022PhysicsMs\u0022:18.099,\u0022AllocatedBytes\u0022:0,\u0022Gc0\u0022:0,\u0022Gc1\u0022:0,\u0022Gc2\u0022:0,\u0022Combat\u0022:{\u0022EnemyAiTicks\u0022:8,\u0022EnemyAiElapsedTicks\u0022:948072,\u0022LineOfSightCalls\u0022:0,\u0022LineOfSightElapsedTicks\u0022:0,\u0022MissilePoolsCreated\u0022:0,\u0022MissilePoolCreationElapsedTicks\u0022:0,\u0022PlayerDirectRaycastCalls\u0022:0,\u0022PlayerDirectRaycastElapsedTicks\u0022:0,\u0022PlayerDirectDamageCalls\u0022:0,\u0022PlayerDirectDamage"}
10-04 19:28:22.723  3817  3881 I godot   : QUEST_COMBAT_CHUNK: {"kind":"SPIKE","runId":"20261004-182729-1d1caa","recordId":177,"index":1,"count":3,"data":"ElapsedTicks\u0022:0,\u0022PlayerWeaponVisualCalls\u0022:0,\u0022PlayerWeaponVisualElapsedTicks\u0022:0,\u0022WeaponLaunches\u0022:0,\u0022EnemyWeaponLaunches\u0022:0,\u0022MissileLaunches\u0022:0,\u0022Impacts\u0022:0,\u0022ActiveMissiles\u0022:19,\u0022ActiveLasers\u0022:3,\u0022PlayerWorldRaycastElapsedTicks\u0022:0,\u0022PlayerMechRaycastElapsedTicks\u0022:0,\u0022WeaponEffectPoolBuilds\u0022:0,\u0022WeaponEffectPoolFallbacks\u0022:0,\u0022EnemyAiMilliseconds\u0022:0.948072,\u0022EnemyAiElapsedMs\u0022:0.948072,\u0022LineOfSightMilliseconds\u0022:0,\u0022LineOfSightElapsedMs\u0022:0,\u0022MissilePoolCreationMilliseconds\u0022:0,\u0022MissilePoolCreationElapsedMs\u0022:0,\u0022PlayerDirectRaycastMilliseconds\u0022:0,\u0022PlayerWorldRaycastMilliseconds"}
10-04 19:28:22.723  3817  3881 I godot   : QUEST_COMBAT_CHUNK: {"kind":"SPIKE","runId":"20261004-182729-1d1caa","recordId":177,"index":2,"count":3,"data":"\u0022:0,\u0022PlayerMechRaycastMilliseconds\u0022:0,\u0022PlayerDirectDamageMilliseconds\u0022:0,\u0022PlayerWeaponVisualMilliseconds\u0022:0},\u0022HeadTranslation\u0022:0.0015005054,\u0022HeadAngle\u0022:0.55953133}}"}
10-04 19:28:22.724  3817  3881 I godot   : QUEST_COMBAT_SECOND: {"runId":"20261004-182729-1d1caa","trial":2,"second":0,"meanMs":16.19525573770492,"maxMs":70.87169999999999,"gpuMs":14.650278622986841,"weaponShots":1,"missileLaunches":0,"impacts":1,"activeMissiles":0,"activeLasers":3}
10-04 19:28:22.724  3817  3881 I godot   : QUEST_COMBAT_SECOND: {"runId":"20261004-182729-1d1caa","trial":2,"second":1,"meanMs":14.857441176470592,"maxMs":29.251999999999832,"gpuMs":14.363426488988539,"weaponShots":1,"missileLaunches":0,"impacts":0,"activeMissiles":0,"activeLasers":6}
10-04 19:28:22.724  3817  3881 I godot   : QUEST_COMBAT_SECOND: {"runId":"20261004-182729-1d1caa","trial":2,"second":2,"meanMs":16.043972580645164,"maxMs":26.041000000000203,"gpuMs":15.630112894119755,"weaponShots":2,"missileLaunches":4,"impacts":2,"activeMissiles":4,"activeLasers":3}
10-04 19:28:22.725  3817  3881 I godot   : QUEST_COMBAT_SECOND: {"runId":"20261004-182729-1d1caa","trial":2,"second":3,"meanMs":15.796336507936505,"maxMs":19.90829999999999,"gpuMs":15.444396866692436,"weaponShots":0,"missileLaunches":0,"impacts":0,"activeMissiles":4,"activeLasers":3}
10-04 19:28:22.725  3817  3881 I godot   : QUEST_COMBAT_SECOND: {"runId":"20261004-182729-1d1caa","trial":2,"second":4,"meanMs":14.947594029850753,"maxMs":19.108300000000078,"gpuMs":14.54302987055992,"weaponShots":1,"missileLaunches":0,"impacts":4,"activeMissiles":4,"activeLasers":3}
10-04 19:28:22.725  3817  3881 I godot   : QUEST_COMBAT_SECOND: {"runId":"20261004-182729-1d1caa","trial":2,"second":5,"meanMs":16.57686,"maxMs":21.23070000000027,"gpuMs":16.14778331120809,"weaponShots":1,"missileLaunches":0,"impacts":1,"activeMissiles":3,"activeLasers":6}
10-04 19:28:22.726  3817  3881 I godot   : QUEST_COMBAT_SECOND: {"runId":"20261004-182729-1d1caa","trial":2,"second":6,"meanMs":15.613404615384622,"maxMs":22.791400000000017,"gpuMs":15.1137845993042,"weaponShots":2,"missileLaunches":4,"impacts":1,"activeMissiles":5,"activeLasers":3}
10-04 19:28:22.726  3817  3881 I godot   : QUEST_COMBAT_SECOND: {"runId":"20261004-182729-1d1caa","trial":2,"second":7,"meanMs":14.535999999999996,"maxMs":17.984499999999848,"gpuMs":14.148764694438261,"weaponShots":0,"missileLaunches":0,"impacts":0,"activeMissiles":4,"activeLasers":3}
10-04 19:28:22.727  3817  3881 I godot   : QUEST_COMBAT_SECOND: {"runId":"20261004-182729-1d1caa","trial":2,"second":8,"meanMs":15.132837878787875,"maxMs":20.263099999999312,"gpuMs":14.707090970241662,"weaponShots":1,"missileLaunches":14,"impacts":1,"activeMissiles":18,"activeLasers":0}
10-04 19:28:22.727  3817  3881 I godot   : QUEST_COMBAT_SECOND: {"runId":"20261004-182729-1d1caa","trial":2,"second":9,"meanMs":15.069104477611935,"maxMs":36.82079999999921,"gpuMs":14.55146270011788,"weaponShots":1,"missileLaunches":6,"impacts":1,"activeMissiles":24,"activeLasers":3}
10-04 19:28:22.727  3817  3881 I godot   : QUEST_COMBAT_SECOND: {"runId":"20261004-182729-1d1caa","trial":2,"second":10,"meanMs":15.022092424242441,"maxMs":18.723099999998993,"gpuMs":14.583484823053533,"weaponShots":2,"missileLaunches":18,"impacts":0,"activeMissiles":41,"activeLasers":0}
10-04 19:28:22.728  3817  3881 I godot   : QUEST_COMBAT_SECOND: {"runId":"20261004-182729-1d1caa","trial":2,"second":11,"meanMs":15.685571874999997,"maxMs":25.89760000000041,"gpuMs":14.909359395503998,"weaponShots":0,"missileLaunches":6,"impacts":21,"activeMissiles":47,"activeLasers":0}
10-04 19:28:22.728  3817  3881 I godot   : QUEST_COMBAT_SECOND: {"runId":"20261004-182729-1d1caa","trial":2,"second":12,"meanMs":15.274942424242399,"maxMs":19.26950000000005,"gpuMs":14.681560631954309,"weaponShots":1,"missileLaunches":0,"impacts":2,"activeMissiles":47,"activeLasers":3}
10-04 19:28:22.729  3817  3881 I godot   : QUEST_COMBAT_SECOND: {"runId":"20261004-182729-1d1caa","trial":2,"second":13,"meanMs":15.279596923076936,"maxMs":33.18529999999953,"gpuMs":14.572492335392878,"weaponShots":1,"missileLaunches":0,"impacts":23,"activeMissiles":33,"activeLasers":3}
10-04 19:28:22.729  3817  3881 I godot   : QUEST_COMBAT_SECOND: {"runId":"20261004-182729-1d1caa","trial":2,"second":14,"meanMs":16.74038000000001,"maxMs":22.565499999998906,"gpuMs":16.13040000597636,"weaponShots":2,"missileLaunches":4,"impacts":1,"activeMissiles":29,"activeLasers":3}
10-04 19:28:22.729  3817  3881 I godot   : QUEST_COMBAT_SECOND: {"runId":"20261004-182729-1d1caa","trial":2,"second":15,"meanMs":17.13619999999949,"maxMs":17.13619999999949,"gpuMs":16.73200035095215,"weaponShots":0,"missileLaunches":0,"impacts":0,"activeMissiles":13,"activeLasers":3}
10-04 19:28:22.729  3817  3881 I godot   : QUEST_COMBAT_EVENTS: {"runId":"20261004-182729-1d1caa","trial":2,"firstVolleySeconds":0.5198925}
10-04 19:28:22.730  3817  3881 I godot   : QUEST_COMBAT_CHUNK: {"kind":"EVENT","runId":"20261004-182729-1d1caa","recordId":195,"index":0,"count":2,"data":"{\u0022runId\u0022:\u002220261004-182729-1d1caa\u0022,\u0022trial\u0022:2,\u0022Seconds\u0022:0.5198925,\u0022Ms\u0022:14.736799999999995,\u0022Combat\u0022:{\u0022EnemyAiTicks\u0022:4,\u0022EnemyAiElapsedTicks\u0022:284480,\u0022LineOfSightCalls\u0022:0,\u0022LineOfSightElapsedTicks\u0022:0,\u0022MissilePoolsCreated\u0022:0,\u0022MissilePoolCreationElapsedTicks\u0022:0,\u0022PlayerDirectRaycastCalls\u0022:1,\u0022PlayerDirectRaycastElapsedTicks\u0022:1374948,\u0022PlayerDirectDamageCalls\u0022:1,\u0022PlayerDirectDamageElapsedTicks\u0022:89739,\u0022PlayerWeaponVisualCalls\u0022:1,\u0022PlayerWeaponVisualElapsedTicks\u0022:145781,\u0022WeaponLaunches\u0022:1,\u0022EnemyWeaponLaunches\u0022:0,\u0022MissileLaunches\u0022:0,\u0022Impacts\u0022:1,\u0022ActiveMi"}
10-04 19:28:22.730  3817  3881 I godot   : QUEST_COMBAT_CHUNK: {"kind":"EVENT","runId":"20261004-182729-1d1caa","recordId":195,"index":1,"count":2,"data":"ssiles\u0022:0,\u0022ActiveLasers\u0022:3,\u0022PlayerWorldRaycastElapsedTicks\u0022:794896,\u0022PlayerMechRaycastElapsedTicks\u0022:574063,\u0022WeaponEffectPoolBuilds\u0022:0,\u0022WeaponEffectPoolFallbacks\u0022:0,\u0022EnemyAiMilliseconds\u0022:0.28448,\u0022EnemyAiElapsedMs\u0022:0.28448,\u0022LineOfSightMilliseconds\u0022:0,\u0022LineOfSightElapsedMs\u0022:0,\u0022MissilePoolCreationMilliseconds\u0022:0,\u0022MissilePoolCreationElapsedMs\u0022:0,\u0022PlayerDirectRaycastMilliseconds\u0022:1.374948,\u0022PlayerWorldRaycastMilliseconds\u0022:0.794896,\u0022PlayerMechRaycastMilliseconds\u0022:0.574063,\u0022PlayerDirectDamageMilliseconds\u0022:0.089739,\u0022PlayerWeaponVisualMilliseconds\u0022:0.145781}}"}
10-04 19:28:22.730  3817  3881 I godot   : QUEST_COMBAT_CHUNK: {"kind":"EVENT","runId":"20261004-182729-1d1caa","recordId":196,"index":0,"count":2,"data":"{\u0022runId\u0022:\u002220261004-182729-1d1caa\u0022,\u0022trial\u0022:2,\u0022Seconds\u0022:1.0776969,\u0022Ms\u0022:14.776300000000075,\u0022Combat\u0022:{\u0022EnemyAiTicks\u0022:4,\u0022EnemyAiElapsedTicks\u0022:1015209,\u0022LineOfSightCalls\u0022:1,\u0022LineOfSightElapsedTicks\u0022:211927,\u0022MissilePoolsCreated\u0022:0,\u0022MissilePoolCreationElapsedTicks\u0022:0,\u0022PlayerDirectRaycastCalls\u0022:0,\u0022PlayerDirectRaycastElapsedTicks\u0022:0,\u0022PlayerDirectDamageCalls\u0022:0,\u0022PlayerDirectDamageElapsedTicks\u0022:0,\u0022PlayerWeaponVisualCalls\u0022:0,\u0022PlayerWeaponVisualElapsedTicks\u0022:0,\u0022WeaponLaunches\u0022:1,\u0022EnemyWeaponLaunches\u0022:1,\u0022MissileLaunches\u0022:0,\u0022Impacts\u0022:0,\u0022ActiveMissiles"}
10-04 19:28:22.730  3817  3881 I godot   : QUEST_COMBAT_CHUNK: {"kind":"EVENT","runId":"20261004-182729-1d1caa","recordId":196,"index":1,"count":2,"data":"\u0022:0,\u0022ActiveLasers\u0022:6,\u0022PlayerWorldRaycastElapsedTicks\u0022:0,\u0022PlayerMechRaycastElapsedTicks\u0022:0,\u0022WeaponEffectPoolBuilds\u0022:0,\u0022WeaponEffectPoolFallbacks\u0022:0,\u0022EnemyAiMilliseconds\u0022:1.015209,\u0022EnemyAiElapsedMs\u0022:1.015209,\u0022LineOfSightMilliseconds\u0022:0.211927,\u0022LineOfSightElapsedMs\u0022:0.211927,\u0022MissilePoolCreationMilliseconds\u0022:0,\u0022MissilePoolCreationElapsedMs\u0022:0,\u0022PlayerDirectRaycastMilliseconds\u0022:0,\u0022PlayerWorldRaycastMilliseconds\u0022:0,\u0022PlayerMechRaycastMilliseconds\u0022:0,\u0022PlayerDirectDamageMilliseconds\u0022:0,\u0022PlayerWeaponVisualMilliseconds\u0022:0}}"}
10-04 19:28:22.730  3817  3881 I godot   : QUEST_COMBAT_CHUNK: {"kind":"EVENT","runId":"20261004-182729-1d1caa","recordId":197,"index":0,"count":2,"data":"{\u0022runId\u0022:\u002220261004-182729-1d1caa\u0022,\u0022trial\u0022:2,\u0022Seconds\u0022:2.0860951,\u0022Ms\u0022:14.788699999999988,\u0022Combat\u0022:{\u0022EnemyAiTicks\u0022:4,\u0022EnemyAiElapsedTicks\u0022:1550417,\u0022LineOfSightCalls\u0022:1,\u0022LineOfSightElapsedTicks\u0022:226563,\u0022MissilePoolsCreated\u0022:0,\u0022MissilePoolCreationElapsedTicks\u0022:0,\u0022PlayerDirectRaycastCalls\u0022:0,\u0022PlayerDirectRaycastElapsedTicks\u0022:0,\u0022PlayerDirectDamageCalls\u0022:0,\u0022PlayerDirectDamageElapsedTicks\u0022:0,\u0022PlayerWeaponVisualCalls\u0022:0,\u0022PlayerWeaponVisualElapsedTicks\u0022:0,\u0022WeaponLaunches\u0022:1,\u0022EnemyWeaponLaunches\u0022:1,\u0022MissileLaunches\u0022:0,\u0022Impacts\u0022:0,\u0022ActiveMissiles"}
10-04 19:28:22.730  3817  3881 I godot   : QUEST_COMBAT_CHUNK: {"kind":"EVENT","runId":"20261004-182729-1d1caa","recordId":197,"index":1,"count":2,"data":"\u0022:0,\u0022ActiveLasers\u0022:0,\u0022PlayerWorldRaycastElapsedTicks\u0022:0,\u0022PlayerMechRaycastElapsedTicks\u0022:0,\u0022WeaponEffectPoolBuilds\u0022:0,\u0022WeaponEffectPoolFallbacks\u0022:0,\u0022EnemyAiMilliseconds\u0022:1.550417,\u0022EnemyAiElapsedMs\u0022:1.550417,\u0022LineOfSightMilliseconds\u0022:0.226563,\u0022LineOfSightElapsedMs\u0022:0.226563,\u0022MissilePoolCreationMilliseconds\u0022:0,\u0022MissilePoolCreationElapsedMs\u0022:0,\u0022PlayerDirectRaycastMilliseconds\u0022:0,\u0022PlayerWorldRaycastMilliseconds\u0022:0,\u0022PlayerMechRaycastMilliseconds\u0022:0,\u0022PlayerDirectDamageMilliseconds\u0022:0,\u0022PlayerWeaponVisualMilliseconds\u0022:0}}"}
10-04 19:28:22.730  3817  3881 I godot   : QUEST_COMBAT_CHUNK: {"kind":"EVENT","runId":"20261004-182729-1d1caa","recordId":198,"index":0,"count":2,"data":"{\u0022runId\u0022:\u002220261004-182729-1d1caa\u0022,\u0022trial\u0022:2,\u0022Seconds\u0022:2.0993648,\u0022Ms\u0022:13.26969999999994,\u0022Combat\u0022:{\u0022EnemyAiTicks\u0022:4,\u0022EnemyAiElapsedTicks\u0022:423542,\u0022LineOfSightCalls\u0022:0,\u0022LineOfSightElapsedTicks\u0022:0,\u0022MissilePoolsCreated\u0022:0,\u0022MissilePoolCreationElapsedTicks\u0022:0,\u0022PlayerDirectRaycastCalls\u0022:0,\u0022PlayerDirectRaycastElapsedTicks\u0022:0,\u0022PlayerDirectDamageCalls\u0022:0,\u0022PlayerDirectDamageElapsedTicks\u0022:0,\u0022PlayerWeaponVisualCalls\u0022:0,\u0022PlayerWeaponVisualElapsedTicks\u0022:0,\u0022WeaponLaunches\u0022:0,\u0022EnemyWeaponLaunches\u0022:0,\u0022MissileLaunches\u0022:1,\u0022Impacts\u0022:0,\u0022ActiveMissiles\u0022:1,"}
10-04 19:28:22.730  3817  3881 I godot   : QUEST_COMBAT_CHUNK: {"kind":"EVENT","runId":"20261004-182729-1d1caa","recordId":198,"index":1,"count":2,"data":"\u0022ActiveLasers\u0022:0,\u0022PlayerWorldRaycastElapsedTicks\u0022:0,\u0022PlayerMechRaycastElapsedTicks\u0022:0,\u0022WeaponEffectPoolBuilds\u0022:0,\u0022WeaponEffectPoolFallbacks\u0022:0,\u0022EnemyAiMilliseconds\u0022:0.423542,\u0022EnemyAiElapsedMs\u0022:0.423542,\u0022LineOfSightMilliseconds\u0022:0,\u0022LineOfSightElapsedMs\u0022:0,\u0022MissilePoolCreationMilliseconds\u0022:0,\u0022MissilePoolCreationElapsedMs\u0022:0,\u0022PlayerDirectRaycastMilliseconds\u0022:0,\u0022PlayerWorldRaycastMilliseconds\u0022:0,\u0022PlayerMechRaycastMilliseconds\u0022:0,\u0022PlayerDirectDamageMilliseconds\u0022:0,\u0022PlayerWeaponVisualMilliseconds\u0022:0}}"}
10-04 19:28:22.731  3817  3881 I godot   : QUEST_COMBAT_CHUNK: {"kind":"EVENT","runId":"20261004-182729-1d1caa","recordId":199,"index":0,"count":2,"data":"{\u0022runId\u0022:\u002220261004-182729-1d1caa\u0022,\u0022trial\u0022:2,\u0022Seconds\u0022:2.128648,\u0022Ms\u0022:14.636300000000269,\u0022Combat\u0022:{\u0022EnemyAiTicks\u0022:4,\u0022EnemyAiElapsedTicks\u0022:335522,\u0022LineOfSightCalls\u0022:0,\u0022LineOfSightElapsedTicks\u0022:0,\u0022MissilePoolsCreated\u0022:0,\u0022MissilePoolCreationElapsedTicks\u0022:0,\u0022PlayerDirectRaycastCalls\u0022:0,\u0022PlayerDirectRaycastElapsedTicks\u0022:0,\u0022PlayerDirectDamageCalls\u0022:0,\u0022PlayerDirectDamageElapsedTicks\u0022:0,\u0022PlayerWeaponVisualCalls\u0022:0,\u0022PlayerWeaponVisualElapsedTicks\u0022:0,\u0022WeaponLaunches\u0022:0,\u0022EnemyWeaponLaunches\u0022:0,\u0022MissileLaunches\u0022:1,\u0022Impacts\u0022:0,\u0022ActiveMissiles\u0022:2,"}
10-04 19:28:22.731  3817  3881 I godot   : QUEST_COMBAT_CHUNK: {"kind":"EVENT","runId":"20261004-182729-1d1caa","recordId":199,"index":1,"count":2,"data":"\u0022ActiveLasers\u0022:0,\u0022PlayerWorldRaycastElapsedTicks\u0022:0,\u0022PlayerMechRaycastElapsedTicks\u0022:0,\u0022WeaponEffectPoolBuilds\u0022:0,\u0022WeaponEffectPoolFallbacks\u0022:0,\u0022EnemyAiMilliseconds\u0022:0.335522,\u0022EnemyAiElapsedMs\u0022:0.335522,\u0022LineOfSightMilliseconds\u0022:0,\u0022LineOfSightElapsedMs\u0022:0,\u0022MissilePoolCreationMilliseconds\u0022:0,\u0022MissilePoolCreationElapsedMs\u0022:0,\u0022PlayerDirectRaycastMilliseconds\u0022:0,\u0022PlayerWorldRaycastMilliseconds\u0022:0,\u0022PlayerMechRaycastMilliseconds\u0022:0,\u0022PlayerDirectDamageMilliseconds\u0022:0,\u0022PlayerWeaponVisualMilliseconds\u0022:0}}"}
10-04 19:28:22.731  3817  3881 I godot   : QUEST_COMBAT_CHUNK: {"kind":"EVENT","runId":"20261004-182729-1d1caa","recordId":200,"index":0,"count":2,"data":"{\u0022runId\u0022:\u002220261004-182729-1d1caa\u0022,\u0022trial\u0022:2,\u0022Seconds\u0022:2.1587786,\u0022Ms\u0022:14.687600000000245,\u0022Combat\u0022:{\u0022EnemyAiTicks\u0022:4,\u0022EnemyAiElapsedTicks\u0022:366355,\u0022LineOfSightCalls\u0022:0,\u0022LineOfSightElapsedTicks\u0022:0,\u0022MissilePoolsCreated\u0022:0,\u0022MissilePoolCreationElapsedTicks\u0022:0,\u0022PlayerDirectRaycastCalls\u0022:0,\u0022PlayerDirectRaycastElapsedTicks\u0022:0,\u0022PlayerDirectDamageCalls\u0022:0,\u0022PlayerDirectDamageElapsedTicks\u0022:0,\u0022PlayerWeaponVisualCalls\u0022:0,\u0022PlayerWeaponVisualElapsedTicks\u0022:0,\u0022WeaponLaunches\u0022:0,\u0022EnemyWeaponLaunches\u0022:0,\u0022MissileLaunches\u0022:1,\u0022Impacts\u0022:0,\u0022ActiveMissiles\u0022:3,"}
10-04 19:28:22.731  3817  3881 I godot   : QUEST_COMBAT_CHUNK: {"kind":"EVENT","runId":"20261004-182729-1d1caa","recordId":200,"index":1,"count":2,"data":"\u0022ActiveLasers\u0022:0,\u0022PlayerWorldRaycastElapsedTicks\u0022:0,\u0022PlayerMechRaycastElapsedTicks\u0022:0,\u0022WeaponEffectPoolBuilds\u0022:0,\u0022WeaponEffectPoolFallbacks\u0022:0,\u0022EnemyAiMilliseconds\u0022:0.366355,\u0022EnemyAiElapsedMs\u0022:0.366355,\u0022LineOfSightMilliseconds\u0022:0,\u0022LineOfSightElapsedMs\u0022:0,\u0022MissilePoolCreationMilliseconds\u0022:0,\u0022MissilePoolCreationElapsedMs\u0022:0,\u0022PlayerDirectRaycastMilliseconds\u0022:0,\u0022PlayerWorldRaycastMilliseconds\u0022:0,\u0022PlayerMechRaycastMilliseconds\u0022:0,\u0022PlayerDirectDamageMilliseconds\u0022:0,\u0022PlayerWeaponVisualMilliseconds\u0022:0}}"}
10-04 19:28:22.731  3817  3881 I godot   : QUEST_COMBAT_CHUNK: {"kind":"EVENT","runId":"20261004-182729-1d1caa","recordId":201,"index":0,"count":2,"data":"{\u0022runId\u0022:\u002220261004-182729-1d1caa\u0022,\u0022trial\u0022:2,\u0022Seconds\u0022:2.2007636,\u0022Ms\u0022:13.498400000000021,\u0022Combat\u0022:{\u0022EnemyAiTicks\u0022:4,\u0022EnemyAiElapsedTicks\u0022:288594,\u0022LineOfSightCalls\u0022:0,\u0022LineOfSightElapsedTicks\u0022:0,\u0022MissilePoolsCreated\u0022:0,\u0022MissilePoolCreationElapsedTicks\u0022:0,\u0022PlayerDirectRaycastCalls\u0022:0,\u0022PlayerDirectRaycastElapsedTicks\u0022:0,\u0022PlayerDirectDamageCalls\u0022:0,\u0022PlayerDirectDamageElapsedTicks\u0022:0,\u0022PlayerWeaponVisualCalls\u0022:0,\u0022PlayerWeaponVisualElapsedTicks\u0022:0,\u0022WeaponLaunches\u0022:0,\u0022EnemyWeaponLaunches\u0022:0,\u0022MissileLaunches\u0022:1,\u0022Impacts\u0022:0,\u0022ActiveMissiles\u0022:4,"}
10-04 19:28:22.731  3817  3881 I godot   : QUEST_COMBAT_CHUNK: {"kind":"EVENT","runId":"20261004-182729-1d1caa","recordId":201,"index":1,"count":2,"data":"\u0022ActiveLasers\u0022:0,\u0022PlayerWorldRaycastElapsedTicks\u0022:0,\u0022PlayerMechRaycastElapsedTicks\u0022:0,\u0022WeaponEffectPoolBuilds\u0022:0,\u0022WeaponEffectPoolFallbacks\u0022:0,\u0022EnemyAiMilliseconds\u0022:0.288594,\u0022EnemyAiElapsedMs\u0022:0.288594,\u0022LineOfSightMilliseconds\u0022:0,\u0022LineOfSightElapsedMs\u0022:0,\u0022MissilePoolCreationMilliseconds\u0022:0,\u0022MissilePoolCreationElapsedMs\u0022:0,\u0022PlayerDirectRaycastMilliseconds\u0022:0,\u0022PlayerWorldRaycastMilliseconds\u0022:0,\u0022PlayerMechRaycastMilliseconds\u0022:0,\u0022PlayerDirectDamageMilliseconds\u0022:0,\u0022PlayerWeaponVisualMilliseconds\u0022:0}}"}
10-04 19:28:22.732  3817  3881 I godot   : QUEST_COMBAT_CHUNK: {"kind":"EVENT","runId":"20261004-182729-1d1caa","recordId":202,"index":0,"count":2,"data":"{\u0022runId\u0022:\u002220261004-182729-1d1caa\u0022,\u0022trial\u0022:2,\u0022Seconds\u0022:2.5183103,\u0022Ms\u0022:14.649799999999935,\u0022Combat\u0022:{\u0022EnemyAiTicks\u0022:4,\u0022EnemyAiElapsedTicks\u0022:448125,\u0022LineOfSightCalls\u0022:0,\u0022LineOfSightElapsedTicks\u0022:0,\u0022MissilePoolsCreated\u0022:0,\u0022MissilePoolCreationElapsedTicks\u0022:0,\u0022PlayerDirectRaycastCalls\u0022:1,\u0022PlayerDirectRaycastElapsedTicks\u0022:1542292,\u0022PlayerDirectDamageCalls\u0022:1,\u0022PlayerDirectDamageElapsedTicks\u0022:107187,\u0022PlayerWeaponVisualCalls\u0022:1,\u0022PlayerWeaponVisualElapsedTicks\u0022:202760,\u0022WeaponLaunches\u0022:1,\u0022EnemyWeaponLaunches\u0022:0,\u0022MissileLaunches\u0022:0,\u0022Impacts\u0022:1,\u0022ActiveM"}
10-04 19:28:22.732  3817  3881 I godot   : QUEST_COMBAT_CHUNK: {"kind":"EVENT","runId":"20261004-182729-1d1caa","recordId":202,"index":1,"count":2,"data":"issiles\u0022:4,\u0022ActiveLasers\u0022:3,\u0022PlayerWorldRaycastElapsedTicks\u0022:995989,\u0022PlayerMechRaycastElapsedTicks\u0022:541354,\u0022WeaponEffectPoolBuilds\u0022:0,\u0022WeaponEffectPoolFallbacks\u0022:0,\u0022EnemyAiMilliseconds\u0022:0.448125,\u0022EnemyAiElapsedMs\u0022:0.448125,\u0022LineOfSightMilliseconds\u0022:0,\u0022LineOfSightElapsedMs\u0022:0,\u0022MissilePoolCreationMilliseconds\u0022:0,\u0022MissilePoolCreationElapsedMs\u0022:0,\u0022PlayerDirectRaycastMilliseconds\u0022:1.542292,\u0022PlayerWorldRaycastMilliseconds\u0022:0.995989,\u0022PlayerMechRaycastMilliseconds\u0022:0.541354,\u0022PlayerDirectDamageMilliseconds\u0022:0.107187,\u0022PlayerWeaponVisualMilliseconds\u0022:0.20276}}"}
10-04 19:28:22.732  3817  3881 I godot   : QUEST_COMBAT_CHUNK: {"kind":"EVENT","runId":"20261004-182729-1d1caa","recordId":203,"index":0,"count":2,"data":"{\u0022runId\u0022:\u002220261004-182729-1d1caa\u0022,\u0022trial\u0022:2,\u0022Seconds\u0022:2.7630985,\u0022Ms\u0022:16.305899999999873,\u0022Combat\u0022:{\u0022EnemyAiTicks\u0022:4,\u0022EnemyAiElapsedTicks\u0022:304895,\u0022LineOfSightCalls\u0022:0,\u0022LineOfSightElapsedTicks\u0022:0,\u0022MissilePoolsCreated\u0022:0,\u0022MissilePoolCreationElapsedTicks\u0022:0,\u0022PlayerDirectRaycastCalls\u0022:0,\u0022PlayerDirectRaycastElapsedTicks\u0022:0,\u0022PlayerDirectDamageCalls\u0022:0,\u0022PlayerDirectDamageElapsedTicks\u0022:0,\u0022PlayerWeaponVisualCalls\u0022:0,\u0022PlayerWeaponVisualElapsedTicks\u0022:0,\u0022WeaponLaunches\u0022:0,\u0022EnemyWeaponLaunches\u0022:0,\u0022MissileLaunches\u0022:0,\u0022Impacts\u0022:1,\u0022ActiveMissiles\u0022:4,"}
10-04 19:28:22.732  3817  3881 I godot   : QUEST_COMBAT_CHUNK: {"kind":"EVENT","runId":"20261004-182729-1d1caa","recordId":203,"index":1,"count":2,"data":"\u0022ActiveLasers\u0022:3,\u0022PlayerWorldRaycastElapsedTicks\u0022:0,\u0022PlayerMechRaycastElapsedTicks\u0022:0,\u0022WeaponEffectPoolBuilds\u0022:0,\u0022WeaponEffectPoolFallbacks\u0022:0,\u0022EnemyAiMilliseconds\u0022:0.304895,\u0022EnemyAiElapsedMs\u0022:0.304895,\u0022LineOfSightMilliseconds\u0022:0,\u0022LineOfSightElapsedMs\u0022:0,\u0022MissilePoolCreationMilliseconds\u0022:0,\u0022MissilePoolCreationElapsedMs\u0022:0,\u0022PlayerDirectRaycastMilliseconds\u0022:0,\u0022PlayerWorldRaycastMilliseconds\u0022:0,\u0022PlayerMechRaycastMilliseconds\u0022:0,\u0022PlayerDirectDamageMilliseconds\u0022:0,\u0022PlayerWeaponVisualMilliseconds\u0022:0}}"}
10-04 19:28:22.732  3817  3881 I godot   : QUEST_COMBAT_CHUNK: {"kind":"EVENT","runId":"20261004-182729-1d1caa","recordId":204,"index":0,"count":2,"data":"{\u0022runId\u0022:\u002220261004-182729-1d1caa\u0022,\u0022trial\u0022:2,\u0022Seconds\u0022:4.5277428,\u0022Ms\u0022:14.45059999999998,\u0022Combat\u0022:{\u0022EnemyAiTicks\u0022:4,\u0022EnemyAiElapsedTicks\u0022:362915,\u0022LineOfSightCalls\u0022:0,\u0022LineOfSightElapsedTicks\u0022:0,\u0022MissilePoolsCreated\u0022:0,\u0022MissilePoolCreationElapsedTicks\u0022:0,\u0022PlayerDirectRaycastCalls\u0022:1,\u0022PlayerDirectRaycastElapsedTicks\u0022:1479063,\u0022PlayerDirectDamageCalls\u0022:1,\u0022PlayerDirectDamageElapsedTicks\u0022:106927,\u0022PlayerWeaponVisualCalls\u0022:1,\u0022PlayerWeaponVisualElapsedTicks\u0022:848334,\u0022WeaponLaunches\u0022:1,\u0022EnemyWeaponLaunches\u0022:0,\u0022MissileLaunches\u0022:0,\u0022Impacts\u0022:1,\u0022ActiveMi"}
10-04 19:28:22.732  3817  3881 I godot   : QUEST_COMBAT_CHUNK: {"kind":"EVENT","runId":"20261004-182729-1d1caa","recordId":204,"index":1,"count":2,"data":"ssiles\u0022:3,\u0022ActiveLasers\u0022:3,\u0022PlayerWorldRaycastElapsedTicks\u0022:836823,\u0022PlayerMechRaycastElapsedTicks\u0022:637083,\u0022WeaponEffectPoolBuilds\u0022:0,\u0022WeaponEffectPoolFallbacks\u0022:0,\u0022EnemyAiMilliseconds\u0022:0.362915,\u0022EnemyAiElapsedMs\u0022:0.362915,\u0022LineOfSightMilliseconds\u0022:0,\u0022LineOfSightElapsedMs\u0022:0,\u0022MissilePoolCreationMilliseconds\u0022:0,\u0022MissilePoolCreationElapsedMs\u0022:0,\u0022PlayerDirectRaycastMilliseconds\u0022:1.479063,\u0022PlayerWorldRaycastMilliseconds\u0022:0.836823,\u0022PlayerMechRaycastMilliseconds\u0022:0.637083,\u0022PlayerDirectDamageMilliseconds\u0022:0.106927,\u0022PlayerWeaponVisualMilliseconds\u0022:0.848334}}"}
10-04 19:28:22.733  3817  3881 I godot   : QUEST_COMBAT_CHUNK: {"kind":"EVENT","runId":"20261004-182729-1d1caa","recordId":205,"index":0,"count":2,"data":"{\u0022runId\u0022:\u002220261004-182729-1d1caa\u0022,\u0022trial\u0022:2,\u0022Seconds\u0022:4.7236324,\u0022Ms\u0022:14.441099999999985,\u0022Combat\u0022:{\u0022EnemyAiTicks\u0022:4,\u0022EnemyAiElapsedTicks\u0022:324530,\u0022LineOfSightCalls\u0022:0,\u0022LineOfSightElapsedTicks\u0022:0,\u0022MissilePoolsCreated\u0022:0,\u0022MissilePoolCreationElapsedTicks\u0022:0,\u0022PlayerDirectRaycastCalls\u0022:0,\u0022PlayerDirectRaycastElapsedTicks\u0022:0,\u0022PlayerDirectDamageCalls\u0022:0,\u0022PlayerDirectDamageElapsedTicks\u0022:0,\u0022PlayerWeaponVisualCalls\u0022:0,\u0022PlayerWeaponVisualElapsedTicks\u0022:0,\u0022WeaponLaunches\u0022:0,\u0022EnemyWeaponLaunches\u0022:0,\u0022MissileLaunches\u0022:0,\u0022Impacts\u0022:1,\u0022ActiveMissiles\u0022:3,"}
10-04 19:28:22.733  3817  3881 I godot   : QUEST_COMBAT_CHUNK: {"kind":"EVENT","runId":"20261004-182729-1d1caa","recordId":205,"index":1,"count":2,"data":"\u0022ActiveLasers\u0022:3,\u0022PlayerWorldRaycastElapsedTicks\u0022:0,\u0022PlayerMechRaycastElapsedTicks\u0022:0,\u0022WeaponEffectPoolBuilds\u0022:0,\u0022WeaponEffectPoolFallbacks\u0022:0,\u0022EnemyAiMilliseconds\u0022:0.32453,\u0022EnemyAiElapsedMs\u0022:0.32453,\u0022LineOfSightMilliseconds\u0022:0,\u0022LineOfSightElapsedMs\u0022:0,\u0022MissilePoolCreationMilliseconds\u0022:0,\u0022MissilePoolCreationElapsedMs\u0022:0,\u0022PlayerDirectRaycastMilliseconds\u0022:0,\u0022PlayerWorldRaycastMilliseconds\u0022:0,\u0022PlayerMechRaycastMilliseconds\u0022:0,\u0022PlayerDirectDamageMilliseconds\u0022:0,\u0022PlayerWeaponVisualMilliseconds\u0022:0}}"}
10-04 19:28:22.733  3817  3881 I godot   : QUEST_COMBAT_CHUNK: {"kind":"EVENT","runId":"20261004-182729-1d1caa","recordId":206,"index":0,"count":2,"data":"{\u0022runId\u0022:\u002220261004-182729-1d1caa\u0022,\u0022trial\u0022:2,\u0022Seconds\u0022:4.8596373,\u0022Ms\u0022:14.714200000000233,\u0022Combat\u0022:{\u0022EnemyAiTicks\u0022:4,\u0022EnemyAiElapsedTicks\u0022:352553,\u0022LineOfSightCalls\u0022:0,\u0022LineOfSightElapsedTicks\u0022:0,\u0022MissilePoolsCreated\u0022:0,\u0022MissilePoolCreationElapsedTicks\u0022:0,\u0022PlayerDirectRaycastCalls\u0022:0,\u0022PlayerDirectRaycastElapsedTicks\u0022:0,\u0022PlayerDirectDamageCalls\u0022:0,\u0022PlayerDirectDamageElapsedTicks\u0022:0,\u0022PlayerWeaponVisualCalls\u0022:0,\u0022PlayerWeaponVisualElapsedTicks\u0022:0,\u0022WeaponLaunches\u0022:0,\u0022EnemyWeaponLaunches\u0022:0,\u0022MissileLaunches\u0022:0,\u0022Impacts\u0022:1,\u0022ActiveMissiles\u0022:3,"}
10-04 19:28:22.733  3817  3881 I godot   : QUEST_COMBAT_CHUNK: {"kind":"EVENT","runId":"20261004-182729-1d1caa","recordId":206,"index":1,"count":2,"data":"\u0022ActiveLasers\u0022:3,\u0022PlayerWorldRaycastElapsedTicks\u0022:0,\u0022PlayerMechRaycastElapsedTicks\u0022:0,\u0022WeaponEffectPoolBuilds\u0022:0,\u0022WeaponEffectPoolFallbacks\u0022:0,\u0022EnemyAiMilliseconds\u0022:0.352553,\u0022EnemyAiElapsedMs\u0022:0.352553,\u0022LineOfSightMilliseconds\u0022:0,\u0022LineOfSightElapsedMs\u0022:0,\u0022MissilePoolCreationMilliseconds\u0022:0,\u0022MissilePoolCreationElapsedMs\u0022:0,\u0022PlayerDirectRaycastMilliseconds\u0022:0,\u0022PlayerWorldRaycastMilliseconds\u0022:0,\u0022PlayerMechRaycastMilliseconds\u0022:0,\u0022PlayerDirectDamageMilliseconds\u0022:0,\u0022PlayerWeaponVisualMilliseconds\u0022:0}}"}
10-04 19:28:22.733  3817  3881 I godot   : QUEST_COMBAT_CHUNK: {"kind":"EVENT","runId":"20261004-182729-1d1caa","recordId":207,"index":0,"count":2,"data":"{\u0022runId\u0022:\u002220261004-182729-1d1caa\u0022,\u0022trial\u0022:2,\u0022Seconds\u0022:4.9783953,\u0022Ms\u0022:15.560699999999983,\u0022Combat\u0022:{\u0022EnemyAiTicks\u0022:4,\u0022EnemyAiElapsedTicks\u0022:498647,\u0022LineOfSightCalls\u0022:0,\u0022LineOfSightElapsedTicks\u0022:0,\u0022MissilePoolsCreated\u0022:0,\u0022MissilePoolCreationElapsedTicks\u0022:0,\u0022PlayerDirectRaycastCalls\u0022:0,\u0022PlayerDirectRaycastElapsedTicks\u0022:0,\u0022PlayerDirectDamageCalls\u0022:0,\u0022PlayerDirectDamageElapsedTicks\u0022:0,\u0022PlayerWeaponVisualCalls\u0022:0,\u0022PlayerWeaponVisualElapsedTicks\u0022:0,\u0022WeaponLaunches\u0022:0,\u0022EnemyWeaponLaunches\u0022:0,\u0022MissileLaunches\u0022:0,\u0022Impacts\u0022:1,\u0022ActiveMissiles\u0022:3,"}
10-04 19:28:22.733  3817  3881 I godot   : QUEST_COMBAT_CHUNK: {"kind":"EVENT","runId":"20261004-182729-1d1caa","recordId":207,"index":1,"count":2,"data":"\u0022ActiveLasers\u0022:3,\u0022PlayerWorldRaycastElapsedTicks\u0022:0,\u0022PlayerMechRaycastElapsedTicks\u0022:0,\u0022WeaponEffectPoolBuilds\u0022:0,\u0022WeaponEffectPoolFallbacks\u0022:0,\u0022EnemyAiMilliseconds\u0022:0.498647,\u0022EnemyAiElapsedMs\u0022:0.498647,\u0022LineOfSightMilliseconds\u0022:0,\u0022LineOfSightElapsedMs\u0022:0,\u0022MissilePoolCreationMilliseconds\u0022:0,\u0022MissilePoolCreationElapsedMs\u0022:0,\u0022PlayerDirectRaycastMilliseconds\u0022:0,\u0022PlayerWorldRaycastMilliseconds\u0022:0,\u0022PlayerMechRaycastMilliseconds\u0022:0,\u0022PlayerDirectDamageMilliseconds\u0022:0,\u0022PlayerWeaponVisualMilliseconds\u0022:0}}"}
10-04 19:28:22.733  3817  3881 I godot   : QUEST_COMBAT_CHUNK: {"kind":"EVENT","runId":"20261004-182729-1d1caa","recordId":208,"index":0,"count":2,"data":"{\u0022runId\u0022:\u002220261004-182729-1d1caa\u0022,\u0022trial\u0022:2,\u0022Seconds\u0022:5.0813029,\u0022Ms\u0022:15.536199999999667,\u0022Combat\u0022:{\u0022EnemyAiTicks\u0022:4,\u0022EnemyAiElapsedTicks\u0022:1311406,\u0022LineOfSightCalls\u0022:1,\u0022LineOfSightElapsedTicks\u0022:220677,\u0022MissilePoolsCreated\u0022:0,\u0022MissilePoolCreationElapsedTicks\u0022:0,\u0022PlayerDirectRaycastCalls\u0022:0,\u0022PlayerDirectRaycastElapsedTicks\u0022:0,\u0022PlayerDirectDamageCalls\u0022:0,\u0022PlayerDirectDamageElapsedTicks\u0022:0,\u0022PlayerWeaponVisualCalls\u0022:0,\u0022PlayerWeaponVisualElapsedTicks\u0022:0,\u0022WeaponLaunches\u0022:1,\u0022EnemyWeaponLaunches\u0022:1,\u0022MissileLaunches\u0022:0,\u0022Impacts\u0022:1,\u0022ActiveMissiles"}
10-04 19:28:22.733  3817  3881 I godot   : QUEST_COMBAT_CHUNK: {"kind":"EVENT","runId":"20261004-182729-1d1caa","recordId":208,"index":1,"count":2,"data":"\u0022:3,\u0022ActiveLasers\u0022:6,\u0022PlayerWorldRaycastElapsedTicks\u0022:0,\u0022PlayerMechRaycastElapsedTicks\u0022:0,\u0022WeaponEffectPoolBuilds\u0022:0,\u0022WeaponEffectPoolFallbacks\u0022:0,\u0022EnemyAiMilliseconds\u0022:1.311406,\u0022EnemyAiElapsedMs\u0022:1.311406,\u0022LineOfSightMilliseconds\u0022:0.220677,\u0022LineOfSightElapsedMs\u0022:0.220677,\u0022MissilePoolCreationMilliseconds\u0022:0,\u0022MissilePoolCreationElapsedMs\u0022:0,\u0022PlayerDirectRaycastMilliseconds\u0022:0,\u0022PlayerWorldRaycastMilliseconds\u0022:0,\u0022PlayerMechRaycastMilliseconds\u0022:0,\u0022PlayerDirectDamageMilliseconds\u0022:0,\u0022PlayerWeaponVisualMilliseconds\u0022:0}}"}
10-04 19:28:22.734  3817  3881 I godot   : QUEST_COMBAT_CHUNK: {"kind":"EVENT","runId":"20261004-182729-1d1caa","recordId":209,"index":0,"count":2,"data":"{\u0022runId\u0022:\u002220261004-182729-1d1caa\u0022,\u0022trial\u0022:2,\u0022Seconds\u0022:6.1203995,\u0022Ms\u0022:15.196400000000665,\u0022Combat\u0022:{\u0022EnemyAiTicks\u0022:4,\u0022EnemyAiElapsedTicks\u0022:1389324,\u0022LineOfSightCalls\u0022:1,\u0022LineOfSightElapsedTicks\u0022:225104,\u0022MissilePoolsCreated\u0022:0,\u0022MissilePoolCreationElapsedTicks\u0022:0,\u0022PlayerDirectRaycastCalls\u0022:0,\u0022PlayerDirectRaycastElapsedTicks\u0022:0,\u0022PlayerDirectDamageCalls\u0022:0,\u0022PlayerDirectDamageElapsedTicks\u0022:0,\u0022PlayerWeaponVisualCalls\u0022:0,\u0022PlayerWeaponVisualElapsedTicks\u0022:0,\u0022WeaponLaunches\u0022:1,\u0022EnemyWeaponLaunches\u0022:1,\u0022MissileLaunches\u0022:0,\u0022Impacts\u0022:0,\u0022ActiveMissiles"}
10-04 19:28:22.734  3817  3881 I godot   : QUEST_COMBAT_CHUNK: {"kind":"EVENT","runId":"20261004-182729-1d1caa","recordId":209,"index":1,"count":2,"data":"\u0022:2,\u0022ActiveLasers\u0022:0,\u0022PlayerWorldRaycastElapsedTicks\u0022:0,\u0022PlayerMechRaycastElapsedTicks\u0022:0,\u0022WeaponEffectPoolBuilds\u0022:0,\u0022WeaponEffectPoolFallbacks\u0022:0,\u0022EnemyAiMilliseconds\u0022:1.389324,\u0022EnemyAiElapsedMs\u0022:1.389324,\u0022LineOfSightMilliseconds\u0022:0.225104,\u0022LineOfSightElapsedMs\u0022:0.225104,\u0022MissilePoolCreationMilliseconds\u0022:0,\u0022MissilePoolCreationElapsedMs\u0022:0,\u0022PlayerDirectRaycastMilliseconds\u0022:0,\u0022PlayerWorldRaycastMilliseconds\u0022:0,\u0022PlayerMechRaycastMilliseconds\u0022:0,\u0022PlayerDirectDamageMilliseconds\u0022:0,\u0022PlayerWeaponVisualMilliseconds\u0022:0}}"}
10-04 19:28:22.734  3817  3881 I godot   : QUEST_COMBAT_CHUNK: {"kind":"EVENT","runId":"20261004-182729-1d1caa","recordId":210,"index":0,"count":2,"data":"{\u0022runId\u0022:\u002220261004-182729-1d1caa\u0022,\u0022trial\u0022:2,\u0022Seconds\u0022:6.1344256,\u0022Ms\u0022:14.026099999999708,\u0022Combat\u0022:{\u0022EnemyAiTicks\u0022:4,\u0022EnemyAiElapsedTicks\u0022:415261,\u0022LineOfSightCalls\u0022:0,\u0022LineOfSightElapsedTicks\u0022:0,\u0022MissilePoolsCreated\u0022:0,\u0022MissilePoolCreationElapsedTicks\u0022:0,\u0022PlayerDirectRaycastCalls\u0022:0,\u0022PlayerDirectRaycastElapsedTicks\u0022:0,\u0022PlayerDirectDamageCalls\u0022:0,\u0022PlayerDirectDamageElapsedTicks\u0022:0,\u0022PlayerWeaponVisualCalls\u0022:0,\u0022PlayerWeaponVisualElapsedTicks\u0022:0,\u0022WeaponLaunches\u0022:0,\u0022EnemyWeaponLaunches\u0022:0,\u0022MissileLaunches\u0022:1,\u0022Impacts\u0022:0,\u0022ActiveMissiles\u0022:3,"}
10-04 19:28:22.734  3817  3881 I godot   : QUEST_COMBAT_CHUNK: {"kind":"EVENT","runId":"20261004-182729-1d1caa","recordId":210,"index":1,"count":2,"data":"\u0022ActiveLasers\u0022:0,\u0022PlayerWorldRaycastElapsedTicks\u0022:0,\u0022PlayerMechRaycastElapsedTicks\u0022:0,\u0022WeaponEffectPoolBuilds\u0022:0,\u0022WeaponEffectPoolFallbacks\u0022:0,\u0022EnemyAiMilliseconds\u0022:0.415261,\u0022EnemyAiElapsedMs\u0022:0.415261,\u0022LineOfSightMilliseconds\u0022:0,\u0022LineOfSightElapsedMs\u0022:0,\u0022MissilePoolCreationMilliseconds\u0022:0,\u0022MissilePoolCreationElapsedMs\u0022:0,\u0022PlayerDirectRaycastMilliseconds\u0022:0,\u0022PlayerWorldRaycastMilliseconds\u0022:0,\u0022PlayerMechRaycastMilliseconds\u0022:0,\u0022PlayerDirectDamageMilliseconds\u0022:0,\u0022PlayerWeaponVisualMilliseconds\u0022:0}}"}
10-04 19:28:22.734  3817  3881 I godot   : QUEST_COMBAT_CHUNK: {"kind":"EVENT","runId":"20261004-182729-1d1caa","recordId":211,"index":0,"count":2,"data":"{\u0022runId\u0022:\u002220261004-182729-1d1caa\u0022,\u0022trial\u0022:2,\u0022Seconds\u0022:6.1637356,\u0022Ms\u0022:15.400099999999917,\u0022Combat\u0022:{\u0022EnemyAiTicks\u0022:4,\u0022EnemyAiElapsedTicks\u0022:408489,\u0022LineOfSightCalls\u0022:0,\u0022LineOfSightElapsedTicks\u0022:0,\u0022MissilePoolsCreated\u0022:0,\u0022MissilePoolCreationElapsedTicks\u0022:0,\u0022PlayerDirectRaycastCalls\u0022:0,\u0022PlayerDirectRaycastElapsedTicks\u0022:0,\u0022PlayerDirectDamageCalls\u0022:0,\u0022PlayerDirectDamageElapsedTicks\u0022:0,\u0022PlayerWeaponVisualCalls\u0022:0,\u0022PlayerWeaponVisualElapsedTicks\u0022:0,\u0022WeaponLaunches\u0022:0,\u0022EnemyWeaponLaunches\u0022:0,\u0022MissileLaunches\u0022:1,\u0022Impacts\u0022:0,\u0022ActiveMissiles\u0022:4,"}
10-04 19:28:22.734  3817  3881 I godot   : QUEST_COMBAT_CHUNK: {"kind":"EVENT","runId":"20261004-182729-1d1caa","recordId":211,"index":1,"count":2,"data":"\u0022ActiveLasers\u0022:0,\u0022PlayerWorldRaycastElapsedTicks\u0022:0,\u0022PlayerMechRaycastElapsedTicks\u0022:0,\u0022WeaponEffectPoolBuilds\u0022:0,\u0022WeaponEffectPoolFallbacks\u0022:0,\u0022EnemyAiMilliseconds\u0022:0.408489,\u0022EnemyAiElapsedMs\u0022:0.408489,\u0022LineOfSightMilliseconds\u0022:0,\u0022LineOfSightElapsedMs\u0022:0,\u0022MissilePoolCreationMilliseconds\u0022:0,\u0022MissilePoolCreationElapsedMs\u0022:0,\u0022PlayerDirectRaycastMilliseconds\u0022:0,\u0022PlayerWorldRaycastMilliseconds\u0022:0,\u0022PlayerMechRaycastMilliseconds\u0022:0,\u0022PlayerDirectDamageMilliseconds\u0022:0,\u0022PlayerWeaponVisualMilliseconds\u0022:0}}"}
10-04 19:28:22.735  3817  3881 I godot   : QUEST_COMBAT_CHUNK: {"kind":"EVENT","runId":"20261004-182729-1d1caa","recordId":212,"index":0,"count":2,"data":"{\u0022runId\u0022:\u002220261004-182729-1d1caa\u0022,\u0022trial\u0022:2,\u0022Seconds\u0022:6.2075792,\u0022Ms\u0022:14.990499999999685,\u0022Combat\u0022:{\u0022EnemyAiTicks\u0022:4,\u0022EnemyAiElapsedTicks\u0022:417084,\u0022LineOfSightCalls\u0022:0,\u0022LineOfSightElapsedTicks\u0022:0,\u0022MissilePoolsCreated\u0022:0,\u0022MissilePoolCreationElapsedTicks\u0022:0,\u0022PlayerDirectRaycastCalls\u0022:0,\u0022PlayerDirectRaycastElapsedTicks\u0022:0,\u0022PlayerDirectDamageCalls\u0022:0,\u0022PlayerDirectDamageElapsedTicks\u0022:0,\u0022PlayerWeaponVisualCalls\u0022:0,\u0022PlayerWeaponVisualElapsedTicks\u0022:0,\u0022WeaponLaunches\u0022:0,\u0022EnemyWeaponLaunches\u0022:0,\u0022MissileLaunches\u0022:1,\u0022Impacts\u0022:0,\u0022ActiveMissiles\u0022:5,"}
10-04 19:28:22.735  3817  3881 I godot   : QUEST_COMBAT_CHUNK: {"kind":"EVENT","runId":"20261004-182729-1d1caa","recordId":212,"index":1,"count":2,"data":"\u0022ActiveLasers\u0022:0,\u0022PlayerWorldRaycastElapsedTicks\u0022:0,\u0022PlayerMechRaycastElapsedTicks\u0022:0,\u0022WeaponEffectPoolBuilds\u0022:0,\u0022WeaponEffectPoolFallbacks\u0022:0,\u0022EnemyAiMilliseconds\u0022:0.417084,\u0022EnemyAiElapsedMs\u0022:0.417084,\u0022LineOfSightMilliseconds\u0022:0,\u0022LineOfSightElapsedMs\u0022:0,\u0022MissilePoolCreationMilliseconds\u0022:0,\u0022MissilePoolCreationElapsedMs\u0022:0,\u0022PlayerDirectRaycastMilliseconds\u0022:0,\u0022PlayerWorldRaycastMilliseconds\u0022:0,\u0022PlayerMechRaycastMilliseconds\u0022:0,\u0022PlayerDirectDamageMilliseconds\u0022:0,\u0022PlayerWeaponVisualMilliseconds\u0022:0}}"}
10-04 19:28:22.735  3817  3881 I godot   : QUEST_COMBAT_CHUNK: {"kind":"EVENT","runId":"20261004-182729-1d1caa","recordId":213,"index":0,"count":2,"data":"{\u0022runId\u0022:\u002220261004-182729-1d1caa\u0022,\u0022trial\u0022:2,\u0022Seconds\u0022:6.238768,\u0022Ms\u0022:17.035700000000098,\u0022Combat\u0022:{\u0022EnemyAiTicks\u0022:4,\u0022EnemyAiElapsedTicks\u0022:378907,\u0022LineOfSightCalls\u0022:0,\u0022LineOfSightElapsedTicks\u0022:0,\u0022MissilePoolsCreated\u0022:0,\u0022MissilePoolCreationElapsedTicks\u0022:0,\u0022PlayerDirectRaycastCalls\u0022:0,\u0022PlayerDirectRaycastElapsedTicks\u0022:0,\u0022PlayerDirectDamageCalls\u0022:0,\u0022PlayerDirectDamageElapsedTicks\u0022:0,\u0022PlayerWeaponVisualCalls\u0022:0,\u0022PlayerWeaponVisualElapsedTicks\u0022:0,\u0022WeaponLaunches\u0022:0,\u0022EnemyWeaponLaunches\u0022:0,\u0022MissileLaunches\u0022:1,\u0022Impacts\u0022:0,\u0022ActiveMissiles\u0022:5,"}
10-04 19:28:22.735  3817  3881 I godot   : QUEST_COMBAT_CHUNK: {"kind":"EVENT","runId":"20261004-182729-1d1caa","recordId":213,"index":1,"count":2,"data":"\u0022ActiveLasers\u0022:0,\u0022PlayerWorldRaycastElapsedTicks\u0022:0,\u0022PlayerMechRaycastElapsedTicks\u0022:0,\u0022WeaponEffectPoolBuilds\u0022:0,\u0022WeaponEffectPoolFallbacks\u0022:0,\u0022EnemyAiMilliseconds\u0022:0.378907,\u0022EnemyAiElapsedMs\u0022:0.378907,\u0022LineOfSightMilliseconds\u0022:0,\u0022LineOfSightElapsedMs\u0022:0,\u0022MissilePoolCreationMilliseconds\u0022:0,\u0022MissilePoolCreationElapsedMs\u0022:0,\u0022PlayerDirectRaycastMilliseconds\u0022:0,\u0022PlayerWorldRaycastMilliseconds\u0022:0,\u0022PlayerMechRaycastMilliseconds\u0022:0,\u0022PlayerDirectDamageMilliseconds\u0022:0,\u0022PlayerWeaponVisualMilliseconds\u0022:0}}"}
10-04 19:28:22.735  3817  3881 I godot   : QUEST_COMBAT_CHUNK: {"kind":"EVENT","runId":"20261004-182729-1d1caa","recordId":214,"index":0,"count":2,"data":"{\u0022runId\u0022:\u002220261004-182729-1d1caa\u0022,\u0022trial\u0022:2,\u0022Seconds\u0022:6.5168248,\u0022Ms\u0022:14.351800000000026,\u0022Combat\u0022:{\u0022EnemyAiTicks\u0022:4,\u0022EnemyAiElapsedTicks\u0022:314583,\u0022LineOfSightCalls\u0022:0,\u0022LineOfSightElapsedTicks\u0022:0,\u0022MissilePoolsCreated\u0022:0,\u0022MissilePoolCreationElapsedTicks\u0022:0,\u0022PlayerDirectRaycastCalls\u0022:1,\u0022PlayerDirectRaycastElapsedTicks\u0022:1568855,\u0022PlayerDirectDamageCalls\u0022:1,\u0022PlayerDirectDamageElapsedTicks\u0022:302448,\u0022PlayerWeaponVisualCalls\u0022:1,\u0022PlayerWeaponVisualElapsedTicks\u0022:192240,\u0022WeaponLaunches\u0022:1,\u0022EnemyWeaponLaunches\u0022:0,\u0022MissileLaunches\u0022:0,\u0022Impacts\u0022:1,\u0022ActiveM"}
10-04 19:28:22.735  3817  3881 I godot   : QUEST_COMBAT_CHUNK: {"kind":"EVENT","runId":"20261004-182729-1d1caa","recordId":214,"index":1,"count":2,"data":"issiles\u0022:4,\u0022ActiveLasers\u0022:3,\u0022PlayerWorldRaycastElapsedTicks\u0022:862500,\u0022PlayerMechRaycastElapsedTicks\u0022:695729,\u0022WeaponEffectPoolBuilds\u0022:0,\u0022WeaponEffectPoolFallbacks\u0022:0,\u0022EnemyAiMilliseconds\u0022:0.314583,\u0022EnemyAiElapsedMs\u0022:0.314583,\u0022LineOfSightMilliseconds\u0022:0,\u0022LineOfSightElapsedMs\u0022:0,\u0022MissilePoolCreationMilliseconds\u0022:0,\u0022MissilePoolCreationElapsedMs\u0022:0,\u0022PlayerDirectRaycastMilliseconds\u0022:1.568855,\u0022PlayerWorldRaycastMilliseconds\u0022:0.8625,\u0022PlayerMechRaycastMilliseconds\u0022:0.695729,\u0022PlayerDirectDamageMilliseconds\u0022:0.302448,\u0022PlayerWeaponVisualMilliseconds\u0022:0.19224}}"}
10-04 19:28:22.735  3817  3881 I godot   : QUEST_COMBAT_CHUNK: {"kind":"EVENT","runId":"20261004-182729-1d1caa","recordId":215,"index":0,"count":2,"data":"{\u0022runId\u0022:\u002220261004-182729-1d1caa\u0022,\u0022trial\u0022:2,\u0022Seconds\u0022:8.5239545,\u0022Ms\u0022:14.120000000000132,\u0022Combat\u0022:{\u0022EnemyAiTicks\u0022:4,\u0022EnemyAiElapsedTicks\u0022:380260,\u0022LineOfSightCalls\u0022:0,\u0022LineOfSightElapsedTicks\u0022:0,\u0022MissilePoolsCreated\u0022:0,\u0022MissilePoolCreationElapsedTicks\u0022:0,\u0022PlayerDirectRaycastCalls\u0022:0,\u0022PlayerDirectRaycastElapsedTicks\u0022:0,\u0022PlayerDirectDamageCalls\u0022:0,\u0022PlayerDirectDamageElapsedTicks\u0022:0,\u0022PlayerWeaponVisualCalls\u0022:0,\u0022PlayerWeaponVisualElapsedTicks\u0022:0,\u0022WeaponLaunches\u0022:1,\u0022EnemyWeaponLaunches\u0022:0,\u0022MissileLaunches\u0022:1,\u0022Impacts\u0022:0,\u0022ActiveMissiles\u0022:5,"}
10-04 19:28:22.736  3817  3881 I godot   : QUEST_COMBAT_CHUNK: {"kind":"EVENT","runId":"20261004-182729-1d1caa","recordId":215,"index":1,"count":2,"data":"\u0022ActiveLasers\u0022:0,\u0022PlayerWorldRaycastElapsedTicks\u0022:0,\u0022PlayerMechRaycastElapsedTicks\u0022:0,\u0022WeaponEffectPoolBuilds\u0022:0,\u0022WeaponEffectPoolFallbacks\u0022:0,\u0022EnemyAiMilliseconds\u0022:0.38026,\u0022EnemyAiElapsedMs\u0022:0.38026,\u0022LineOfSightMilliseconds\u0022:0,\u0022LineOfSightElapsedMs\u0022:0,\u0022MissilePoolCreationMilliseconds\u0022:0,\u0022MissilePoolCreationElapsedMs\u0022:0,\u0022PlayerDirectRaycastMilliseconds\u0022:0,\u0022PlayerWorldRaycastMilliseconds\u0022:0,\u0022PlayerMechRaycastMilliseconds\u0022:0,\u0022PlayerDirectDamageMilliseconds\u0022:0,\u0022PlayerWeaponVisualMilliseconds\u0022:0}}"}
10-04 19:28:22.736  3817  3881 I godot   : QUEST_COMBAT_CHUNK: {"kind":"EVENT","runId":"20261004-182729-1d1caa","recordId":216,"index":0,"count":2,"data":"{\u0022runId\u0022:\u002220261004-182729-1d1caa\u0022,\u0022trial\u0022:2,\u0022Seconds\u0022:8.5719256,\u0022Ms\u0022:16.699400000000253,\u0022Combat\u0022:{\u0022EnemyAiTicks\u0022:4,\u0022EnemyAiElapsedTicks\u0022:946458,\u0022LineOfSightCalls\u0022:0,\u0022LineOfSightElapsedTicks\u0022:0,\u0022MissilePoolsCreated\u0022:0,\u0022MissilePoolCreationElapsedTicks\u0022:0,\u0022PlayerDirectRaycastCalls\u0022:0,\u0022PlayerDirectRaycastElapsedTicks\u0022:0,\u0022PlayerDirectDamageCalls\u0022:0,\u0022PlayerDirectDamageElapsedTicks\u0022:0,\u0022PlayerWeaponVisualCalls\u0022:0,\u0022PlayerWeaponVisualElapsedTicks\u0022:0,\u0022WeaponLaunches\u0022:0,\u0022EnemyWeaponLaunches\u0022:0,\u0022MissileLaunches\u0022:1,\u0022Impacts\u0022:0,\u0022ActiveMissiles\u0022:6,"}
10-04 19:28:22.736  3817  3881 I godot   : QUEST_COMBAT_CHUNK: {"kind":"EVENT","runId":"20261004-182729-1d1caa","recordId":216,"index":1,"count":2,"data":"\u0022ActiveLasers\u0022:0,\u0022PlayerWorldRaycastElapsedTicks\u0022:0,\u0022PlayerMechRaycastElapsedTicks\u0022:0,\u0022WeaponEffectPoolBuilds\u0022:0,\u0022WeaponEffectPoolFallbacks\u0022:0,\u0022EnemyAiMilliseconds\u0022:0.946458,\u0022EnemyAiElapsedMs\u0022:0.946458,\u0022LineOfSightMilliseconds\u0022:0,\u0022LineOfSightElapsedMs\u0022:0,\u0022MissilePoolCreationMilliseconds\u0022:0,\u0022MissilePoolCreationElapsedMs\u0022:0,\u0022PlayerDirectRaycastMilliseconds\u0022:0,\u0022PlayerWorldRaycastMilliseconds\u0022:0,\u0022PlayerMechRaycastMilliseconds\u0022:0,\u0022PlayerDirectDamageMilliseconds\u0022:0,\u0022PlayerWeaponVisualMilliseconds\u0022:0}}"}
10-04 19:28:22.736  3817  3881 I godot   : QUEST_COMBAT_CHUNK: {"kind":"EVENT","runId":"20261004-182729-1d1caa","recordId":217,"index":0,"count":2,"data":"{\u0022runId\u0022:\u002220261004-182729-1d1caa\u0022,\u0022trial\u0022:2,\u0022Seconds\u0022:8.584187,\u0022Ms\u0022:12.261399999999867,\u0022Combat\u0022:{\u0022EnemyAiTicks\u0022:0,\u0022EnemyAiElapsedTicks\u0022:0,\u0022LineOfSightCalls\u0022:0,\u0022LineOfSightElapsedTicks\u0022:0,\u0022MissilePoolsCreated\u0022:0,\u0022MissilePoolCreationElapsedTicks\u0022:0,\u0022PlayerDirectRaycastCalls\u0022:0,\u0022PlayerDirectRaycastElapsedTicks\u0022:0,\u0022PlayerDirectDamageCalls\u0022:0,\u0022PlayerDirectDamageElapsedTicks\u0022:0,\u0022PlayerWeaponVisualCalls\u0022:0,\u0022PlayerWeaponVisualElapsedTicks\u0022:0,\u0022WeaponLaunches\u0022:0,\u0022EnemyWeaponLaunches\u0022:0,\u0022MissileLaunches\u0022:1,\u0022Impacts\u0022:0,\u0022ActiveMissiles\u0022:7,\u0022"}
10-04 19:28:22.736  3817  3881 I godot   : QUEST_COMBAT_CHUNK: {"kind":"EVENT","runId":"20261004-182729-1d1caa","recordId":217,"index":1,"count":2,"data":"ActiveLasers\u0022:0,\u0022PlayerWorldRaycastElapsedTicks\u0022:0,\u0022PlayerMechRaycastElapsedTicks\u0022:0,\u0022WeaponEffectPoolBuilds\u0022:0,\u0022WeaponEffectPoolFallbacks\u0022:0,\u0022EnemyAiMilliseconds\u0022:0,\u0022EnemyAiElapsedMs\u0022:0,\u0022LineOfSightMilliseconds\u0022:0,\u0022LineOfSightElapsedMs\u0022:0,\u0022MissilePoolCreationMilliseconds\u0022:0,\u0022MissilePoolCreationElapsedMs\u0022:0,\u0022PlayerDirectRaycastMilliseconds\u0022:0,\u0022PlayerWorldRaycastMilliseconds\u0022:0,\u0022PlayerMechRaycastMilliseconds\u0022:0,\u0022PlayerDirectDamageMilliseconds\u0022:0,\u0022PlayerWeaponVisualMilliseconds\u0022:0}}"}
10-04 19:28:22.736  3817  3881 I godot   : QUEST_COMBAT_CHUNK: {"kind":"EVENT","runId":"20261004-182729-1d1caa","recordId":218,"index":0,"count":2,"data":"{\u0022runId\u0022:\u002220261004-182729-1d1caa\u0022,\u0022trial\u0022:2,\u0022Seconds\u0022:8.6360326,\u0022Ms\u0022:15.606800000000476,\u0022Combat\u0022:{\u0022EnemyAiTicks\u0022:4,\u0022EnemyAiElapsedTicks\u0022:424584,\u0022LineOfSightCalls\u0022:0,\u0022LineOfSightElapsedTicks\u0022:0,\u0022MissilePoolsCreated\u0022:0,\u0022MissilePoolCreationElapsedTicks\u0022:0,\u0022PlayerDirectRaycastCalls\u0022:0,\u0022PlayerDirectRaycastElapsedTicks\u0022:0,\u0022PlayerDirectDamageCalls\u0022:0,\u0022PlayerDirectDamageElapsedTicks\u0022:0,\u0022PlayerWeaponVisualCalls\u0022:0,\u0022PlayerWeaponVisualElapsedTicks\u0022:0,\u0022WeaponLaunches\u0022:0,\u0022EnemyWeaponLaunches\u0022:0,\u0022MissileLaunches\u0022:1,\u0022Impacts\u0022:0,\u0022ActiveMissiles\u0022:8,"}
10-04 19:28:22.736  3817  3881 I godot   : QUEST_COMBAT_CHUNK: {"kind":"EVENT","runId":"20261004-182729-1d1caa","recordId":218,"index":1,"count":2,"data":"\u0022ActiveLasers\u0022:0,\u0022PlayerWorldRaycastElapsedTicks\u0022:0,\u0022PlayerMechRaycastElapsedTicks\u0022:0,\u0022WeaponEffectPoolBuilds\u0022:0,\u0022WeaponEffectPoolFallbacks\u0022:0,\u0022EnemyAiMilliseconds\u0022:0.424584,\u0022EnemyAiElapsedMs\u0022:0.424584,\u0022LineOfSightMilliseconds\u0022:0,\u0022LineOfSightElapsedMs\u0022:0,\u0022MissilePoolCreationMilliseconds\u0022:0,\u0022MissilePoolCreationElapsedMs\u0022:0,\u0022PlayerDirectRaycastMilliseconds\u0022:0,\u0022PlayerWorldRaycastMilliseconds\u0022:0,\u0022PlayerMechRaycastMilliseconds\u0022:0,\u0022PlayerDirectDamageMilliseconds\u0022:0,\u0022PlayerWeaponVisualMilliseconds\u0022:0}}"}
10-04 19:28:22.737  3817  3881 I godot   : QUEST_COMBAT_CHUNK: {"kind":"EVENT","runId":"20261004-182729-1d1caa","recordId":219,"index":0,"count":2,"data":"{\u0022runId\u0022:\u002220261004-182729-1d1caa\u0022,\u0022trial\u0022:2,\u0022Seconds\u0022:8.6664957,\u0022Ms\u0022:14.810400000000001,\u0022Combat\u0022:{\u0022EnemyAiTicks\u0022:4,\u0022EnemyAiElapsedTicks\u0022:414269,\u0022LineOfSightCalls\u0022:0,\u0022LineOfSightElapsedTicks\u0022:0,\u0022MissilePoolsCreated\u0022:0,\u0022MissilePoolCreationElapsedTicks\u0022:0,\u0022PlayerDirectRaycastCalls\u0022:0,\u0022PlayerDirectRaycastElapsedTicks\u0022:0,\u0022PlayerDirectDamageCalls\u0022:0,\u0022PlayerDirectDamageElapsedTicks\u0022:0,\u0022PlayerWeaponVisualCalls\u0022:0,\u0022PlayerWeaponVisualElapsedTicks\u0022:0,\u0022WeaponLaunches\u0022:0,\u0022EnemyWeaponLaunches\u0022:0,\u0022MissileLaunches\u0022:1,\u0022Impacts\u0022:1,\u0022ActiveMissiles\u0022:9,"}
10-04 19:28:22.737  3817  3881 I godot   : QUEST_COMBAT_CHUNK: {"kind":"EVENT","runId":"20261004-182729-1d1caa","recordId":219,"index":1,"count":2,"data":"\u0022ActiveLasers\u0022:0,\u0022PlayerWorldRaycastElapsedTicks\u0022:0,\u0022PlayerMechRaycastElapsedTicks\u0022:0,\u0022WeaponEffectPoolBuilds\u0022:0,\u0022WeaponEffectPoolFallbacks\u0022:0,\u0022EnemyAiMilliseconds\u0022:0.414269,\u0022EnemyAiElapsedMs\u0022:0.414269,\u0022LineOfSightMilliseconds\u0022:0,\u0022LineOfSightElapsedMs\u0022:0,\u0022MissilePoolCreationMilliseconds\u0022:0,\u0022MissilePoolCreationElapsedMs\u0022:0,\u0022PlayerDirectRaycastMilliseconds\u0022:0,\u0022PlayerWorldRaycastMilliseconds\u0022:0,\u0022PlayerMechRaycastMilliseconds\u0022:0,\u0022PlayerDirectDamageMilliseconds\u0022:0,\u0022PlayerWeaponVisualMilliseconds\u0022:0}}"}
10-04 19:28:22.737  3817  3881 I godot   : QUEST_COMBAT_CHUNK: {"kind":"EVENT","runId":"20261004-182729-1d1caa","recordId":220,"index":0,"count":2,"data":"{\u0022runId\u0022:\u002220261004-182729-1d1caa\u0022,\u0022trial\u0022:2,\u0022Seconds\u0022:8.715059,\u0022Ms\u0022:17.233000000000942,\u0022Combat\u0022:{\u0022EnemyAiTicks\u0022:4,\u0022EnemyAiElapsedTicks\u0022:356874,\u0022LineOfSightCalls\u0022:0,\u0022LineOfSightElapsedTicks\u0022:0,\u0022MissilePoolsCreated\u0022:0,\u0022MissilePoolCreationElapsedTicks\u0022:0,\u0022PlayerDirectRaycastCalls\u0022:0,\u0022PlayerDirectRaycastElapsedTicks\u0022:0,\u0022PlayerDirectDamageCalls\u0022:0,\u0022PlayerDirectDamageElapsedTicks\u0022:0,\u0022PlayerWeaponVisualCalls\u0022:0,\u0022PlayerWeaponVisualElapsedTicks\u0022:0,\u0022WeaponLaunches\u0022:0,\u0022EnemyWeaponLaunches\u0022:0,\u0022MissileLaunches\u0022:1,\u0022Impacts\u0022:0,\u0022ActiveMissiles\u0022:10,"}
10-04 19:28:22.737  3817  3881 I godot   : QUEST_COMBAT_CHUNK: {"kind":"EVENT","runId":"20261004-182729-1d1caa","recordId":220,"index":1,"count":2,"data":"\u0022ActiveLasers\u0022:0,\u0022PlayerWorldRaycastElapsedTicks\u0022:0,\u0022PlayerMechRaycastElapsedTicks\u0022:0,\u0022WeaponEffectPoolBuilds\u0022:0,\u0022WeaponEffectPoolFallbacks\u0022:0,\u0022EnemyAiMilliseconds\u0022:0.356874,\u0022EnemyAiElapsedMs\u0022:0.356874,\u0022LineOfSightMilliseconds\u0022:0,\u0022LineOfSightElapsedMs\u0022:0,\u0022MissilePoolCreationMilliseconds\u0022:0,\u0022MissilePoolCreationElapsedMs\u0022:0,\u0022PlayerDirectRaycastMilliseconds\u0022:0,\u0022PlayerWorldRaycastMilliseconds\u0022:0,\u0022PlayerMechRaycastMilliseconds\u0022:0,\u0022PlayerDirectDamageMilliseconds\u0022:0,\u0022PlayerWeaponVisualMilliseconds\u0022:0}}"}
10-04 19:28:22.737  3817  3881 I godot   : QUEST_COMBAT_CHUNK: {"kind":"EVENT","runId":"20261004-182729-1d1caa","recordId":221,"index":0,"count":2,"data":"{\u0022runId\u0022:\u002220261004-182729-1d1caa\u0022,\u0022trial\u0022:2,\u0022Seconds\u0022:8.7315931,\u0022Ms\u0022:16.53409999999944,\u0022Combat\u0022:{\u0022EnemyAiTicks\u0022:4,\u0022EnemyAiElapsedTicks\u0022:373020,\u0022LineOfSightCalls\u0022:0,\u0022LineOfSightElapsedTicks\u0022:0,\u0022MissilePoolsCreated\u0022:0,\u0022MissilePoolCreationElapsedTicks\u0022:0,\u0022PlayerDirectRaycastCalls\u0022:0,\u0022PlayerDirectRaycastElapsedTicks\u0022:0,\u0022PlayerDirectDamageCalls\u0022:0,\u0022PlayerDirectDamageElapsedTicks\u0022:0,\u0022PlayerWeaponVisualCalls\u0022:0,\u0022PlayerWeaponVisualElapsedTicks\u0022:0,\u0022WeaponLaunches\u0022:0,\u0022EnemyWeaponLaunches\u0022:0,\u0022MissileLaunches\u0022:1,\u0022Impacts\u0022:0,\u0022ActiveMissiles\u0022:11,"}
10-04 19:28:22.737  3817  3881 I godot   : QUEST_COMBAT_CHUNK: {"kind":"EVENT","runId":"20261004-182729-1d1caa","recordId":221,"index":1,"count":2,"data":"\u0022ActiveLasers\u0022:0,\u0022PlayerWorldRaycastElapsedTicks\u0022:0,\u0022PlayerMechRaycastElapsedTicks\u0022:0,\u0022WeaponEffectPoolBuilds\u0022:0,\u0022WeaponEffectPoolFallbacks\u0022:0,\u0022EnemyAiMilliseconds\u0022:0.37302,\u0022EnemyAiElapsedMs\u0022:0.37302,\u0022LineOfSightMilliseconds\u0022:0,\u0022LineOfSightElapsedMs\u0022:0,\u0022MissilePoolCreationMilliseconds\u0022:0,\u0022MissilePoolCreationElapsedMs\u0022:0,\u0022PlayerDirectRaycastMilliseconds\u0022:0,\u0022PlayerWorldRaycastMilliseconds\u0022:0,\u0022PlayerMechRaycastMilliseconds\u0022:0,\u0022PlayerDirectDamageMilliseconds\u0022:0,\u0022PlayerWeaponVisualMilliseconds\u0022:0}}"}
10-04 19:28:22.737  3817  3881 I godot   : QUEST_COMBAT_CHUNK: {"kind":"EVENT","runId":"20261004-182729-1d1caa","recordId":222,"index":0,"count":2,"data":"{\u0022runId\u0022:\u002220261004-182729-1d1caa\u0022,\u0022trial\u0022:2,\u0022Seconds\u0022:8.7800343,\u0022Ms\u0022:17.217000000000482,\u0022Combat\u0022:{\u0022EnemyAiTicks\u0022:4,\u0022EnemyAiElapsedTicks\u0022:737917,\u0022LineOfSightCalls\u0022:0,\u0022LineOfSightElapsedTicks\u0022:0,\u0022MissilePoolsCreated\u0022:0,\u0022MissilePoolCreationElapsedTicks\u0022:0,\u0022PlayerDirectRaycastCalls\u0022:0,\u0022PlayerDirectRaycastElapsedTicks\u0022:0,\u0022PlayerDirectDamageCalls\u0022:0,\u0022PlayerDirectDamageElapsedTicks\u0022:0,\u0022PlayerWeaponVisualCalls\u0022:0,\u0022PlayerWeaponVisualElapsedTicks\u0022:0,\u0022WeaponLaunches\u0022:0,\u0022EnemyWeaponLaunches\u0022:0,\u0022MissileLaunches\u0022:1,\u0022Impacts\u0022:0,\u0022ActiveMissiles\u0022:12"}
10-04 19:28:22.737  3817  3881 I godot   : QUEST_COMBAT_CHUNK: {"kind":"EVENT","runId":"20261004-182729-1d1caa","recordId":222,"index":1,"count":2,"data":",\u0022ActiveLasers\u0022:0,\u0022PlayerWorldRaycastElapsedTicks\u0022:0,\u0022PlayerMechRaycastElapsedTicks\u0022:0,\u0022WeaponEffectPoolBuilds\u0022:0,\u0022WeaponEffectPoolFallbacks\u0022:0,\u0022EnemyAiMilliseconds\u0022:0.737917,\u0022EnemyAiElapsedMs\u0022:0.737917,\u0022LineOfSightMilliseconds\u0022:0,\u0022LineOfSightElapsedMs\u0022:0,\u0022MissilePoolCreationMilliseconds\u0022:0,\u0022MissilePoolCreationElapsedMs\u0022:0,\u0022PlayerDirectRaycastMilliseconds\u0022:0,\u0022PlayerWorldRaycastMilliseconds\u0022:0,\u0022PlayerMechRaycastMilliseconds\u0022:0,\u0022PlayerDirectDamageMilliseconds\u0022:0,\u0022PlayerWeaponVisualMilliseconds\u0022:0}}"}
10-04 19:28:22.738  3817  3881 I godot   : QUEST_COMBAT_CHUNK: {"kind":"EVENT","runId":"20261004-182729-1d1caa","recordId":223,"index":0,"count":2,"data":"{\u0022runId\u0022:\u002220261004-182729-1d1caa\u0022,\u0022trial\u0022:2,\u0022Seconds\u0022:8.8104457,\u0022Ms\u0022:15.566100000000915,\u0022Combat\u0022:{\u0022EnemyAiTicks\u0022:4,\u0022EnemyAiElapsedTicks\u0022:412240,\u0022LineOfSightCalls\u0022:0,\u0022LineOfSightElapsedTicks\u0022:0,\u0022MissilePoolsCreated\u0022:0,\u0022MissilePoolCreationElapsedTicks\u0022:0,\u0022PlayerDirectRaycastCalls\u0022:0,\u0022PlayerDirectRaycastElapsedTicks\u0022:0,\u0022PlayerDirectDamageCalls\u0022:0,\u0022PlayerDirectDamageElapsedTicks\u0022:0,\u0022PlayerWeaponVisualCalls\u0022:0,\u0022PlayerWeaponVisualElapsedTicks\u0022:0,\u0022WeaponLaunches\u0022:0,\u0022EnemyWeaponLaunches\u0022:0,\u0022MissileLaunches\u0022:1,\u0022Impacts\u0022:0,\u0022ActiveMissiles\u0022:13"}
10-04 19:28:22.738  3817  3881 I godot   : QUEST_COMBAT_CHUNK: {"kind":"EVENT","runId":"20261004-182729-1d1caa","recordId":223,"index":1,"count":2,"data":",\u0022ActiveLasers\u0022:0,\u0022PlayerWorldRaycastElapsedTicks\u0022:0,\u0022PlayerMechRaycastElapsedTicks\u0022:0,\u0022WeaponEffectPoolBuilds\u0022:0,\u0022WeaponEffectPoolFallbacks\u0022:0,\u0022EnemyAiMilliseconds\u0022:0.41224,\u0022EnemyAiElapsedMs\u0022:0.41224,\u0022LineOfSightMilliseconds\u0022:0,\u0022LineOfSightElapsedMs\u0022:0,\u0022MissilePoolCreationMilliseconds\u0022:0,\u0022MissilePoolCreationElapsedMs\u0022:0,\u0022PlayerDirectRaycastMilliseconds\u0022:0,\u0022PlayerWorldRaycastMilliseconds\u0022:0,\u0022PlayerMechRaycastMilliseconds\u0022:0,\u0022PlayerDirectDamageMilliseconds\u0022:0,\u0022PlayerWeaponVisualMilliseconds\u0022:0}}"}
10-04 19:28:22.738  3817  3881 I godot   : QUEST_COMBAT_CHUNK: {"kind":"EVENT","runId":"20261004-182729-1d1caa","recordId":224,"index":0,"count":2,"data":"{\u0022runId\u0022:\u002220261004-182729-1d1caa\u0022,\u0022trial\u0022:2,\u0022Seconds\u0022:8.8431714,\u0022Ms\u0022:16.59849999999885,\u0022Combat\u0022:{\u0022EnemyAiTicks\u0022:4,\u0022EnemyAiElapsedTicks\u0022:378698,\u0022LineOfSightCalls\u0022:0,\u0022LineOfSightElapsedTicks\u0022:0,\u0022MissilePoolsCreated\u0022:0,\u0022MissilePoolCreationElapsedTicks\u0022:0,\u0022PlayerDirectRaycastCalls\u0022:0,\u0022PlayerDirectRaycastElapsedTicks\u0022:0,\u0022PlayerDirectDamageCalls\u0022:0,\u0022PlayerDirectDamageElapsedTicks\u0022:0,\u0022PlayerWeaponVisualCalls\u0022:0,\u0022PlayerWeaponVisualElapsedTicks\u0022:0,\u0022WeaponLaunches\u0022:0,\u0022EnemyWeaponLaunches\u0022:0,\u0022MissileLaunches\u0022:1,\u0022Impacts\u0022:0,\u0022ActiveMissiles\u0022:14,"}
10-04 19:28:22.738  3817  3881 I godot   : QUEST_COMBAT_CHUNK: {"kind":"EVENT","runId":"20261004-182729-1d1caa","recordId":224,"index":1,"count":2,"data":"\u0022ActiveLasers\u0022:0,\u0022PlayerWorldRaycastElapsedTicks\u0022:0,\u0022PlayerMechRaycastElapsedTicks\u0022:0,\u0022WeaponEffectPoolBuilds\u0022:0,\u0022WeaponEffectPoolFallbacks\u0022:0,\u0022EnemyAiMilliseconds\u0022:0.378698,\u0022EnemyAiElapsedMs\u0022:0.378698,\u0022LineOfSightMilliseconds\u0022:0,\u0022LineOfSightElapsedMs\u0022:0,\u0022MissilePoolCreationMilliseconds\u0022:0,\u0022MissilePoolCreationElapsedMs\u0022:0,\u0022PlayerDirectRaycastMilliseconds\u0022:0,\u0022PlayerWorldRaycastMilliseconds\u0022:0,\u0022PlayerMechRaycastMilliseconds\u0022:0,\u0022PlayerDirectDamageMilliseconds\u0022:0,\u0022PlayerWeaponVisualMilliseconds\u0022:0}}"}
10-04 19:28:22.738  3817  3881 I godot   : QUEST_COMBAT_CHUNK: {"kind":"EVENT","runId":"20261004-182729-1d1caa","recordId":225,"index":0,"count":2,"data":"{\u0022runId\u0022:\u002220261004-182729-1d1caa\u0022,\u0022trial\u0022:2,\u0022Seconds\u0022:8.8745999,\u0022Ms\u0022:15.826399999999907,\u0022Combat\u0022:{\u0022EnemyAiTicks\u0022:4,\u0022EnemyAiElapsedTicks\u0022:372396,\u0022LineOfSightCalls\u0022:0,\u0022LineOfSightElapsedTicks\u0022:0,\u0022MissilePoolsCreated\u0022:0,\u0022MissilePoolCreationElapsedTicks\u0022:0,\u0022PlayerDirectRaycastCalls\u0022:0,\u0022PlayerDirectRaycastElapsedTicks\u0022:0,\u0022PlayerDirectDamageCalls\u0022:0,\u0022PlayerDirectDamageElapsedTicks\u0022:0,\u0022PlayerWeaponVisualCalls\u0022:0,\u0022PlayerWeaponVisualElapsedTicks\u0022:0,\u0022WeaponLaunches\u0022:0,\u0022EnemyWeaponLaunches\u0022:0,\u0022MissileLaunches\u0022:1,\u0022Impacts\u0022:0,\u0022ActiveMissiles\u0022:15"}
10-04 19:28:22.738  3817  3881 I godot   : QUEST_COMBAT_CHUNK: {"kind":"EVENT","runId":"20261004-182729-1d1caa","recordId":225,"index":1,"count":2,"data":",\u0022ActiveLasers\u0022:0,\u0022PlayerWorldRaycastElapsedTicks\u0022:0,\u0022PlayerMechRaycastElapsedTicks\u0022:0,\u0022WeaponEffectPoolBuilds\u0022:0,\u0022WeaponEffectPoolFallbacks\u0022:0,\u0022EnemyAiMilliseconds\u0022:0.372396,\u0022EnemyAiElapsedMs\u0022:0.372396,\u0022LineOfSightMilliseconds\u0022:0,\u0022LineOfSightElapsedMs\u0022:0,\u0022MissilePoolCreationMilliseconds\u0022:0,\u0022MissilePoolCreationElapsedMs\u0022:0,\u0022PlayerDirectRaycastMilliseconds\u0022:0,\u0022PlayerWorldRaycastMilliseconds\u0022:0,\u0022PlayerMechRaycastMilliseconds\u0022:0,\u0022PlayerDirectDamageMilliseconds\u0022:0,\u0022PlayerWeaponVisualMilliseconds\u0022:0}}"}
10-04 19:28:22.738  3817  3881 I godot   : QUEST_COMBAT_CHUNK: {"kind":"EVENT","runId":"20261004-182729-1d1caa","recordId":226,"index":0,"count":2,"data":"{\u0022runId\u0022:\u002220261004-182729-1d1caa\u0022,\u0022trial\u0022:2,\u0022Seconds\u0022:8.9076987,\u0022Ms\u0022:16.8727999999998,\u0022Combat\u0022:{\u0022EnemyAiTicks\u0022:4,\u0022EnemyAiElapsedTicks\u0022:369428,\u0022LineOfSightCalls\u0022:0,\u0022LineOfSightElapsedTicks\u0022:0,\u0022MissilePoolsCreated\u0022:0,\u0022MissilePoolCreationElapsedTicks\u0022:0,\u0022PlayerDirectRaycastCalls\u0022:0,\u0022PlayerDirectRaycastElapsedTicks\u0022:0,\u0022PlayerDirectDamageCalls\u0022:0,\u0022PlayerDirectDamageElapsedTicks\u0022:0,\u0022PlayerWeaponVisualCalls\u0022:0,\u0022PlayerWeaponVisualElapsedTicks\u0022:0,\u0022WeaponLaunches\u0022:0,\u0022EnemyWeaponLaunches\u0022:0,\u0022MissileLaunches\u0022:1,\u0022Impacts\u0022:0,\u0022ActiveMissiles\u0022:16,"}
10-04 19:28:22.738  3817  3881 I godot   : QUEST_COMBAT_CHUNK: {"kind":"EVENT","runId":"20261004-182729-1d1caa","recordId":226,"index":1,"count":2,"data":"\u0022ActiveLasers\u0022:0,\u0022PlayerWorldRaycastElapsedTicks\u0022:0,\u0022PlayerMechRaycastElapsedTicks\u0022:0,\u0022WeaponEffectPoolBuilds\u0022:0,\u0022WeaponEffectPoolFallbacks\u0022:0,\u0022EnemyAiMilliseconds\u0022:0.369428,\u0022EnemyAiElapsedMs\u0022:0.369428,\u0022LineOfSightMilliseconds\u0022:0,\u0022LineOfSightElapsedMs\u0022:0,\u0022MissilePoolCreationMilliseconds\u0022:0,\u0022MissilePoolCreationElapsedMs\u0022:0,\u0022PlayerDirectRaycastMilliseconds\u0022:0,\u0022PlayerWorldRaycastMilliseconds\u0022:0,\u0022PlayerMechRaycastMilliseconds\u0022:0,\u0022PlayerDirectDamageMilliseconds\u0022:0,\u0022PlayerWeaponVisualMilliseconds\u0022:0}}"}
10-04 19:28:22.743  3817  3881 I godot   : QUEST_COMBAT_CHUNK: {"kind":"EVENT","runId":"20261004-182729-1d1caa","recordId":227,"index":0,"count":2,"data":"{\u0022runId\u0022:\u002220261004-182729-1d1caa\u0022,\u0022trial\u0022:2,\u0022Seconds\u0022:8.9550164,\u0022Ms\u0022:15.35359999999919,\u0022Combat\u0022:{\u0022EnemyAiTicks\u0022:4,\u0022EnemyAiElapsedTicks\u0022:363021,\u0022LineOfSightCalls\u0022:0,\u0022LineOfSightElapsedTicks\u0022:0,\u0022MissilePoolsCreated\u0022:0,\u0022MissilePoolCreationElapsedTicks\u0022:0,\u0022PlayerDirectRaycastCalls\u0022:0,\u0022PlayerDirectRaycastElapsedTicks\u0022:0,\u0022PlayerDirectDamageCalls\u0022:0,\u0022PlayerDirectDamageElapsedTicks\u0022:0,\u0022PlayerWeaponVisualCalls\u0022:0,\u0022PlayerWeaponVisualElapsedTicks\u0022:0,\u0022WeaponLaunches\u0022:0,\u0022EnemyWeaponLaunches\u0022:0,\u0022MissileLaunches\u0022:1,\u0022Impacts\u0022:0,\u0022ActiveMissiles\u0022:17,"}
10-04 19:28:22.743  3817  3881 I godot   : QUEST_COMBAT_CHUNK: {"kind":"EVENT","runId":"20261004-182729-1d1caa","recordId":227,"index":1,"count":2,"data":"\u0022ActiveLasers\u0022:0,\u0022PlayerWorldRaycastElapsedTicks\u0022:0,\u0022PlayerMechRaycastElapsedTicks\u0022:0,\u0022WeaponEffectPoolBuilds\u0022:0,\u0022WeaponEffectPoolFallbacks\u0022:0,\u0022EnemyAiMilliseconds\u0022:0.363021,\u0022EnemyAiElapsedMs\u0022:0.363021,\u0022LineOfSightMilliseconds\u0022:0,\u0022LineOfSightElapsedMs\u0022:0,\u0022MissilePoolCreationMilliseconds\u0022:0,\u0022MissilePoolCreationElapsedMs\u0022:0,\u0022PlayerDirectRaycastMilliseconds\u0022:0,\u0022PlayerWorldRaycastMilliseconds\u0022:0,\u0022PlayerMechRaycastMilliseconds\u0022:0,\u0022PlayerDirectDamageMilliseconds\u0022:0,\u0022PlayerWeaponVisualMilliseconds\u0022:0}}"}
10-04 19:28:22.743  3817  3881 I godot   : QUEST_COMBAT_CHUNK: {"kind":"EVENT","runId":"20261004-182729-1d1caa","recordId":228,"index":0,"count":2,"data":"{\u0022runId\u0022:\u002220261004-182729-1d1caa\u0022,\u0022trial\u0022:2,\u0022Seconds\u0022:8.9706513,\u0022Ms\u0022:15.63490000000023,\u0022Combat\u0022:{\u0022EnemyAiTicks\u0022:4,\u0022EnemyAiElapsedTicks\u0022:414323,\u0022LineOfSightCalls\u0022:0,\u0022LineOfSightElapsedTicks\u0022:0,\u0022MissilePoolsCreated\u0022:0,\u0022MissilePoolCreationElapsedTicks\u0022:0,\u0022PlayerDirectRaycastCalls\u0022:0,\u0022PlayerDirectRaycastElapsedTicks\u0022:0,\u0022PlayerDirectDamageCalls\u0022:0,\u0022PlayerDirectDamageElapsedTicks\u0022:0,\u0022PlayerWeaponVisualCalls\u0022:0,\u0022PlayerWeaponVisualElapsedTicks\u0022:0,\u0022WeaponLaunches\u0022:0,\u0022EnemyWeaponLaunches\u0022:0,\u0022MissileLaunches\u0022:1,\u0022Impacts\u0022:0,\u0022ActiveMissiles\u0022:18,"}
10-04 19:28:22.743  3817  3881 I godot   : QUEST_COMBAT_CHUNK: {"kind":"EVENT","runId":"20261004-182729-1d1caa","recordId":228,"index":1,"count":2,"data":"\u0022ActiveLasers\u0022:0,\u0022PlayerWorldRaycastElapsedTicks\u0022:0,\u0022PlayerMechRaycastElapsedTicks\u0022:0,\u0022WeaponEffectPoolBuilds\u0022:0,\u0022WeaponEffectPoolFallbacks\u0022:0,\u0022EnemyAiMilliseconds\u0022:0.414323,\u0022EnemyAiElapsedMs\u0022:0.414323,\u0022LineOfSightMilliseconds\u0022:0,\u0022LineOfSightElapsedMs\u0022:0,\u0022MissilePoolCreationMilliseconds\u0022:0,\u0022MissilePoolCreationElapsedMs\u0022:0,\u0022PlayerDirectRaycastMilliseconds\u0022:0,\u0022PlayerWorldRaycastMilliseconds\u0022:0,\u0022PlayerMechRaycastMilliseconds\u0022:0,\u0022PlayerDirectDamageMilliseconds\u0022:0,\u0022PlayerWeaponVisualMilliseconds\u0022:0}}"}
10-04 19:28:22.744  3817  3881 I godot   : QUEST_COMBAT_CHUNK: {"kind":"EVENT","runId":"20261004-182729-1d1caa","recordId":229,"index":0,"count":2,"data":"{\u0022runId\u0022:\u002220261004-182729-1d1caa\u0022,\u0022trial\u0022:2,\u0022Seconds\u0022:9.0182939,\u0022Ms\u0022:15.620499999998927,\u0022Combat\u0022:{\u0022EnemyAiTicks\u0022:4,\u0022EnemyAiElapsedTicks\u0022:346719,\u0022LineOfSightCalls\u0022:0,\u0022LineOfSightElapsedTicks\u0022:0,\u0022MissilePoolsCreated\u0022:0,\u0022MissilePoolCreationElapsedTicks\u0022:0,\u0022PlayerDirectRaycastCalls\u0022:0,\u0022PlayerDirectRaycastElapsedTicks\u0022:0,\u0022PlayerDirectDamageCalls\u0022:0,\u0022PlayerDirectDamageElapsedTicks\u0022:0,\u0022PlayerWeaponVisualCalls\u0022:0,\u0022PlayerWeaponVisualElapsedTicks\u0022:0,\u0022WeaponLaunches\u0022:0,\u0022EnemyWeaponLaunches\u0022:0,\u0022MissileLaunches\u0022:1,\u0022Impacts\u0022:0,\u0022ActiveMissiles\u0022:19"}
10-04 19:28:22.744  3817  3881 I godot   : QUEST_COMBAT_CHUNK: {"kind":"EVENT","runId":"20261004-182729-1d1caa","recordId":229,"index":1,"count":2,"data":",\u0022ActiveLasers\u0022:0,\u0022PlayerWorldRaycastElapsedTicks\u0022:0,\u0022PlayerMechRaycastElapsedTicks\u0022:0,\u0022WeaponEffectPoolBuilds\u0022:0,\u0022WeaponEffectPoolFallbacks\u0022:0,\u0022EnemyAiMilliseconds\u0022:0.346719,\u0022EnemyAiElapsedMs\u0022:0.346719,\u0022LineOfSightMilliseconds\u0022:0,\u0022LineOfSightElapsedMs\u0022:0,\u0022MissilePoolCreationMilliseconds\u0022:0,\u0022MissilePoolCreationElapsedMs\u0022:0,\u0022PlayerDirectRaycastMilliseconds\u0022:0,\u0022PlayerWorldRaycastMilliseconds\u0022:0,\u0022PlayerMechRaycastMilliseconds\u0022:0,\u0022PlayerDirectDamageMilliseconds\u0022:0,\u0022PlayerWeaponVisualMilliseconds\u0022:0}}"}
10-04 19:28:22.744  3817  3881 I godot   : QUEST_COMBAT_CHUNK: {"kind":"EVENT","runId":"20261004-182729-1d1caa","recordId":230,"index":0,"count":2,"data":"{\u0022runId\u0022:\u002220261004-182729-1d1caa\u0022,\u0022trial\u0022:2,\u0022Seconds\u0022:9.0504016,\u0022Ms\u0022:16.892500000000865,\u0022Combat\u0022:{\u0022EnemyAiTicks\u0022:4,\u0022EnemyAiElapsedTicks\u0022:310157,\u0022LineOfSightCalls\u0022:0,\u0022LineOfSightElapsedTicks\u0022:0,\u0022MissilePoolsCreated\u0022:0,\u0022MissilePoolCreationElapsedTicks\u0022:0,\u0022PlayerDirectRaycastCalls\u0022:0,\u0022PlayerDirectRaycastElapsedTicks\u0022:0,\u0022PlayerDirectDamageCalls\u0022:0,\u0022PlayerDirectDamageElapsedTicks\u0022:0,\u0022PlayerWeaponVisualCalls\u0022:0,\u0022PlayerWeaponVisualElapsedTicks\u0022:0,\u0022WeaponLaunches\u0022:0,\u0022EnemyWeaponLaunches\u0022:0,\u0022MissileLaunches\u0022:1,\u0022Impacts\u0022:0,\u0022ActiveMissiles\u0022:20"}
10-04 19:28:22.744  3817  3881 I godot   : QUEST_COMBAT_CHUNK: {"kind":"EVENT","runId":"20261004-182729-1d1caa","recordId":230,"index":1,"count":2,"data":",\u0022ActiveLasers\u0022:0,\u0022PlayerWorldRaycastElapsedTicks\u0022:0,\u0022PlayerMechRaycastElapsedTicks\u0022:0,\u0022WeaponEffectPoolBuilds\u0022:0,\u0022WeaponEffectPoolFallbacks\u0022:0,\u0022EnemyAiMilliseconds\u0022:0.310157,\u0022EnemyAiElapsedMs\u0022:0.310157,\u0022LineOfSightMilliseconds\u0022:0,\u0022LineOfSightElapsedMs\u0022:0,\u0022MissilePoolCreationMilliseconds\u0022:0,\u0022MissilePoolCreationElapsedMs\u0022:0,\u0022PlayerDirectRaycastMilliseconds\u0022:0,\u0022PlayerWorldRaycastMilliseconds\u0022:0,\u0022PlayerMechRaycastMilliseconds\u0022:0,\u0022PlayerDirectDamageMilliseconds\u0022:0,\u0022PlayerWeaponVisualMilliseconds\u0022:0}}"}
10-04 19:28:22.744  3817  3881 I godot   : QUEST_COMBAT_CHUNK: {"kind":"EVENT","runId":"20261004-182729-1d1caa","recordId":231,"index":0,"count":2,"data":"{\u0022runId\u0022:\u002220261004-182729-1d1caa\u0022,\u0022trial\u0022:2,\u0022Seconds\u0022:9.0787804,\u0022Ms\u0022:12.521699999998859,\u0022Combat\u0022:{\u0022EnemyAiTicks\u0022:0,\u0022EnemyAiElapsedTicks\u0022:0,\u0022LineOfSightCalls\u0022:0,\u0022LineOfSightElapsedTicks\u0022:0,\u0022MissilePoolsCreated\u0022:0,\u0022MissilePoolCreationElapsedTicks\u0022:0,\u0022PlayerDirectRaycastCalls\u0022:0,\u0022PlayerDirectRaycastElapsedTicks\u0022:0,\u0022PlayerDirectDamageCalls\u0022:0,\u0022PlayerDirectDamageElapsedTicks\u0022:0,\u0022PlayerWeaponVisualCalls\u0022:0,\u0022PlayerWeaponVisualElapsedTicks\u0022:0,\u0022WeaponLaunches\u0022:0,\u0022EnemyWeaponLaunches\u0022:0,\u0022MissileLaunches\u0022:1,\u0022Impacts\u0022:0,\u0022ActiveMissiles\u0022:21,"}
10-04 19:28:22.744  3817  3881 I godot   : QUEST_COMBAT_CHUNK: {"kind":"EVENT","runId":"20261004-182729-1d1caa","recordId":231,"index":1,"count":2,"data":"\u0022ActiveLasers\u0022:0,\u0022PlayerWorldRaycastElapsedTicks\u0022:0,\u0022PlayerMechRaycastElapsedTicks\u0022:0,\u0022WeaponEffectPoolBuilds\u0022:0,\u0022WeaponEffectPoolFallbacks\u0022:0,\u0022EnemyAiMilliseconds\u0022:0,\u0022EnemyAiElapsedMs\u0022:0,\u0022LineOfSightMilliseconds\u0022:0,\u0022LineOfSightElapsedMs\u0022:0,\u0022MissilePoolCreationMilliseconds\u0022:0,\u0022MissilePoolCreationElapsedMs\u0022:0,\u0022PlayerDirectRaycastMilliseconds\u0022:0,\u0022PlayerWorldRaycastMilliseconds\u0022:0,\u0022PlayerMechRaycastMilliseconds\u0022:0,\u0022PlayerDirectDamageMilliseconds\u0022:0,\u0022PlayerWeaponVisualMilliseconds\u0022:0}}"}
10-04 19:28:22.745  3817  3881 I godot   : QUEST_COMBAT_CHUNK: {"kind":"EVENT","runId":"20261004-182729-1d1caa","recordId":232,"index":0,"count":2,"data":"{\u0022runId\u0022:\u002220261004-182729-1d1caa\u0022,\u0022trial\u0022:2,\u0022Seconds\u0022:9.1161604,\u0022Ms\u0022:18.911199999999795,\u0022Combat\u0022:{\u0022EnemyAiTicks\u0022:4,\u0022EnemyAiElapsedTicks\u0022:1981250,\u0022LineOfSightCalls\u0022:1,\u0022LineOfSightElapsedTicks\u0022:252917,\u0022MissilePoolsCreated\u0022:0,\u0022MissilePoolCreationElapsedTicks\u0022:0,\u0022PlayerDirectRaycastCalls\u0022:0,\u0022PlayerDirectRaycastElapsedTicks\u0022:0,\u0022PlayerDirectDamageCalls\u0022:0,\u0022PlayerDirectDamageElapsedTicks\u0022:0,\u0022PlayerWeaponVisualCalls\u0022:0,\u0022PlayerWeaponVisualElapsedTicks\u0022:0,\u0022WeaponLaunches\u0022:1,\u0022EnemyWeaponLaunches\u0022:1,\u0022MissileLaunches\u0022:0,\u0022Impacts\u0022:1,\u0022ActiveMissiles"}
10-04 19:28:22.745  3817  3881 I godot   : QUEST_COMBAT_CHUNK: {"kind":"EVENT","runId":"20261004-182729-1d1caa","recordId":232,"index":1,"count":2,"data":"\u0022:21,\u0022ActiveLasers\u0022:3,\u0022PlayerWorldRaycastElapsedTicks\u0022:0,\u0022PlayerMechRaycastElapsedTicks\u0022:0,\u0022WeaponEffectPoolBuilds\u0022:0,\u0022WeaponEffectPoolFallbacks\u0022:0,\u0022EnemyAiMilliseconds\u0022:1.98125,\u0022EnemyAiElapsedMs\u0022:1.98125,\u0022LineOfSightMilliseconds\u0022:0.252917,\u0022LineOfSightElapsedMs\u0022:0.252917,\u0022MissilePoolCreationMilliseconds\u0022:0,\u0022MissilePoolCreationElapsedMs\u0022:0,\u0022PlayerDirectRaycastMilliseconds\u0022:0,\u0022PlayerWorldRaycastMilliseconds\u0022:0,\u0022PlayerMechRaycastMilliseconds\u0022:0,\u0022PlayerDirectDamageMilliseconds\u0022:0,\u0022PlayerWeaponVisualMilliseconds\u0022:0}}"}
10-04 19:28:22.745  3817  3881 I godot   : QUEST_COMBAT_CHUNK: {"kind":"EVENT","runId":"20261004-182729-1d1caa","recordId":233,"index":0,"count":2,"data":"{\u0022runId\u0022:\u002220261004-182729-1d1caa\u0022,\u0022trial\u0022:2,\u0022Seconds\u0022:9.1308859,\u0022Ms\u0022:14.725500000000835,\u0022Combat\u0022:{\u0022EnemyAiTicks\u0022:4,\u0022EnemyAiElapsedTicks\u0022:322135,\u0022LineOfSightCalls\u0022:0,\u0022LineOfSightElapsedTicks\u0022:0,\u0022MissilePoolsCreated\u0022:0,\u0022MissilePoolCreationElapsedTicks\u0022:0,\u0022PlayerDirectRaycastCalls\u0022:0,\u0022PlayerDirectRaycastElapsedTicks\u0022:0,\u0022PlayerDirectDamageCalls\u0022:0,\u0022PlayerDirectDamageElapsedTicks\u0022:0,\u0022PlayerWeaponVisualCalls\u0022:0,\u0022PlayerWeaponVisualElapsedTicks\u0022:0,\u0022WeaponLaunches\u0022:0,\u0022EnemyWeaponLaunches\u0022:0,\u0022MissileLaunches\u0022:1,\u0022Impacts\u0022:0,\u0022ActiveMissiles\u0022:22"}
10-04 19:28:22.745  3817  3881 I godot   : QUEST_COMBAT_CHUNK: {"kind":"EVENT","runId":"20261004-182729-1d1caa","recordId":233,"index":1,"count":2,"data":",\u0022ActiveLasers\u0022:3,\u0022PlayerWorldRaycastElapsedTicks\u0022:0,\u0022PlayerMechRaycastElapsedTicks\u0022:0,\u0022WeaponEffectPoolBuilds\u0022:0,\u0022WeaponEffectPoolFallbacks\u0022:0,\u0022EnemyAiMilliseconds\u0022:0.322135,\u0022EnemyAiElapsedMs\u0022:0.322135,\u0022LineOfSightMilliseconds\u0022:0,\u0022LineOfSightElapsedMs\u0022:0,\u0022MissilePoolCreationMilliseconds\u0022:0,\u0022MissilePoolCreationElapsedMs\u0022:0,\u0022PlayerDirectRaycastMilliseconds\u0022:0,\u0022PlayerWorldRaycastMilliseconds\u0022:0,\u0022PlayerMechRaycastMilliseconds\u0022:0,\u0022PlayerDirectDamageMilliseconds\u0022:0,\u0022PlayerWeaponVisualMilliseconds\u0022:0}}"}
10-04 19:28:22.745  3817  3881 I godot   : QUEST_COMBAT_CHUNK: {"kind":"EVENT","runId":"20261004-182729-1d1caa","recordId":234,"index":0,"count":2,"data":"{\u0022runId\u0022:\u002220261004-182729-1d1caa\u0022,\u0022trial\u0022:2,\u0022Seconds\u0022:9.1645314,\u0022Ms\u0022:16.945200000000327,\u0022Combat\u0022:{\u0022EnemyAiTicks\u0022:4,\u0022EnemyAiElapsedTicks\u0022:358698,\u0022LineOfSightCalls\u0022:0,\u0022LineOfSightElapsedTicks\u0022:0,\u0022MissilePoolsCreated\u0022:0,\u0022MissilePoolCreationElapsedTicks\u0022:0,\u0022PlayerDirectRaycastCalls\u0022:0,\u0022PlayerDirectRaycastElapsedTicks\u0022:0,\u0022PlayerDirectDamageCalls\u0022:0,\u0022PlayerDirectDamageElapsedTicks\u0022:0,\u0022PlayerWeaponVisualCalls\u0022:0,\u0022PlayerWeaponVisualElapsedTicks\u0022:0,\u0022WeaponLaunches\u0022:0,\u0022EnemyWeaponLaunches\u0022:0,\u0022MissileLaunches\u0022:1,\u0022Impacts\u0022:0,\u0022ActiveMissiles\u0022:23"}
10-04 19:28:22.745  3817  3881 I godot   : QUEST_COMBAT_CHUNK: {"kind":"EVENT","runId":"20261004-182729-1d1caa","recordId":234,"index":1,"count":2,"data":",\u0022ActiveLasers\u0022:3,\u0022PlayerWorldRaycastElapsedTicks\u0022:0,\u0022PlayerMechRaycastElapsedTicks\u0022:0,\u0022WeaponEffectPoolBuilds\u0022:0,\u0022WeaponEffectPoolFallbacks\u0022:0,\u0022EnemyAiMilliseconds\u0022:0.358698,\u0022EnemyAiElapsedMs\u0022:0.358698,\u0022LineOfSightMilliseconds\u0022:0,\u0022LineOfSightElapsedMs\u0022:0,\u0022MissilePoolCreationMilliseconds\u0022:0,\u0022MissilePoolCreationElapsedMs\u0022:0,\u0022PlayerDirectRaycastMilliseconds\u0022:0,\u0022PlayerWorldRaycastMilliseconds\u0022:0,\u0022PlayerMechRaycastMilliseconds\u0022:0,\u0022PlayerDirectDamageMilliseconds\u0022:0,\u0022PlayerWeaponVisualMilliseconds\u0022:0}}"}
10-04 19:28:22.745  3817  3881 I godot   : QUEST_COMBAT_CHUNK: {"kind":"EVENT","runId":"20261004-182729-1d1caa","recordId":235,"index":0,"count":2,"data":"{\u0022runId\u0022:\u002220261004-182729-1d1caa\u0022,\u0022trial\u0022:2,\u0022Seconds\u0022:9.1981232,\u0022Ms\u0022:16.859399999999525,\u0022Combat\u0022:{\u0022EnemyAiTicks\u0022:4,\u0022EnemyAiElapsedTicks\u0022:356249,\u0022LineOfSightCalls\u0022:0,\u0022LineOfSightElapsedTicks\u0022:0,\u0022MissilePoolsCreated\u0022:0,\u0022MissilePoolCreationElapsedTicks\u0022:0,\u0022PlayerDirectRaycastCalls\u0022:0,\u0022PlayerDirectRaycastElapsedTicks\u0022:0,\u0022PlayerDirectDamageCalls\u0022:0,\u0022PlayerDirectDamageElapsedTicks\u0022:0,\u0022PlayerWeaponVisualCalls\u0022:0,\u0022PlayerWeaponVisualElapsedTicks\u0022:0,\u0022WeaponLaunches\u0022:0,\u0022EnemyWeaponLaunches\u0022:0,\u0022MissileLaunches\u0022:1,\u0022Impacts\u0022:0,\u0022ActiveMissiles\u0022:24"}
10-04 19:28:22.746  3817  3881 I godot   : QUEST_COMBAT_CHUNK: {"kind":"EVENT","runId":"20261004-182729-1d1caa","recordId":235,"index":1,"count":2,"data":",\u0022ActiveLasers\u0022:3,\u0022PlayerWorldRaycastElapsedTicks\u0022:0,\u0022PlayerMechRaycastElapsedTicks\u0022:0,\u0022WeaponEffectPoolBuilds\u0022:0,\u0022WeaponEffectPoolFallbacks\u0022:0,\u0022EnemyAiMilliseconds\u0022:0.356249,\u0022EnemyAiElapsedMs\u0022:0.356249,\u0022LineOfSightMilliseconds\u0022:0,\u0022LineOfSightElapsedMs\u0022:0,\u0022MissilePoolCreationMilliseconds\u0022:0,\u0022MissilePoolCreationElapsedMs\u0022:0,\u0022PlayerDirectRaycastMilliseconds\u0022:0,\u0022PlayerWorldRaycastMilliseconds\u0022:0,\u0022PlayerMechRaycastMilliseconds\u0022:0,\u0022PlayerDirectDamageMilliseconds\u0022:0,\u0022PlayerWeaponVisualMilliseconds\u0022:0}}"}
10-04 19:28:22.746  3817  3881 I godot   : QUEST_COMBAT_CHUNK: {"kind":"EVENT","runId":"20261004-182729-1d1caa","recordId":236,"index":0,"count":2,"data":"{\u0022runId\u0022:\u002220261004-182729-1d1caa\u0022,\u0022trial\u0022:2,\u0022Seconds\u0022:10.1292059,\u0022Ms\u0022:15.476800000000068,\u0022Combat\u0022:{\u0022EnemyAiTicks\u0022:4,\u0022EnemyAiElapsedTicks\u0022:1345260,\u0022LineOfSightCalls\u0022:1,\u0022LineOfSightElapsedTicks\u0022:199271,\u0022MissilePoolsCreated\u0022:0,\u0022MissilePoolCreationElapsedTicks\u0022:0,\u0022PlayerDirectRaycastCalls\u0022:0,\u0022PlayerDirectRaycastElapsedTicks\u0022:0,\u0022PlayerDirectDamageCalls\u0022:0,\u0022PlayerDirectDamageElapsedTicks\u0022:0,\u0022PlayerWeaponVisualCalls\u0022:0,\u0022PlayerWeaponVisualElapsedTicks\u0022:0,\u0022WeaponLaunches\u0022:1,\u0022EnemyWeaponLaunches\u0022:1,\u0022MissileLaunches\u0022:0,\u0022Impacts\u0022:0,\u0022ActiveMissiles"}
10-04 19:28:22.746  3817  3881 I godot   : QUEST_COMBAT_CHUNK: {"kind":"EVENT","runId":"20261004-182729-1d1caa","recordId":236,"index":1,"count":2,"data":"\u0022:23,\u0022ActiveLasers\u0022:0,\u0022PlayerWorldRaycastElapsedTicks\u0022:0,\u0022PlayerMechRaycastElapsedTicks\u0022:0,\u0022WeaponEffectPoolBuilds\u0022:0,\u0022WeaponEffectPoolFallbacks\u0022:0,\u0022EnemyAiMilliseconds\u0022:1.34526,\u0022EnemyAiElapsedMs\u0022:1.34526,\u0022LineOfSightMilliseconds\u0022:0.199271,\u0022LineOfSightElapsedMs\u0022:0.199271,\u0022MissilePoolCreationMilliseconds\u0022:0,\u0022MissilePoolCreationElapsedMs\u0022:0,\u0022PlayerDirectRaycastMilliseconds\u0022:0,\u0022PlayerWorldRaycastMilliseconds\u0022:0,\u0022PlayerMechRaycastMilliseconds\u0022:0,\u0022PlayerDirectDamageMilliseconds\u0022:0,\u0022PlayerWeaponVisualMilliseconds\u0022:0}}"}
10-04 19:28:22.746  3817  3881 I godot   : QUEST_COMBAT_CHUNK: {"kind":"EVENT","runId":"20261004-182729-1d1caa","recordId":237,"index":0,"count":2,"data":"{\u0022runId\u0022:\u002220261004-182729-1d1caa\u0022,\u0022trial\u0022:2,\u0022Seconds\u0022:10.142196,\u0022Ms\u0022:12.990099999999671,\u0022Combat\u0022:{\u0022EnemyAiTicks\u0022:4,\u0022EnemyAiElapsedTicks\u0022:405417,\u0022LineOfSightCalls\u0022:0,\u0022LineOfSightElapsedTicks\u0022:0,\u0022MissilePoolsCreated\u0022:0,\u0022MissilePoolCreationElapsedTicks\u0022:0,\u0022PlayerDirectRaycastCalls\u0022:0,\u0022PlayerDirectRaycastElapsedTicks\u0022:0,\u0022PlayerDirectDamageCalls\u0022:0,\u0022PlayerDirectDamageElapsedTicks\u0022:0,\u0022PlayerWeaponVisualCalls\u0022:0,\u0022PlayerWeaponVisualElapsedTicks\u0022:0,\u0022WeaponLaunches\u0022:0,\u0022EnemyWeaponLaunches\u0022:0,\u0022MissileLaunches\u0022:1,\u0022Impacts\u0022:0,\u0022ActiveMissiles\u0022:24"}
10-04 19:28:22.746  3817  3881 I godot   : QUEST_COMBAT_CHUNK: {"kind":"EVENT","runId":"20261004-182729-1d1caa","recordId":237,"index":1,"count":2,"data":",\u0022ActiveLasers\u0022:0,\u0022PlayerWorldRaycastElapsedTicks\u0022:0,\u0022PlayerMechRaycastElapsedTicks\u0022:0,\u0022WeaponEffectPoolBuilds\u0022:0,\u0022WeaponEffectPoolFallbacks\u0022:0,\u0022EnemyAiMilliseconds\u0022:0.405417,\u0022EnemyAiElapsedMs\u0022:0.405417,\u0022LineOfSightMilliseconds\u0022:0,\u0022LineOfSightElapsedMs\u0022:0,\u0022MissilePoolCreationMilliseconds\u0022:0,\u0022MissilePoolCreationElapsedMs\u0022:0,\u0022PlayerDirectRaycastMilliseconds\u0022:0,\u0022PlayerWorldRaycastMilliseconds\u0022:0,\u0022PlayerMechRaycastMilliseconds\u0022:0,\u0022PlayerDirectDamageMilliseconds\u0022:0,\u0022PlayerWeaponVisualMilliseconds\u0022:0}}"}
10-04 19:28:22.746  3817  3881 I godot   : QUEST_COMBAT_CHUNK: {"kind":"EVENT","runId":"20261004-182729-1d1caa","recordId":238,"index":0,"count":2,"data":"{\u0022runId\u0022:\u002220261004-182729-1d1caa\u0022,\u0022trial\u0022:2,\u0022Seconds\u0022:10.1704085,\u0022Ms\u0022:14.337700000000453,\u0022Combat\u0022:{\u0022EnemyAiTicks\u0022:4,\u0022EnemyAiElapsedTicks\u0022:423594,\u0022LineOfSightCalls\u0022:0,\u0022LineOfSightElapsedTicks\u0022:0,\u0022MissilePoolsCreated\u0022:0,\u0022MissilePoolCreationElapsedTicks\u0022:0,\u0022PlayerDirectRaycastCalls\u0022:0,\u0022PlayerDirectRaycastElapsedTicks\u0022:0,\u0022PlayerDirectDamageCalls\u0022:0,\u0022PlayerDirectDamageElapsedTicks\u0022:0,\u0022PlayerWeaponVisualCalls\u0022:0,\u0022PlayerWeaponVisualElapsedTicks\u0022:0,\u0022WeaponLaunches\u0022:0,\u0022EnemyWeaponLaunches\u0022:0,\u0022MissileLaunches\u0022:1,\u0022Impacts\u0022:0,\u0022ActiveMissiles\u0022:2"}
10-04 19:28:22.746  3817  3881 I godot   : QUEST_COMBAT_CHUNK: {"kind":"EVENT","runId":"20261004-182729-1d1caa","recordId":238,"index":1,"count":2,"data":"5,\u0022ActiveLasers\u0022:0,\u0022PlayerWorldRaycastElapsedTicks\u0022:0,\u0022PlayerMechRaycastElapsedTicks\u0022:0,\u0022WeaponEffectPoolBuilds\u0022:0,\u0022WeaponEffectPoolFallbacks\u0022:0,\u0022EnemyAiMilliseconds\u0022:0.423594,\u0022EnemyAiElapsedMs\u0022:0.423594,\u0022LineOfSightMilliseconds\u0022:0,\u0022LineOfSightElapsedMs\u0022:0,\u0022MissilePoolCreationMilliseconds\u0022:0,\u0022MissilePoolCreationElapsedMs\u0022:0,\u0022PlayerDirectRaycastMilliseconds\u0022:0,\u0022PlayerWorldRaycastMilliseconds\u0022:0,\u0022PlayerMechRaycastMilliseconds\u0022:0,\u0022PlayerDirectDamageMilliseconds\u0022:0,\u0022PlayerWeaponVisualMilliseconds\u0022:0}}"}
10-04 19:28:22.747  3817  3881 I godot   : QUEST_COMBAT_CHUNK: {"kind":"EVENT","runId":"20261004-182729-1d1caa","recordId":239,"index":0,"count":2,"data":"{\u0022runId\u0022:\u002220261004-182729-1d1caa\u0022,\u0022trial\u0022:2,\u0022Seconds\u0022:10.2136035,\u0022Ms\u0022:17.967399999999856,\u0022Combat\u0022:{\u0022EnemyAiTicks\u0022:4,\u0022EnemyAiElapsedTicks\u0022:452449,\u0022LineOfSightCalls\u0022:0,\u0022LineOfSightElapsedTicks\u0022:0,\u0022MissilePoolsCreated\u0022:0,\u0022MissilePoolCreationElapsedTicks\u0022:0,\u0022PlayerDirectRaycastCalls\u0022:0,\u0022PlayerDirectRaycastElapsedTicks\u0022:0,\u0022PlayerDirectDamageCalls\u0022:0,\u0022PlayerDirectDamageElapsedTicks\u0022:0,\u0022PlayerWeaponVisualCalls\u0022:0,\u0022PlayerWeaponVisualElapsedTicks\u0022:0,\u0022WeaponLaunches\u0022:0,\u0022EnemyWeaponLaunches\u0022:0,\u0022MissileLaunches\u0022:1,\u0022Impacts\u0022:0,\u0022ActiveMissiles\u0022:2"}
10-04 19:28:22.747  3817  3881 I godot   : QUEST_COMBAT_CHUNK: {"kind":"EVENT","runId":"20261004-182729-1d1caa","recordId":239,"index":1,"count":2,"data":"6,\u0022ActiveLasers\u0022:0,\u0022PlayerWorldRaycastElapsedTicks\u0022:0,\u0022PlayerMechRaycastElapsedTicks\u0022:0,\u0022WeaponEffectPoolBuilds\u0022:0,\u0022WeaponEffectPoolFallbacks\u0022:0,\u0022EnemyAiMilliseconds\u0022:0.452449,\u0022EnemyAiElapsedMs\u0022:0.452449,\u0022LineOfSightMilliseconds\u0022:0,\u0022LineOfSightElapsedMs\u0022:0,\u0022MissilePoolCreationMilliseconds\u0022:0,\u0022MissilePoolCreationElapsedMs\u0022:0,\u0022PlayerDirectRaycastMilliseconds\u0022:0,\u0022PlayerWorldRaycastMilliseconds\u0022:0,\u0022PlayerMechRaycastMilliseconds\u0022:0,\u0022PlayerDirectDamageMilliseconds\u0022:0,\u0022PlayerWeaponVisualMilliseconds\u0022:0}}"}
10-04 19:28:22.747  3817  3881 I godot   : QUEST_COMBAT_CHUNK: {"kind":"EVENT","runId":"20261004-182729-1d1caa","recordId":240,"index":0,"count":2,"data":"{\u0022runId\u0022:\u002220261004-182729-1d1caa\u0022,\u0022trial\u0022:2,\u0022Seconds\u0022:10.2432529,\u0022Ms\u0022:15.580399999999273,\u0022Combat\u0022:{\u0022EnemyAiTicks\u0022:4,\u0022EnemyAiElapsedTicks\u0022:392083,\u0022LineOfSightCalls\u0022:0,\u0022LineOfSightElapsedTicks\u0022:0,\u0022MissilePoolsCreated\u0022:0,\u0022MissilePoolCreationElapsedTicks\u0022:0,\u0022PlayerDirectRaycastCalls\u0022:0,\u0022PlayerDirectRaycastElapsedTicks\u0022:0,\u0022PlayerDirectDamageCalls\u0022:0,\u0022PlayerDirectDamageElapsedTicks\u0022:0,\u0022PlayerWeaponVisualCalls\u0022:0,\u0022PlayerWeaponVisualElapsedTicks\u0022:0,\u0022WeaponLaunches\u0022:0,\u0022EnemyWeaponLaunches\u0022:0,\u0022MissileLaunches\u0022:1,\u0022Impacts\u0022:0,\u0022ActiveMissiles\u0022:2"}
10-04 19:28:22.747  3817  3881 I godot   : QUEST_COMBAT_CHUNK: {"kind":"EVENT","runId":"20261004-182729-1d1caa","recordId":240,"index":1,"count":2,"data":"7,\u0022ActiveLasers\u0022:0,\u0022PlayerWorldRaycastElapsedTicks\u0022:0,\u0022PlayerMechRaycastElapsedTicks\u0022:0,\u0022WeaponEffectPoolBuilds\u0022:0,\u0022WeaponEffectPoolFallbacks\u0022:0,\u0022EnemyAiMilliseconds\u0022:0.392083,\u0022EnemyAiElapsedMs\u0022:0.392083,\u0022LineOfSightMilliseconds\u0022:0,\u0022LineOfSightElapsedMs\u0022:0,\u0022MissilePoolCreationMilliseconds\u0022:0,\u0022MissilePoolCreationElapsedMs\u0022:0,\u0022PlayerDirectRaycastMilliseconds\u0022:0,\u0022PlayerWorldRaycastMilliseconds\u0022:0,\u0022PlayerMechRaycastMilliseconds\u0022:0,\u0022PlayerDirectDamageMilliseconds\u0022:0,\u0022PlayerWeaponVisualMilliseconds\u0022:0}}"}
10-04 19:28:22.747  3817  3881 I godot   : QUEST_COMBAT_CHUNK: {"kind":"EVENT","runId":"20261004-182729-1d1caa","recordId":241,"index":0,"count":2,"data":"{\u0022runId\u0022:\u002220261004-182729-1d1caa\u0022,\u0022trial\u0022:2,\u0022Seconds\u0022:10.5260153,\u0022Ms\u0022:16.730299999998977,\u0022Combat\u0022:{\u0022EnemyAiTicks\u0022:4,\u0022EnemyAiElapsedTicks\u0022:400677,\u0022LineOfSightCalls\u0022:0,\u0022LineOfSightElapsedTicks\u0022:0,\u0022MissilePoolsCreated\u0022:0,\u0022MissilePoolCreationElapsedTicks\u0022:0,\u0022PlayerDirectRaycastCalls\u0022:0,\u0022PlayerDirectRaycastElapsedTicks\u0022:0,\u0022PlayerDirectDamageCalls\u0022:0,\u0022PlayerDirectDamageElapsedTicks\u0022:0,\u0022PlayerWeaponVisualCalls\u0022:0,\u0022PlayerWeaponVisualElapsedTicks\u0022:0,\u0022WeaponLaunches\u0022:1,\u0022EnemyWeaponLaunches\u0022:0,\u0022MissileLaunches\u0022:1,\u0022Impacts\u0022:0,\u0022ActiveMissiles\u0022:2"}
10-04 19:28:22.747  3817  3881 I godot   : QUEST_COMBAT_CHUNK: {"kind":"EVENT","runId":"20261004-182729-1d1caa","recordId":241,"index":1,"count":2,"data":"8,\u0022ActiveLasers\u0022:0,\u0022PlayerWorldRaycastElapsedTicks\u0022:0,\u0022PlayerMechRaycastElapsedTicks\u0022:0,\u0022WeaponEffectPoolBuilds\u0022:0,\u0022WeaponEffectPoolFallbacks\u0022:0,\u0022EnemyAiMilliseconds\u0022:0.400677,\u0022EnemyAiElapsedMs\u0022:0.400677,\u0022LineOfSightMilliseconds\u0022:0,\u0022LineOfSightElapsedMs\u0022:0,\u0022MissilePoolCreationMilliseconds\u0022:0,\u0022MissilePoolCreationElapsedMs\u0022:0,\u0022PlayerDirectRaycastMilliseconds\u0022:0,\u0022PlayerWorldRaycastMilliseconds\u0022:0,\u0022PlayerMechRaycastMilliseconds\u0022:0,\u0022PlayerDirectDamageMilliseconds\u0022:0,\u0022PlayerWeaponVisualMilliseconds\u0022:0}}"}
10-04 19:28:22.747  3817  3881 I godot   : QUEST_COMBAT_CHUNK: {"kind":"EVENT","runId":"20261004-182729-1d1caa","recordId":242,"index":0,"count":2,"data":"{\u0022runId\u0022:\u002220261004-182729-1d1caa\u0022,\u0022trial\u0022:2,\u0022Seconds\u0022:10.5726804,\u0022Ms\u0022:16.045000000000087,\u0022Combat\u0022:{\u0022EnemyAiTicks\u0022:4,\u0022EnemyAiElapsedTicks\u0022:375781,\u0022LineOfSightCalls\u0022:0,\u0022LineOfSightElapsedTicks\u0022:0,\u0022MissilePoolsCreated\u0022:0,\u0022MissilePoolCreationElapsedTicks\u0022:0,\u0022PlayerDirectRaycastCalls\u0022:0,\u0022PlayerDirectRaycastElapsedTicks\u0022:0,\u0022PlayerDirectDamageCalls\u0022:0,\u0022PlayerDirectDamageElapsedTicks\u0022:0,\u0022PlayerWeaponVisualCalls\u0022:0,\u0022PlayerWeaponVisualElapsedTicks\u0022:0,\u0022WeaponLaunches\u0022:0,\u0022EnemyWeaponLaunches\u0022:0,\u0022MissileLaunches\u0022:1,\u0022Impacts\u0022:0,\u0022ActiveMissiles\u0022:2"}
10-04 19:28:22.748  3817  3881 I godot   : QUEST_COMBAT_CHUNK: {"kind":"EVENT","runId":"20261004-182729-1d1caa","recordId":242,"index":1,"count":2,"data":"9,\u0022ActiveLasers\u0022:0,\u0022PlayerWorldRaycastElapsedTicks\u0022:0,\u0022PlayerMechRaycastElapsedTicks\u0022:0,\u0022WeaponEffectPoolBuilds\u0022:0,\u0022WeaponEffectPoolFallbacks\u0022:0,\u0022EnemyAiMilliseconds\u0022:0.375781,\u0022EnemyAiElapsedMs\u0022:0.375781,\u0022LineOfSightMilliseconds\u0022:0,\u0022LineOfSightElapsedMs\u0022:0,\u0022MissilePoolCreationMilliseconds\u0022:0,\u0022MissilePoolCreationElapsedMs\u0022:0,\u0022PlayerDirectRaycastMilliseconds\u0022:0,\u0022PlayerWorldRaycastMilliseconds\u0022:0,\u0022PlayerMechRaycastMilliseconds\u0022:0,\u0022PlayerDirectDamageMilliseconds\u0022:0,\u0022PlayerWeaponVisualMilliseconds\u0022:0}}"}
10-04 19:28:22.748  3817  3881 I godot   : QUEST_COMBAT_CHUNK: {"kind":"EVENT","runId":"20261004-182729-1d1caa","recordId":243,"index":0,"count":2,"data":"{\u0022runId\u0022:\u002220261004-182729-1d1caa\u0022,\u0022trial\u0022:2,\u0022Seconds\u0022:10.6060353,\u0022Ms\u0022:17.37370000000027,\u0022Combat\u0022:{\u0022EnemyAiTicks\u0022:4,\u0022EnemyAiElapsedTicks\u0022:587864,\u0022LineOfSightCalls\u0022:1,\u0022LineOfSightElapsedTicks\u0022:250625,\u0022MissilePoolsCreated\u0022:0,\u0022MissilePoolCreationElapsedTicks\u0022:0,\u0022PlayerDirectRaycastCalls\u0022:0,\u0022PlayerDirectRaycastElapsedTicks\u0022:0,\u0022PlayerDirectDamageCalls\u0022:0,\u0022PlayerDirectDamageElapsedTicks\u0022:0,\u0022PlayerWeaponVisualCalls\u0022:0,\u0022PlayerWeaponVisualElapsedTicks\u0022:0,\u0022WeaponLaunches\u0022:0,\u0022EnemyWeaponLaunches\u0022:0,\u0022MissileLaunches\u0022:1,\u0022Impacts\u0022:0,\u0022ActiveMissiles"}
10-04 19:28:22.748  3817  3881 I godot   : QUEST_COMBAT_CHUNK: {"kind":"EVENT","runId":"20261004-182729-1d1caa","recordId":243,"index":1,"count":2,"data":"\u0022:30,\u0022ActiveLasers\u0022:0,\u0022PlayerWorldRaycastElapsedTicks\u0022:0,\u0022PlayerMechRaycastElapsedTicks\u0022:0,\u0022WeaponEffectPoolBuilds\u0022:0,\u0022WeaponEffectPoolFallbacks\u0022:0,\u0022EnemyAiMilliseconds\u0022:0.587864,\u0022EnemyAiElapsedMs\u0022:0.587864,\u0022LineOfSightMilliseconds\u0022:0.250625,\u0022LineOfSightElapsedMs\u0022:0.250625,\u0022MissilePoolCreationMilliseconds\u0022:0,\u0022MissilePoolCreationElapsedMs\u0022:0,\u0022PlayerDirectRaycastMilliseconds\u0022:0,\u0022PlayerWorldRaycastMilliseconds\u0022:0,\u0022PlayerMechRaycastMilliseconds\u0022:0,\u0022PlayerDirectDamageMilliseconds\u0022:0,\u0022PlayerWeaponVisualMilliseconds\u0022:0}}"}
10-04 19:28:22.748  3817  3881 I godot   : QUEST_COMBAT_CHUNK: {"kind":"EVENT","runId":"20261004-182729-1d1caa","recordId":244,"index":0,"count":2,"data":"{\u0022runId\u0022:\u002220261004-182729-1d1caa\u0022,\u0022trial\u0022:2,\u0022Seconds\u0022:10.6339509,\u0022Ms\u0022:12.536900000000628,\u0022Combat\u0022:{\u0022EnemyAiTicks\u0022:0,\u0022EnemyAiElapsedTicks\u0022:0,\u0022LineOfSightCalls\u0022:0,\u0022LineOfSightElapsedTicks\u0022:0,\u0022MissilePoolsCreated\u0022:0,\u0022MissilePoolCreationElapsedTicks\u0022:0,\u0022PlayerDirectRaycastCalls\u0022:0,\u0022PlayerDirectRaycastElapsedTicks\u0022:0,\u0022PlayerDirectDamageCalls\u0022:0,\u0022PlayerDirectDamageElapsedTicks\u0022:0,\u0022PlayerWeaponVisualCalls\u0022:0,\u0022PlayerWeaponVisualElapsedTicks\u0022:0,\u0022WeaponLaunches\u0022:0,\u0022EnemyWeaponLaunches\u0022:0,\u0022MissileLaunches\u0022:1,\u0022Impacts\u0022:0,\u0022ActiveMissiles\u0022:31,"}
10-04 19:28:22.748  3817  3881 I godot   : QUEST_COMBAT_CHUNK: {"kind":"EVENT","runId":"20261004-182729-1d1caa","recordId":244,"index":1,"count":2,"data":"\u0022ActiveLasers\u0022:0,\u0022PlayerWorldRaycastElapsedTicks\u0022:0,\u0022PlayerMechRaycastElapsedTicks\u0022:0,\u0022WeaponEffectPoolBuilds\u0022:0,\u0022WeaponEffectPoolFallbacks\u0022:0,\u0022EnemyAiMilliseconds\u0022:0,\u0022EnemyAiElapsedMs\u0022:0,\u0022LineOfSightMilliseconds\u0022:0,\u0022LineOfSightElapsedMs\u0022:0,\u0022MissilePoolCreationMilliseconds\u0022:0,\u0022MissilePoolCreationElapsedMs\u0022:0,\u0022PlayerDirectRaycastMilliseconds\u0022:0,\u0022PlayerWorldRaycastMilliseconds\u0022:0,\u0022PlayerMechRaycastMilliseconds\u0022:0,\u0022PlayerDirectDamageMilliseconds\u0022:0,\u0022PlayerWeaponVisualMilliseconds\u0022:0}}"}
10-04 19:28:22.748  3817  3881 I godot   : QUEST_COMBAT_CHUNK: {"kind":"EVENT","runId":"20261004-182729-1d1caa","recordId":245,"index":0,"count":2,"data":"{\u0022runId\u0022:\u002220261004-182729-1d1caa\u0022,\u0022trial\u0022:2,\u0022Seconds\u0022:10.6811696,\u0022Ms\u0022:13.964700000000718,\u0022Combat\u0022:{\u0022EnemyAiTicks\u0022:4,\u0022EnemyAiElapsedTicks\u0022:343074,\u0022LineOfSightCalls\u0022:0,\u0022LineOfSightElapsedTicks\u0022:0,\u0022MissilePoolsCreated\u0022:0,\u0022MissilePoolCreationElapsedTicks\u0022:0,\u0022PlayerDirectRaycastCalls\u0022:0,\u0022PlayerDirectRaycastElapsedTicks\u0022:0,\u0022PlayerDirectDamageCalls\u0022:0,\u0022PlayerDirectDamageElapsedTicks\u0022:0,\u0022PlayerWeaponVisualCalls\u0022:0,\u0022PlayerWeaponVisualElapsedTicks\u0022:0,\u0022WeaponLaunches\u0022:0,\u0022EnemyWeaponLaunches\u0022:0,\u0022MissileLaunches\u0022:1,\u0022Impacts\u0022:0,\u0022ActiveMissiles\u0022:3"}
10-04 19:28:22.748  3817  3881 I godot   : QUEST_COMBAT_CHUNK: {"kind":"EVENT","runId":"20261004-182729-1d1caa","recordId":245,"index":1,"count":2,"data":"2,\u0022ActiveLasers\u0022:0,\u0022PlayerWorldRaycastElapsedTicks\u0022:0,\u0022PlayerMechRaycastElapsedTicks\u0022:0,\u0022WeaponEffectPoolBuilds\u0022:0,\u0022WeaponEffectPoolFallbacks\u0022:0,\u0022EnemyAiMilliseconds\u0022:0.343074,\u0022EnemyAiElapsedMs\u0022:0.343074,\u0022LineOfSightMilliseconds\u0022:0,\u0022LineOfSightElapsedMs\u0022:0,\u0022MissilePoolCreationMilliseconds\u0022:0,\u0022MissilePoolCreationElapsedMs\u0022:0,\u0022PlayerDirectRaycastMilliseconds\u0022:0,\u0022PlayerWorldRaycastMilliseconds\u0022:0,\u0022PlayerMechRaycastMilliseconds\u0022:0,\u0022PlayerDirectDamageMilliseconds\u0022:0,\u0022PlayerWeaponVisualMilliseconds\u0022:0}}"}
10-04 19:28:22.749  3817  3881 I godot   : QUEST_COMBAT_CHUNK: {"kind":"EVENT","runId":"20261004-182729-1d1caa","recordId":246,"index":0,"count":2,"data":"{\u0022runId\u0022:\u002220261004-182729-1d1caa\u0022,\u0022trial\u0022:2,\u0022Seconds\u0022:10.7131361,\u0022Ms\u0022:16.09610000000039,\u0022Combat\u0022:{\u0022EnemyAiTicks\u0022:4,\u0022EnemyAiElapsedTicks\u0022:624532,\u0022LineOfSightCalls\u0022:0,\u0022LineOfSightElapsedTicks\u0022:0,\u0022MissilePoolsCreated\u0022:0,\u0022MissilePoolCreationElapsedTicks\u0022:0,\u0022PlayerDirectRaycastCalls\u0022:0,\u0022PlayerDirectRaycastElapsedTicks\u0022:0,\u0022PlayerDirectDamageCalls\u0022:0,\u0022PlayerDirectDamageElapsedTicks\u0022:0,\u0022PlayerWeaponVisualCalls\u0022:0,\u0022PlayerWeaponVisualElapsedTicks\u0022:0,\u0022WeaponLaunches\u0022:0,\u0022EnemyWeaponLaunches\u0022:0,\u0022MissileLaunches\u0022:1,\u0022Impacts\u0022:0,\u0022ActiveMissiles\u0022:33"}
10-04 19:28:22.749  3817  3881 I godot   : QUEST_COMBAT_CHUNK: {"kind":"EVENT","runId":"20261004-182729-1d1caa","recordId":246,"index":1,"count":2,"data":",\u0022ActiveLasers\u0022:0,\u0022PlayerWorldRaycastElapsedTicks\u0022:0,\u0022PlayerMechRaycastElapsedTicks\u0022:0,\u0022WeaponEffectPoolBuilds\u0022:0,\u0022WeaponEffectPoolFallbacks\u0022:0,\u0022EnemyAiMilliseconds\u0022:0.624532,\u0022EnemyAiElapsedMs\u0022:0.624532,\u0022LineOfSightMilliseconds\u0022:0,\u0022LineOfSightElapsedMs\u0022:0,\u0022MissilePoolCreationMilliseconds\u0022:0,\u0022MissilePoolCreationElapsedMs\u0022:0,\u0022PlayerDirectRaycastMilliseconds\u0022:0,\u0022PlayerWorldRaycastMilliseconds\u0022:0,\u0022PlayerMechRaycastMilliseconds\u0022:0,\u0022PlayerDirectDamageMilliseconds\u0022:0,\u0022PlayerWeaponVisualMilliseconds\u0022:0}}"}
10-04 19:28:22.749  3817  3881 I godot   : QUEST_COMBAT_CHUNK: {"kind":"EVENT","runId":"20261004-182729-1d1caa","recordId":247,"index":0,"count":2,"data":"{\u0022runId\u0022:\u002220261004-182729-1d1caa\u0022,\u0022trial\u0022:2,\u0022Seconds\u0022:10.7457707,\u0022Ms\u0022:16.06889999999872,\u0022Combat\u0022:{\u0022EnemyAiTicks\u0022:4,\u0022EnemyAiElapsedTicks\u0022:750625,\u0022LineOfSightCalls\u0022:0,\u0022LineOfSightElapsedTicks\u0022:0,\u0022MissilePoolsCreated\u0022:0,\u0022MissilePoolCreationElapsedTicks\u0022:0,\u0022PlayerDirectRaycastCalls\u0022:0,\u0022PlayerDirectRaycastElapsedTicks\u0022:0,\u0022PlayerDirectDamageCalls\u0022:0,\u0022PlayerDirectDamageElapsedTicks\u0022:0,\u0022PlayerWeaponVisualCalls\u0022:0,\u0022PlayerWeaponVisualElapsedTicks\u0022:0,\u0022WeaponLaunches\u0022:0,\u0022EnemyWeaponLaunches\u0022:0,\u0022MissileLaunches\u0022:1,\u0022Impacts\u0022:0,\u0022ActiveMissiles\u0022:34"}
10-04 19:28:22.749  3817  3881 I godot   : QUEST_COMBAT_CHUNK: {"kind":"EVENT","runId":"20261004-182729-1d1caa","recordId":247,"index":1,"count":2,"data":",\u0022ActiveLasers\u0022:0,\u0022PlayerWorldRaycastElapsedTicks\u0022:0,\u0022PlayerMechRaycastElapsedTicks\u0022:0,\u0022WeaponEffectPoolBuilds\u0022:0,\u0022WeaponEffectPoolFallbacks\u0022:0,\u0022EnemyAiMilliseconds\u0022:0.750625,\u0022EnemyAiElapsedMs\u0022:0.750625,\u0022LineOfSightMilliseconds\u0022:0,\u0022LineOfSightElapsedMs\u0022:0,\u0022MissilePoolCreationMilliseconds\u0022:0,\u0022MissilePoolCreationElapsedMs\u0022:0,\u0022PlayerDirectRaycastMilliseconds\u0022:0,\u0022PlayerWorldRaycastMilliseconds\u0022:0,\u0022PlayerMechRaycastMilliseconds\u0022:0,\u0022PlayerDirectDamageMilliseconds\u0022:0,\u0022PlayerWeaponVisualMilliseconds\u0022:0}}"}
10-04 19:28:22.749  3817  3881 I godot   : QUEST_COMBAT_CHUNK: {"kind":"EVENT","runId":"20261004-182729-1d1caa","recordId":248,"index":0,"count":2,"data":"{\u0022runId\u0022:\u002220261004-182729-1d1caa\u0022,\u0022trial\u0022:2,\u0022Seconds\u0022:10.7785451,\u0022Ms\u0022:16.979499999999703,\u0022Combat\u0022:{\u0022EnemyAiTicks\u0022:4,\u0022EnemyAiElapsedTicks\u0022:704116,\u0022LineOfSightCalls\u0022:0,\u0022LineOfSightElapsedTicks\u0022:0,\u0022MissilePoolsCreated\u0022:0,\u0022MissilePoolCreationElapsedTicks\u0022:0,\u0022PlayerDirectRaycastCalls\u0022:0,\u0022PlayerDirectRaycastElapsedTicks\u0022:0,\u0022PlayerDirectDamageCalls\u0022:0,\u0022PlayerDirectDamageElapsedTicks\u0022:0,\u0022PlayerWeaponVisualCalls\u0022:0,\u0022PlayerWeaponVisualElapsedTicks\u0022:0,\u0022WeaponLaunches\u0022:0,\u0022EnemyWeaponLaunches\u0022:0,\u0022MissileLaunches\u0022:1,\u0022Impacts\u0022:0,\u0022ActiveMissiles\u0022:3"}
10-04 19:28:22.749  3817  3881 I godot   : QUEST_COMBAT_CHUNK: {"kind":"EVENT","runId":"20261004-182729-1d1caa","recordId":248,"index":1,"count":2,"data":"5,\u0022ActiveLasers\u0022:0,\u0022PlayerWorldRaycastElapsedTicks\u0022:0,\u0022PlayerMechRaycastElapsedTicks\u0022:0,\u0022WeaponEffectPoolBuilds\u0022:0,\u0022WeaponEffectPoolFallbacks\u0022:0,\u0022EnemyAiMilliseconds\u0022:0.704116,\u0022EnemyAiElapsedMs\u0022:0.704116,\u0022LineOfSightMilliseconds\u0022:0,\u0022LineOfSightElapsedMs\u0022:0,\u0022MissilePoolCreationMilliseconds\u0022:0,\u0022MissilePoolCreationElapsedMs\u0022:0,\u0022PlayerDirectRaycastMilliseconds\u0022:0,\u0022PlayerWorldRaycastMilliseconds\u0022:0,\u0022PlayerMechRaycastMilliseconds\u0022:0,\u0022PlayerDirectDamageMilliseconds\u0022:0,\u0022PlayerWeaponVisualMilliseconds\u0022:0}}"}
10-04 19:28:22.750  3817  3881 I godot   : QUEST_COMBAT_CHUNK: {"kind":"EVENT","runId":"20261004-182729-1d1caa","recordId":249,"index":0,"count":2,"data":"{\u0022runId\u0022:\u002220261004-182729-1d1caa\u0022,\u0022trial\u0022:2,\u0022Seconds\u0022:10.8266933,\u0022Ms\u0022:16.80939999999964,\u0022Combat\u0022:{\u0022EnemyAiTicks\u0022:4,\u0022EnemyAiElapsedTicks\u0022:526615,\u0022LineOfSightCalls\u0022:0,\u0022LineOfSightElapsedTicks\u0022:0,\u0022MissilePoolsCreated\u0022:0,\u0022MissilePoolCreationElapsedTicks\u0022:0,\u0022PlayerDirectRaycastCalls\u0022:0,\u0022PlayerDirectRaycastElapsedTicks\u0022:0,\u0022PlayerDirectDamageCalls\u0022:0,\u0022PlayerDirectDamageElapsedTicks\u0022:0,\u0022PlayerWeaponVisualCalls\u0022:0,\u0022PlayerWeaponVisualElapsedTicks\u0022:0,\u0022WeaponLaunches\u0022:0,\u0022EnemyWeaponLaunches\u0022:0,\u0022MissileLaunches\u0022:1,\u0022Impacts\u0022:0,\u0022ActiveMissiles\u0022:36"}
10-04 19:28:22.750  3817  3881 I godot   : QUEST_COMBAT_CHUNK: {"kind":"EVENT","runId":"20261004-182729-1d1caa","recordId":249,"index":1,"count":2,"data":",\u0022ActiveLasers\u0022:0,\u0022PlayerWorldRaycastElapsedTicks\u0022:0,\u0022PlayerMechRaycastElapsedTicks\u0022:0,\u0022WeaponEffectPoolBuilds\u0022:0,\u0022WeaponEffectPoolFallbacks\u0022:0,\u0022EnemyAiMilliseconds\u0022:0.526615,\u0022EnemyAiElapsedMs\u0022:0.526615,\u0022LineOfSightMilliseconds\u0022:0,\u0022LineOfSightElapsedMs\u0022:0,\u0022MissilePoolCreationMilliseconds\u0022:0,\u0022MissilePoolCreationElapsedMs\u0022:0,\u0022PlayerDirectRaycastMilliseconds\u0022:0,\u0022PlayerWorldRaycastMilliseconds\u0022:0,\u0022PlayerMechRaycastMilliseconds\u0022:0,\u0022PlayerDirectDamageMilliseconds\u0022:0,\u0022PlayerWeaponVisualMilliseconds\u0022:0}}"}
10-04 19:28:22.750  3817  3881 I godot   : QUEST_COMBAT_CHUNK: {"kind":"EVENT","runId":"20261004-182729-1d1caa","recordId":250,"index":0,"count":2,"data":"{\u0022runId\u0022:\u002220261004-182729-1d1caa\u0022,\u0022trial\u0022:2,\u0022Seconds\u0022:10.8587646,\u0022Ms\u0022:16.038899999999856,\u0022Combat\u0022:{\u0022EnemyAiTicks\u0022:4,\u0022EnemyAiElapsedTicks\u0022:709532,\u0022LineOfSightCalls\u0022:0,\u0022LineOfSightElapsedTicks\u0022:0,\u0022MissilePoolsCreated\u0022:0,\u0022MissilePoolCreationElapsedTicks\u0022:0,\u0022PlayerDirectRaycastCalls\u0022:0,\u0022PlayerDirectRaycastElapsedTicks\u0022:0,\u0022PlayerDirectDamageCalls\u0022:0,\u0022PlayerDirectDamageElapsedTicks\u0022:0,\u0022PlayerWeaponVisualCalls\u0022:0,\u0022PlayerWeaponVisualElapsedTicks\u0022:0,\u0022WeaponLaunches\u0022:0,\u0022EnemyWeaponLaunches\u0022:0,\u0022MissileLaunches\u0022:1,\u0022Impacts\u0022:0,\u0022ActiveMissiles\u0022:3"}
10-04 19:28:22.750  3817  3881 I godot   : QUEST_COMBAT_CHUNK: {"kind":"EVENT","runId":"20261004-182729-1d1caa","recordId":250,"index":1,"count":2,"data":"7,\u0022ActiveLasers\u0022:0,\u0022PlayerWorldRaycastElapsedTicks\u0022:0,\u0022PlayerMechRaycastElapsedTicks\u0022:0,\u0022WeaponEffectPoolBuilds\u0022:0,\u0022WeaponEffectPoolFallbacks\u0022:0,\u0022EnemyAiMilliseconds\u0022:0.709532,\u0022EnemyAiElapsedMs\u0022:0.709532,\u0022LineOfSightMilliseconds\u0022:0,\u0022LineOfSightElapsedMs\u0022:0,\u0022MissilePoolCreationMilliseconds\u0022:0,\u0022MissilePoolCreationElapsedMs\u0022:0,\u0022PlayerDirectRaycastMilliseconds\u0022:0,\u0022PlayerWorldRaycastMilliseconds\u0022:0,\u0022PlayerMechRaycastMilliseconds\u0022:0,\u0022PlayerDirectDamageMilliseconds\u0022:0,\u0022PlayerWeaponVisualMilliseconds\u0022:0}}"}
10-04 19:28:22.750  3817  3881 I godot   : QUEST_COMBAT_CHUNK: {"kind":"EVENT","runId":"20261004-182729-1d1caa","recordId":251,"index":0,"count":2,"data":"{\u0022runId\u0022:\u002220261004-182729-1d1caa\u0022,\u0022trial\u0022:2,\u0022Seconds\u0022:10.8904246,\u0022Ms\u0022:16.012799999998606,\u0022Combat\u0022:{\u0022EnemyAiTicks\u0022:4,\u0022EnemyAiElapsedTicks\u0022:287030,\u0022LineOfSightCalls\u0022:0,\u0022LineOfSightElapsedTicks\u0022:0,\u0022MissilePoolsCreated\u0022:0,\u0022MissilePoolCreationElapsedTicks\u0022:0,\u0022PlayerDirectRaycastCalls\u0022:0,\u0022PlayerDirectRaycastElapsedTicks\u0022:0,\u0022PlayerDirectDamageCalls\u0022:0,\u0022PlayerDirectDamageElapsedTicks\u0022:0,\u0022PlayerWeaponVisualCalls\u0022:0,\u0022PlayerWeaponVisualElapsedTicks\u0022:0,\u0022WeaponLaunches\u0022:0,\u0022EnemyWeaponLaunches\u0022:0,\u0022MissileLaunches\u0022:1,\u0022Impacts\u0022:0,\u0022ActiveMissiles\u0022:3"}
10-04 19:28:22.750  3817  3881 I godot   : QUEST_COMBAT_CHUNK: {"kind":"EVENT","runId":"20261004-182729-1d1caa","recordId":251,"index":1,"count":2,"data":"8,\u0022ActiveLasers\u0022:0,\u0022PlayerWorldRaycastElapsedTicks\u0022:0,\u0022PlayerMechRaycastElapsedTicks\u0022:0,\u0022WeaponEffectPoolBuilds\u0022:0,\u0022WeaponEffectPoolFallbacks\u0022:0,\u0022EnemyAiMilliseconds\u0022:0.28703,\u0022EnemyAiElapsedMs\u0022:0.28703,\u0022LineOfSightMilliseconds\u0022:0,\u0022LineOfSightElapsedMs\u0022:0,\u0022MissilePoolCreationMilliseconds\u0022:0,\u0022MissilePoolCreationElapsedMs\u0022:0,\u0022PlayerDirectRaycastMilliseconds\u0022:0,\u0022PlayerWorldRaycastMilliseconds\u0022:0,\u0022PlayerMechRaycastMilliseconds\u0022:0,\u0022PlayerDirectDamageMilliseconds\u0022:0,\u0022PlayerWeaponVisualMilliseconds\u0022:0}}"}
10-04 19:28:22.750  3817  3881 I godot   : QUEST_COMBAT_CHUNK: {"kind":"EVENT","runId":"20261004-182729-1d1caa","recordId":252,"index":0,"count":2,"data":"{\u0022runId\u0022:\u002220261004-182729-1d1caa\u0022,\u0022trial\u0022:2,\u0022Seconds\u0022:10.9246419,\u0022Ms\u0022:17.582799999999565,\u0022Combat\u0022:{\u0022EnemyAiTicks\u0022:4,\u0022EnemyAiElapsedTicks\u0022:281927,\u0022LineOfSightCalls\u0022:0,\u0022LineOfSightElapsedTicks\u0022:0,\u0022MissilePoolsCreated\u0022:0,\u0022MissilePoolCreationElapsedTicks\u0022:0,\u0022PlayerDirectRaycastCalls\u0022:0,\u0022PlayerDirectRaycastElapsedTicks\u0022:0,\u0022PlayerDirectDamageCalls\u0022:0,\u0022PlayerDirectDamageElapsedTicks\u0022:0,\u0022PlayerWeaponVisualCalls\u0022:0,\u0022PlayerWeaponVisualElapsedTicks\u0022:0,\u0022WeaponLaunches\u0022:0,\u0022EnemyWeaponLaunches\u0022:0,\u0022MissileLaunches\u0022:1,\u0022Impacts\u0022:0,\u0022ActiveMissiles\u0022:3"}
10-04 19:28:22.750  3817  3881 I godot   : QUEST_COMBAT_CHUNK: {"kind":"EVENT","runId":"20261004-182729-1d1caa","recordId":252,"index":1,"count":2,"data":"9,\u0022ActiveLasers\u0022:0,\u0022PlayerWorldRaycastElapsedTicks\u0022:0,\u0022PlayerMechRaycastElapsedTicks\u0022:0,\u0022WeaponEffectPoolBuilds\u0022:0,\u0022WeaponEffectPoolFallbacks\u0022:0,\u0022EnemyAiMilliseconds\u0022:0.281927,\u0022EnemyAiElapsedMs\u0022:0.281927,\u0022LineOfSightMilliseconds\u0022:0,\u0022LineOfSightElapsedMs\u0022:0,\u0022MissilePoolCreationMilliseconds\u0022:0,\u0022MissilePoolCreationElapsedMs\u0022:0,\u0022PlayerDirectRaycastMilliseconds\u0022:0,\u0022PlayerWorldRaycastMilliseconds\u0022:0,\u0022PlayerMechRaycastMilliseconds\u0022:0,\u0022PlayerDirectDamageMilliseconds\u0022:0,\u0022PlayerWeaponVisualMilliseconds\u0022:0}}"}
10-04 19:28:22.751  3817  3881 I godot   : QUEST_COMBAT_CHUNK: {"kind":"EVENT","runId":"20261004-182729-1d1caa","recordId":253,"index":0,"count":2,"data":"{\u0022runId\u0022:\u002220261004-182729-1d1caa\u0022,\u0022trial\u0022:2,\u0022Seconds\u0022:10.9555974,\u0022Ms\u0022:15.094900000001132,\u0022Combat\u0022:{\u0022EnemyAiTicks\u0022:4,\u0022EnemyAiElapsedTicks\u0022:291719,\u0022LineOfSightCalls\u0022:0,\u0022LineOfSightElapsedTicks\u0022:0,\u0022MissilePoolsCreated\u0022:0,\u0022MissilePoolCreationElapsedTicks\u0022:0,\u0022PlayerDirectRaycastCalls\u0022:0,\u0022PlayerDirectRaycastElapsedTicks\u0022:0,\u0022PlayerDirectDamageCalls\u0022:0,\u0022PlayerDirectDamageElapsedTicks\u0022:0,\u0022PlayerWeaponVisualCalls\u0022:0,\u0022PlayerWeaponVisualElapsedTicks\u0022:0,\u0022WeaponLaunches\u0022:0,\u0022EnemyWeaponLaunches\u0022:0,\u0022MissileLaunches\u0022:1,\u0022Impacts\u0022:0,\u0022ActiveMissiles\u0022:4"}
10-04 19:28:22.751  3817  3881 I godot   : QUEST_COMBAT_CHUNK: {"kind":"EVENT","runId":"20261004-182729-1d1caa","recordId":253,"index":1,"count":2,"data":"0,\u0022ActiveLasers\u0022:0,\u0022PlayerWorldRaycastElapsedTicks\u0022:0,\u0022PlayerMechRaycastElapsedTicks\u0022:0,\u0022WeaponEffectPoolBuilds\u0022:0,\u0022WeaponEffectPoolFallbacks\u0022:0,\u0022EnemyAiMilliseconds\u0022:0.291719,\u0022EnemyAiElapsedMs\u0022:0.291719,\u0022LineOfSightMilliseconds\u0022:0,\u0022LineOfSightElapsedMs\u0022:0,\u0022MissilePoolCreationMilliseconds\u0022:0,\u0022MissilePoolCreationElapsedMs\u0022:0,\u0022PlayerDirectRaycastMilliseconds\u0022:0,\u0022PlayerWorldRaycastMilliseconds\u0022:0,\u0022PlayerMechRaycastMilliseconds\u0022:0,\u0022PlayerDirectDamageMilliseconds\u0022:0,\u0022PlayerWeaponVisualMilliseconds\u0022:0}}"}
10-04 19:28:22.751  3817  3881 I godot   : QUEST_COMBAT_CHUNK: {"kind":"EVENT","runId":"20261004-182729-1d1caa","recordId":254,"index":0,"count":2,"data":"{\u0022runId\u0022:\u002220261004-182729-1d1caa\u0022,\u0022trial\u0022:2,\u0022Seconds\u0022:10.9873875,\u0022Ms\u0022:16.012800000000382,\u0022Combat\u0022:{\u0022EnemyAiTicks\u0022:4,\u0022EnemyAiElapsedTicks\u0022:294739,\u0022LineOfSightCalls\u0022:0,\u0022LineOfSightElapsedTicks\u0022:0,\u0022MissilePoolsCreated\u0022:0,\u0022MissilePoolCreationElapsedTicks\u0022:0,\u0022PlayerDirectRaycastCalls\u0022:0,\u0022PlayerDirectRaycastElapsedTicks\u0022:0,\u0022PlayerDirectDamageCalls\u0022:0,\u0022PlayerDirectDamageElapsedTicks\u0022:0,\u0022PlayerWeaponVisualCalls\u0022:0,\u0022PlayerWeaponVisualElapsedTicks\u0022:0,\u0022WeaponLaunches\u0022:0,\u0022EnemyWeaponLaunches\u0022:0,\u0022MissileLaunches\u0022:1,\u0022Impacts\u0022:0,\u0022ActiveMissiles\u0022:4"}
10-04 19:28:22.751  3817  3881 I godot   : QUEST_COMBAT_CHUNK: {"kind":"EVENT","runId":"20261004-182729-1d1caa","recordId":254,"index":1,"count":2,"data":"1,\u0022ActiveLasers\u0022:0,\u0022PlayerWorldRaycastElapsedTicks\u0022:0,\u0022PlayerMechRaycastElapsedTicks\u0022:0,\u0022WeaponEffectPoolBuilds\u0022:0,\u0022WeaponEffectPoolFallbacks\u0022:0,\u0022EnemyAiMilliseconds\u0022:0.294739,\u0022EnemyAiElapsedMs\u0022:0.294739,\u0022LineOfSightMilliseconds\u0022:0,\u0022LineOfSightElapsedMs\u0022:0,\u0022MissilePoolCreationMilliseconds\u0022:0,\u0022MissilePoolCreationElapsedMs\u0022:0,\u0022PlayerDirectRaycastMilliseconds\u0022:0,\u0022PlayerWorldRaycastMilliseconds\u0022:0,\u0022PlayerMechRaycastMilliseconds\u0022:0,\u0022PlayerDirectDamageMilliseconds\u0022:0,\u0022PlayerWeaponVisualMilliseconds\u0022:0}}"}
10-04 19:28:22.751  3817  3881 I godot   : QUEST_COMBAT_CHUNK: {"kind":"EVENT","runId":"20261004-182729-1d1caa","recordId":255,"index":0,"count":2,"data":"{\u0022runId\u0022:\u002220261004-182729-1d1caa\u0022,\u0022trial\u0022:2,\u0022Seconds\u0022:11.0375577,\u0022Ms\u0022:16.765300000001204,\u0022Combat\u0022:{\u0022EnemyAiTicks\u0022:4,\u0022EnemyAiElapsedTicks\u0022:354375,\u0022LineOfSightCalls\u0022:0,\u0022LineOfSightElapsedTicks\u0022:0,\u0022MissilePoolsCreated\u0022:0,\u0022MissilePoolCreationElapsedTicks\u0022:0,\u0022PlayerDirectRaycastCalls\u0022:0,\u0022PlayerDirectRaycastElapsedTicks\u0022:0,\u0022PlayerDirectDamageCalls\u0022:0,\u0022PlayerDirectDamageElapsedTicks\u0022:0,\u0022PlayerWeaponVisualCalls\u0022:0,\u0022PlayerWeaponVisualElapsedTicks\u0022:0,\u0022WeaponLaunches\u0022:0,\u0022EnemyWeaponLaunches\u0022:0,\u0022MissileLaunches\u0022:1,\u0022Impacts\u0022:0,\u0022ActiveMissiles\u0022:4"}
10-04 19:28:22.751  3817  3881 I godot   : QUEST_COMBAT_CHUNK: {"kind":"EVENT","runId":"20261004-182729-1d1caa","recordId":255,"index":1,"count":2,"data":"2,\u0022ActiveLasers\u0022:0,\u0022PlayerWorldRaycastElapsedTicks\u0022:0,\u0022PlayerMechRaycastElapsedTicks\u0022:0,\u0022WeaponEffectPoolBuilds\u0022:0,\u0022WeaponEffectPoolFallbacks\u0022:0,\u0022EnemyAiMilliseconds\u0022:0.354375,\u0022EnemyAiElapsedMs\u0022:0.354375,\u0022LineOfSightMilliseconds\u0022:0,\u0022LineOfSightElapsedMs\u0022:0,\u0022MissilePoolCreationMilliseconds\u0022:0,\u0022MissilePoolCreationElapsedMs\u0022:0,\u0022PlayerDirectRaycastMilliseconds\u0022:0,\u0022PlayerWorldRaycastMilliseconds\u0022:0,\u0022PlayerMechRaycastMilliseconds\u0022:0,\u0022PlayerDirectDamageMilliseconds\u0022:0,\u0022PlayerWeaponVisualMilliseconds\u0022:0}}"}
10-04 19:28:22.751  3817  3881 I godot   : QUEST_COMBAT_CHUNK: {"kind":"EVENT","runId":"20261004-182729-1d1caa","recordId":256,"index":0,"count":2,"data":"{\u0022runId\u0022:\u002220261004-182729-1d1caa\u0022,\u0022trial\u0022:2,\u0022Seconds\u0022:11.0532317,\u0022Ms\u0022:15.673999999998856,\u0022Combat\u0022:{\u0022EnemyAiTicks\u0022:4,\u0022EnemyAiElapsedTicks\u0022:305884,\u0022LineOfSightCalls\u0022:0,\u0022LineOfSightElapsedTicks\u0022:0,\u0022MissilePoolsCreated\u0022:0,\u0022MissilePoolCreationElapsedTicks\u0022:0,\u0022PlayerDirectRaycastCalls\u0022:0,\u0022PlayerDirectRaycastElapsedTicks\u0022:0,\u0022PlayerDirectDamageCalls\u0022:0,\u0022PlayerDirectDamageElapsedTicks\u0022:0,\u0022PlayerWeaponVisualCalls\u0022:0,\u0022PlayerWeaponVisualElapsedTicks\u0022:0,\u0022WeaponLaunches\u0022:0,\u0022EnemyWeaponLaunches\u0022:0,\u0022MissileLaunches\u0022:1,\u0022Impacts\u0022:0,\u0022ActiveMissiles\u0022:4"}
10-04 19:28:22.751  3817  3881 I godot   : QUEST_COMBAT_CHUNK: {"kind":"EVENT","runId":"20261004-182729-1d1caa","recordId":256,"index":1,"count":2,"data":"3,\u0022ActiveLasers\u0022:0,\u0022PlayerWorldRaycastElapsedTicks\u0022:0,\u0022PlayerMechRaycastElapsedTicks\u0022:0,\u0022WeaponEffectPoolBuilds\u0022:0,\u0022WeaponEffectPoolFallbacks\u0022:0,\u0022EnemyAiMilliseconds\u0022:0.305884,\u0022EnemyAiElapsedMs\u0022:0.305884,\u0022LineOfSightMilliseconds\u0022:0,\u0022LineOfSightElapsedMs\u0022:0,\u0022MissilePoolCreationMilliseconds\u0022:0,\u0022MissilePoolCreationElapsedMs\u0022:0,\u0022PlayerDirectRaycastMilliseconds\u0022:0,\u0022PlayerWorldRaycastMilliseconds\u0022:0,\u0022PlayerMechRaycastMilliseconds\u0022:0,\u0022PlayerDirectDamageMilliseconds\u0022:0,\u0022PlayerWeaponVisualMilliseconds\u0022:0}}"}
10-04 19:28:22.752  3817  3881 I godot   : QUEST_COMBAT_CHUNK: {"kind":"EVENT","runId":"20261004-182729-1d1caa","recordId":257,"index":0,"count":2,"data":"{\u0022runId\u0022:\u002220261004-182729-1d1caa\u0022,\u0022trial\u0022:2,\u0022Seconds\u0022:11.0842117,\u0022Ms\u0022:15.957499999998959,\u0022Combat\u0022:{\u0022EnemyAiTicks\u0022:4,\u0022EnemyAiElapsedTicks\u0022:272395,\u0022LineOfSightCalls\u0022:0,\u0022LineOfSightElapsedTicks\u0022:0,\u0022MissilePoolsCreated\u0022:0,\u0022MissilePoolCreationElapsedTicks\u0022:0,\u0022PlayerDirectRaycastCalls\u0022:0,\u0022PlayerDirectRaycastElapsedTicks\u0022:0,\u0022PlayerDirectDamageCalls\u0022:0,\u0022PlayerDirectDamageElapsedTicks\u0022:0,\u0022PlayerWeaponVisualCalls\u0022:0,\u0022PlayerWeaponVisualElapsedTicks\u0022:0,\u0022WeaponLaunches\u0022:0,\u0022EnemyWeaponLaunches\u0022:0,\u0022MissileLaunches\u0022:1,\u0022Impacts\u0022:0,\u0022ActiveMissiles\u0022:4"}
10-04 19:28:22.752  3817  3881 I godot   : QUEST_COMBAT_CHUNK: {"kind":"EVENT","runId":"20261004-182729-1d1caa","recordId":257,"index":1,"count":2,"data":"4,\u0022ActiveLasers\u0022:0,\u0022PlayerWorldRaycastElapsedTicks\u0022:0,\u0022PlayerMechRaycastElapsedTicks\u0022:0,\u0022WeaponEffectPoolBuilds\u0022:0,\u0022WeaponEffectPoolFallbacks\u0022:0,\u0022EnemyAiMilliseconds\u0022:0.272395,\u0022EnemyAiElapsedMs\u0022:0.272395,\u0022LineOfSightMilliseconds\u0022:0,\u0022LineOfSightElapsedMs\u0022:0,\u0022MissilePoolCreationMilliseconds\u0022:0,\u0022MissilePoolCreationElapsedMs\u0022:0,\u0022PlayerDirectRaycastMilliseconds\u0022:0,\u0022PlayerWorldRaycastMilliseconds\u0022:0,\u0022PlayerMechRaycastMilliseconds\u0022:0,\u0022PlayerDirectDamageMilliseconds\u0022:0,\u0022PlayerWeaponVisualMilliseconds\u0022:0}}"}
10-04 19:28:22.752  3817  3881 I godot   : QUEST_COMBAT_CHUNK: {"kind":"EVENT","runId":"20261004-182729-1d1caa","recordId":258,"index":0,"count":2,"data":"{\u0022runId\u0022:\u002220261004-182729-1d1caa\u0022,\u0022trial\u0022:2,\u0022Seconds\u0022:11.1163208,\u0022Ms\u0022:19.453399999999732,\u0022Combat\u0022:{\u0022EnemyAiTicks\u0022:4,\u0022EnemyAiElapsedTicks\u0022:319114,\u0022LineOfSightCalls\u0022:0,\u0022LineOfSightElapsedTicks\u0022:0,\u0022MissilePoolsCreated\u0022:0,\u0022MissilePoolCreationElapsedTicks\u0022:0,\u0022PlayerDirectRaycastCalls\u0022:0,\u0022PlayerDirectRaycastElapsedTicks\u0022:0,\u0022PlayerDirectDamageCalls\u0022:0,\u0022PlayerDirectDamageElapsedTicks\u0022:0,\u0022PlayerWeaponVisualCalls\u0022:0,\u0022PlayerWeaponVisualElapsedTicks\u0022:0,\u0022WeaponLaunches\u0022:0,\u0022EnemyWeaponLaunches\u0022:0,\u0022MissileLaunches\u0022:1,\u0022Impacts\u0022:0,\u0022ActiveMissiles\u0022:4"}
10-04 19:28:22.752  3817  3881 I godot   : QUEST_COMBAT_CHUNK: {"kind":"EVENT","runId":"20261004-182729-1d1caa","recordId":258,"index":1,"count":2,"data":"5,\u0022ActiveLasers\u0022:0,\u0022PlayerWorldRaycastElapsedTicks\u0022:0,\u0022PlayerMechRaycastElapsedTicks\u0022:0,\u0022WeaponEffectPoolBuilds\u0022:0,\u0022WeaponEffectPoolFallbacks\u0022:0,\u0022EnemyAiMilliseconds\u0022:0.319114,\u0022EnemyAiElapsedMs\u0022:0.319114,\u0022LineOfSightMilliseconds\u0022:0,\u0022LineOfSightElapsedMs\u0022:0,\u0022MissilePoolCreationMilliseconds\u0022:0,\u0022MissilePoolCreationElapsedMs\u0022:0,\u0022PlayerDirectRaycastMilliseconds\u0022:0,\u0022PlayerWorldRaycastMilliseconds\u0022:0,\u0022PlayerMechRaycastMilliseconds\u0022:0,\u0022PlayerDirectDamageMilliseconds\u0022:0,\u0022PlayerWeaponVisualMilliseconds\u0022:0}}"}
10-04 19:28:22.752  3817  3881 I godot   : QUEST_COMBAT_CHUNK: {"kind":"EVENT","runId":"20261004-182729-1d1caa","recordId":259,"index":0,"count":2,"data":"{\u0022runId\u0022:\u002220261004-182729-1d1caa\u0022,\u0022trial\u0022:2,\u0022Seconds\u0022:11.1647071,\u0022Ms\u0022:15.480199999998945,\u0022Combat\u0022:{\u0022EnemyAiTicks\u0022:4,\u0022EnemyAiElapsedTicks\u0022:409114,\u0022LineOfSightCalls\u0022:0,\u0022LineOfSightElapsedTicks\u0022:0,\u0022MissilePoolsCreated\u0022:0,\u0022MissilePoolCreationElapsedTicks\u0022:0,\u0022PlayerDirectRaycastCalls\u0022:0,\u0022PlayerDirectRaycastElapsedTicks\u0022:0,\u0022PlayerDirectDamageCalls\u0022:0,\u0022PlayerDirectDamageElapsedTicks\u0022:0,\u0022PlayerWeaponVisualCalls\u0022:0,\u0022PlayerWeaponVisualElapsedTicks\u0022:0,\u0022WeaponLaunches\u0022:0,\u0022EnemyWeaponLaunches\u0022:0,\u0022MissileLaunches\u0022:1,\u0022Impacts\u0022:0,\u0022ActiveMissiles\u0022:4"}
10-04 19:28:22.752  3817  3881 I godot   : QUEST_COMBAT_CHUNK: {"kind":"EVENT","runId":"20261004-182729-1d1caa","recordId":259,"index":1,"count":2,"data":"6,\u0022ActiveLasers\u0022:0,\u0022PlayerWorldRaycastElapsedTicks\u0022:0,\u0022PlayerMechRaycastElapsedTicks\u0022:0,\u0022WeaponEffectPoolBuilds\u0022:0,\u0022WeaponEffectPoolFallbacks\u0022:0,\u0022EnemyAiMilliseconds\u0022:0.409114,\u0022EnemyAiElapsedMs\u0022:0.409114,\u0022LineOfSightMilliseconds\u0022:0,\u0022LineOfSightElapsedMs\u0022:0,\u0022MissilePoolCreationMilliseconds\u0022:0,\u0022MissilePoolCreationElapsedMs\u0022:0,\u0022PlayerDirectRaycastMilliseconds\u0022:0,\u0022PlayerWorldRaycastMilliseconds\u0022:0,\u0022PlayerMechRaycastMilliseconds\u0022:0,\u0022PlayerDirectDamageMilliseconds\u0022:0,\u0022PlayerWeaponVisualMilliseconds\u0022:0}}"}
10-04 19:28:22.753  3817  3881 I godot   : QUEST_COMBAT_CHUNK: {"kind":"EVENT","runId":"20261004-182729-1d1caa","recordId":260,"index":0,"count":2,"data":"{\u0022runId\u0022:\u002220261004-182729-1d1caa\u0022,\u0022trial\u0022:2,\u0022Seconds\u0022:11.1955852,\u0022Ms\u0022:15.245099999999567,\u0022Combat\u0022:{\u0022EnemyAiTicks\u0022:4,\u0022EnemyAiElapsedTicks\u0022:296511,\u0022LineOfSightCalls\u0022:0,\u0022LineOfSightElapsedTicks\u0022:0,\u0022MissilePoolsCreated\u0022:0,\u0022MissilePoolCreationElapsedTicks\u0022:0,\u0022PlayerDirectRaycastCalls\u0022:0,\u0022PlayerDirectRaycastElapsedTicks\u0022:0,\u0022PlayerDirectDamageCalls\u0022:0,\u0022PlayerDirectDamageElapsedTicks\u0022:0,\u0022PlayerWeaponVisualCalls\u0022:0,\u0022PlayerWeaponVisualElapsedTicks\u0022:0,\u0022WeaponLaunches\u0022:0,\u0022EnemyWeaponLaunches\u0022:0,\u0022MissileLaunches\u0022:1,\u0022Impacts\u0022:0,\u0022ActiveMissiles\u0022:4"}
10-04 19:28:22.753  3817  3881 I godot   : QUEST_COMBAT_CHUNK: {"kind":"EVENT","runId":"20261004-182729-1d1caa","recordId":260,"index":1,"count":2,"data":"7,\u0022ActiveLasers\u0022:0,\u0022PlayerWorldRaycastElapsedTicks\u0022:0,\u0022PlayerMechRaycastElapsedTicks\u0022:0,\u0022WeaponEffectPoolBuilds\u0022:0,\u0022WeaponEffectPoolFallbacks\u0022:0,\u0022EnemyAiMilliseconds\u0022:0.296511,\u0022EnemyAiElapsedMs\u0022:0.296511,\u0022LineOfSightMilliseconds\u0022:0,\u0022LineOfSightElapsedMs\u0022:0,\u0022MissilePoolCreationMilliseconds\u0022:0,\u0022MissilePoolCreationElapsedMs\u0022:0,\u0022PlayerDirectRaycastMilliseconds\u0022:0,\u0022PlayerWorldRaycastMilliseconds\u0022:0,\u0022PlayerMechRaycastMilliseconds\u0022:0,\u0022PlayerDirectDamageMilliseconds\u0022:0,\u0022PlayerWeaponVisualMilliseconds\u0022:0}}"}
10-04 19:28:22.753  3817  3881 I godot   : QUEST_COMBAT_CHUNK: {"kind":"EVENT","runId":"20261004-182729-1d1caa","recordId":261,"index":0,"count":2,"data":"{\u0022runId\u0022:\u002220261004-182729-1d1caa\u0022,\u0022trial\u0022:2,\u0022Seconds\u0022:11.2110367,\u0022Ms\u0022:15.451499999999285,\u0022Combat\u0022:{\u0022EnemyAiTicks\u0022:4,\u0022EnemyAiElapsedTicks\u0022:289949,\u0022LineOfSightCalls\u0022:0,\u0022LineOfSightElapsedTicks\u0022:0,\u0022MissilePoolsCreated\u0022:0,\u0022MissilePoolCreationElapsedTicks\u0022:0,\u0022PlayerDirectRaycastCalls\u0022:0,\u0022PlayerDirectRaycastElapsedTicks\u0022:0,\u0022PlayerDirectDamageCalls\u0022:0,\u0022PlayerDirectDamageElapsedTicks\u0022:0,\u0022PlayerWeaponVisualCalls\u0022:0,\u0022PlayerWeaponVisualElapsedTicks\u0022:0,\u0022WeaponLaunches\u0022:0,\u0022EnemyWeaponLaunches\u0022:0,\u0022MissileLaunches\u0022:0,\u0022Impacts\u0022:1,\u0022ActiveMissiles\u0022:4"}
10-04 19:28:22.753  3817  3881 I godot   : QUEST_COMBAT_CHUNK: {"kind":"EVENT","runId":"20261004-182729-1d1caa","recordId":261,"index":1,"count":2,"data":"7,\u0022ActiveLasers\u0022:0,\u0022PlayerWorldRaycastElapsedTicks\u0022:0,\u0022PlayerMechRaycastElapsedTicks\u0022:0,\u0022WeaponEffectPoolBuilds\u0022:0,\u0022WeaponEffectPoolFallbacks\u0022:0,\u0022EnemyAiMilliseconds\u0022:0.289949,\u0022EnemyAiElapsedMs\u0022:0.289949,\u0022LineOfSightMilliseconds\u0022:0,\u0022LineOfSightElapsedMs\u0022:0,\u0022MissilePoolCreationMilliseconds\u0022:0,\u0022MissilePoolCreationElapsedMs\u0022:0,\u0022PlayerDirectRaycastMilliseconds\u0022:0,\u0022PlayerWorldRaycastMilliseconds\u0022:0,\u0022PlayerMechRaycastMilliseconds\u0022:0,\u0022PlayerDirectDamageMilliseconds\u0022:0,\u0022PlayerWeaponVisualMilliseconds\u0022:0}}"}
10-04 19:28:22.753  3817  3881 I godot   : QUEST_COMBAT_CHUNK: {"kind":"EVENT","runId":"20261004-182729-1d1caa","recordId":262,"index":0,"count":2,"data":"{\u0022runId\u0022:\u002220261004-182729-1d1caa\u0022,\u0022trial\u0022:2,\u0022Seconds\u0022:11.2553279,\u0022Ms\u0022:13.65159999999932,\u0022Combat\u0022:{\u0022EnemyAiTicks\u0022:4,\u0022EnemyAiElapsedTicks\u0022:336250,\u0022LineOfSightCalls\u0022:0,\u0022LineOfSightElapsedTicks\u0022:0,\u0022MissilePoolsCreated\u0022:0,\u0022MissilePoolCreationElapsedTicks\u0022:0,\u0022PlayerDirectRaycastCalls\u0022:0,\u0022PlayerDirectRaycastElapsedTicks\u0022:0,\u0022PlayerDirectDamageCalls\u0022:0,\u0022PlayerDirectDamageElapsedTicks\u0022:0,\u0022PlayerWeaponVisualCalls\u0022:0,\u0022PlayerWeaponVisualElapsedTicks\u0022:0,\u0022WeaponLaunches\u0022:0,\u0022EnemyWeaponLaunches\u0022:0,\u0022MissileLaunches\u0022:0,\u0022Impacts\u0022:1,\u0022ActiveMissiles\u0022:47"}
10-04 19:28:22.753  3817  3881 I godot   : QUEST_COMBAT_CHUNK: {"kind":"EVENT","runId":"20261004-182729-1d1caa","recordId":262,"index":1,"count":2,"data":",\u0022ActiveLasers\u0022:0,\u0022PlayerWorldRaycastElapsedTicks\u0022:0,\u0022PlayerMechRaycastElapsedTicks\u0022:0,\u0022WeaponEffectPoolBuilds\u0022:0,\u0022WeaponEffectPoolFallbacks\u0022:0,\u0022EnemyAiMilliseconds\u0022:0.33625,\u0022EnemyAiElapsedMs\u0022:0.33625,\u0022LineOfSightMilliseconds\u0022:0,\u0022LineOfSightElapsedMs\u0022:0,\u0022MissilePoolCreationMilliseconds\u0022:0,\u0022MissilePoolCreationElapsedMs\u0022:0,\u0022PlayerDirectRaycastMilliseconds\u0022:0,\u0022PlayerWorldRaycastMilliseconds\u0022:0,\u0022PlayerMechRaycastMilliseconds\u0022:0,\u0022PlayerDirectDamageMilliseconds\u0022:0,\u0022PlayerWeaponVisualMilliseconds\u0022:0}}"}
10-04 19:28:22.753  3817  3881 I godot   : QUEST_COMBAT_CHUNK: {"kind":"EVENT","runId":"20261004-182729-1d1caa","recordId":263,"index":0,"count":2,"data":"{\u0022runId\u0022:\u002220261004-182729-1d1caa\u0022,\u0022trial\u0022:2,\u0022Seconds\u0022:11.2696618,\u0022Ms\u0022:14.333900000000455,\u0022Combat\u0022:{\u0022EnemyAiTicks\u0022:4,\u0022EnemyAiElapsedTicks\u0022:291408,\u0022LineOfSightCalls\u0022:0,\u0022LineOfSightElapsedTicks\u0022:0,\u0022MissilePoolsCreated\u0022:0,\u0022MissilePoolCreationElapsedTicks\u0022:0,\u0022PlayerDirectRaycastCalls\u0022:0,\u0022PlayerDirectRaycastElapsedTicks\u0022:0,\u0022PlayerDirectDamageCalls\u0022:0,\u0022PlayerDirectDamageElapsedTicks\u0022:0,\u0022PlayerWeaponVisualCalls\u0022:0,\u0022PlayerWeaponVisualElapsedTicks\u0022:0,\u0022WeaponLaunches\u0022:0,\u0022EnemyWeaponLaunches\u0022:0,\u0022MissileLaunches\u0022:0,\u0022Impacts\u0022:1,\u0022ActiveMissiles\u0022:4"}
10-04 19:28:22.753  3817  3881 I godot   : QUEST_COMBAT_CHUNK: {"kind":"EVENT","runId":"20261004-182729-1d1caa","recordId":263,"index":1,"count":2,"data":"7,\u0022ActiveLasers\u0022:0,\u0022PlayerWorldRaycastElapsedTicks\u0022:0,\u0022PlayerMechRaycastElapsedTicks\u0022:0,\u0022WeaponEffectPoolBuilds\u0022:0,\u0022WeaponEffectPoolFallbacks\u0022:0,\u0022EnemyAiMilliseconds\u0022:0.291408,\u0022EnemyAiElapsedMs\u0022:0.291408,\u0022LineOfSightMilliseconds\u0022:0,\u0022LineOfSightElapsedMs\u0022:0,\u0022MissilePoolCreationMilliseconds\u0022:0,\u0022MissilePoolCreationElapsedMs\u0022:0,\u0022PlayerDirectRaycastMilliseconds\u0022:0,\u0022PlayerWorldRaycastMilliseconds\u0022:0,\u0022PlayerMechRaycastMilliseconds\u0022:0,\u0022PlayerDirectDamageMilliseconds\u0022:0,\u0022PlayerWeaponVisualMilliseconds\u0022:0}}"}
10-04 19:28:22.754  3817  3881 I godot   : QUEST_COMBAT_CHUNK: {"kind":"EVENT","runId":"20261004-182729-1d1caa","recordId":264,"index":0,"count":2,"data":"{\u0022runId\u0022:\u002220261004-182729-1d1caa\u0022,\u0022trial\u0022:2,\u0022Seconds\u0022:11.3121814,\u0022Ms\u0022:12.037700000000484,\u0022Combat\u0022:{\u0022EnemyAiTicks\u0022:0,\u0022EnemyAiElapsedTicks\u0022:0,\u0022LineOfSightCalls\u0022:0,\u0022LineOfSightElapsedTicks\u0022:0,\u0022MissilePoolsCreated\u0022:0,\u0022MissilePoolCreationElapsedTicks\u0022:0,\u0022PlayerDirectRaycastCalls\u0022:0,\u0022PlayerDirectRaycastElapsedTicks\u0022:0,\u0022PlayerDirectDamageCalls\u0022:0,\u0022PlayerDirectDamageElapsedTicks\u0022:0,\u0022PlayerWeaponVisualCalls\u0022:0,\u0022PlayerWeaponVisualElapsedTicks\u0022:0,\u0022WeaponLaunches\u0022:0,\u0022EnemyWeaponLaunches\u0022:0,\u0022MissileLaunches\u0022:0,\u0022Impacts\u0022:1,\u0022ActiveMissiles\u0022:47,"}
10-04 19:28:22.754  3817  3881 I godot   : QUEST_COMBAT_CHUNK: {"kind":"EVENT","runId":"20261004-182729-1d1caa","recordId":264,"index":1,"count":2,"data":"\u0022ActiveLasers\u0022:0,\u0022PlayerWorldRaycastElapsedTicks\u0022:0,\u0022PlayerMechRaycastElapsedTicks\u0022:0,\u0022WeaponEffectPoolBuilds\u0022:0,\u0022WeaponEffectPoolFallbacks\u0022:0,\u0022EnemyAiMilliseconds\u0022:0,\u0022EnemyAiElapsedMs\u0022:0,\u0022LineOfSightMilliseconds\u0022:0,\u0022LineOfSightElapsedMs\u0022:0,\u0022MissilePoolCreationMilliseconds\u0022:0,\u0022MissilePoolCreationElapsedMs\u0022:0,\u0022PlayerDirectRaycastMilliseconds\u0022:0,\u0022PlayerWorldRaycastMilliseconds\u0022:0,\u0022PlayerMechRaycastMilliseconds\u0022:0,\u0022PlayerDirectDamageMilliseconds\u0022:0,\u0022PlayerWeaponVisualMilliseconds\u0022:0}}"}
10-04 19:28:22.754  3817  3881 I godot   : QUEST_COMBAT_CHUNK: {"kind":"EVENT","runId":"20261004-182729-1d1caa","recordId":265,"index":0,"count":2,"data":"{\u0022runId\u0022:\u002220261004-182729-1d1caa\u0022,\u0022trial\u0022:2,\u0022Seconds\u0022:11.3450824,\u0022Ms\u0022:15.34490000000055,\u0022Combat\u0022:{\u0022EnemyAiTicks\u0022:4,\u0022EnemyAiElapsedTicks\u0022:311042,\u0022LineOfSightCalls\u0022:0,\u0022LineOfSightElapsedTicks\u0022:0,\u0022MissilePoolsCreated\u0022:0,\u0022MissilePoolCreationElapsedTicks\u0022:0,\u0022PlayerDirectRaycastCalls\u0022:0,\u0022PlayerDirectRaycastElapsedTicks\u0022:0,\u0022PlayerDirectDamageCalls\u0022:0,\u0022PlayerDirectDamageElapsedTicks\u0022:0,\u0022PlayerWeaponVisualCalls\u0022:0,\u0022PlayerWeaponVisualElapsedTicks\u0022:0,\u0022WeaponLaunches\u0022:0,\u0022EnemyWeaponLaunches\u0022:0,\u0022MissileLaunches\u0022:0,\u0022Impacts\u0022:1,\u0022ActiveMissiles\u0022:47"}
10-04 19:28:22.754  3817  3881 I godot   : QUEST_COMBAT_CHUNK: {"kind":"EVENT","runId":"20261004-182729-1d1caa","recordId":265,"index":1,"count":2,"data":",\u0022ActiveLasers\u0022:0,\u0022PlayerWorldRaycastElapsedTicks\u0022:0,\u0022PlayerMechRaycastElapsedTicks\u0022:0,\u0022WeaponEffectPoolBuilds\u0022:0,\u0022WeaponEffectPoolFallbacks\u0022:0,\u0022EnemyAiMilliseconds\u0022:0.311042,\u0022EnemyAiElapsedMs\u0022:0.311042,\u0022LineOfSightMilliseconds\u0022:0,\u0022LineOfSightElapsedMs\u0022:0,\u0022MissilePoolCreationMilliseconds\u0022:0,\u0022MissilePoolCreationElapsedMs\u0022:0,\u0022PlayerDirectRaycastMilliseconds\u0022:0,\u0022PlayerWorldRaycastMilliseconds\u0022:0,\u0022PlayerMechRaycastMilliseconds\u0022:0,\u0022PlayerDirectDamageMilliseconds\u0022:0,\u0022PlayerWeaponVisualMilliseconds\u0022:0}}"}
10-04 19:28:22.755  3817  3881 I godot   : QUEST_COMBAT_CHUNK: {"kind":"EVENT","runId":"20261004-182729-1d1caa","recordId":266,"index":0,"count":2,"data":"{\u0022runId\u0022:\u002220261004-182729-1d1caa\u0022,\u0022trial\u0022:2,\u0022Seconds\u0022:11.3892373,\u0022Ms\u0022:15.404099999999588,\u0022Combat\u0022:{\u0022EnemyAiTicks\u0022:4,\u0022EnemyAiElapsedTicks\u0022:269532,\u0022LineOfSightCalls\u0022:0,\u0022LineOfSightElapsedTicks\u0022:0,\u0022MissilePoolsCreated\u0022:0,\u0022MissilePoolCreationElapsedTicks\u0022:0,\u0022PlayerDirectRaycastCalls\u0022:0,\u0022PlayerDirectRaycastElapsedTicks\u0022:0,\u0022PlayerDirectDamageCalls\u0022:0,\u0022PlayerDirectDamageElapsedTicks\u0022:0,\u0022PlayerWeaponVisualCalls\u0022:0,\u0022PlayerWeaponVisualElapsedTicks\u0022:0,\u0022WeaponLaunches\u0022:0,\u0022EnemyWeaponLaunches\u0022:0,\u0022MissileLaunches\u0022:0,\u0022Impacts\u0022:1,\u0022ActiveMissiles\u0022:4"}
10-04 19:28:22.755  3817  3881 I godot   : QUEST_COMBAT_CHUNK: {"kind":"EVENT","runId":"20261004-182729-1d1caa","recordId":266,"index":1,"count":2,"data":"7,\u0022ActiveLasers\u0022:0,\u0022PlayerWorldRaycastElapsedTicks\u0022:0,\u0022PlayerMechRaycastElapsedTicks\u0022:0,\u0022WeaponEffectPoolBuilds\u0022:0,\u0022WeaponEffectPoolFallbacks\u0022:0,\u0022EnemyAiMilliseconds\u0022:0.269532,\u0022EnemyAiElapsedMs\u0022:0.269532,\u0022LineOfSightMilliseconds\u0022:0,\u0022LineOfSightElapsedMs\u0022:0,\u0022MissilePoolCreationMilliseconds\u0022:0,\u0022MissilePoolCreationElapsedMs\u0022:0,\u0022PlayerDirectRaycastMilliseconds\u0022:0,\u0022PlayerWorldRaycastMilliseconds\u0022:0,\u0022PlayerMechRaycastMilliseconds\u0022:0,\u0022PlayerDirectDamageMilliseconds\u0022:0,\u0022PlayerWeaponVisualMilliseconds\u0022:0}}"}
10-04 19:28:22.755  3817  3881 I godot   : QUEST_COMBAT_CHUNK: {"kind":"EVENT","runId":"20261004-182729-1d1caa","recordId":267,"index":0,"count":2,"data":"{\u0022runId\u0022:\u002220261004-182729-1d1caa\u0022,\u0022trial\u0022:2,\u0022Seconds\u0022:11.4043619,\u0022Ms\u0022:15.124600000000044,\u0022Combat\u0022:{\u0022EnemyAiTicks\u0022:4,\u0022EnemyAiElapsedTicks\u0022:423072,\u0022LineOfSightCalls\u0022:1,\u0022LineOfSightElapsedTicks\u0022:169635,\u0022MissilePoolsCreated\u0022:0,\u0022MissilePoolCreationElapsedTicks\u0022:0,\u0022PlayerDirectRaycastCalls\u0022:0,\u0022PlayerDirectRaycastElapsedTicks\u0022:0,\u0022PlayerDirectDamageCalls\u0022:0,\u0022PlayerDirectDamageElapsedTicks\u0022:0,\u0022PlayerWeaponVisualCalls\u0022:0,\u0022PlayerWeaponVisualElapsedTicks\u0022:0,\u0022WeaponLaunches\u0022:0,\u0022EnemyWeaponLaunches\u0022:0,\u0022MissileLaunches\u0022:0,\u0022Impacts\u0022:1,\u0022ActiveMissiles"}
10-04 19:28:22.755  3817  3881 I godot   : QUEST_COMBAT_CHUNK: {"kind":"EVENT","runId":"20261004-182729-1d1caa","recordId":267,"index":1,"count":2,"data":"\u0022:47,\u0022ActiveLasers\u0022:0,\u0022PlayerWorldRaycastElapsedTicks\u0022:0,\u0022PlayerMechRaycastElapsedTicks\u0022:0,\u0022WeaponEffectPoolBuilds\u0022:0,\u0022WeaponEffectPoolFallbacks\u0022:0,\u0022EnemyAiMilliseconds\u0022:0.423072,\u0022EnemyAiElapsedMs\u0022:0.423072,\u0022LineOfSightMilliseconds\u0022:0.169635,\u0022LineOfSightElapsedMs\u0022:0.169635,\u0022MissilePoolCreationMilliseconds\u0022:0,\u0022MissilePoolCreationElapsedMs\u0022:0,\u0022PlayerDirectRaycastMilliseconds\u0022:0,\u0022PlayerWorldRaycastMilliseconds\u0022:0,\u0022PlayerMechRaycastMilliseconds\u0022:0,\u0022PlayerDirectDamageMilliseconds\u0022:0,\u0022PlayerWeaponVisualMilliseconds\u0022:0}}"}
10-04 19:28:22.755  3817  3881 I godot   : QUEST_COMBAT_CHUNK: {"kind":"EVENT","runId":"20261004-182729-1d1caa","recordId":268,"index":0,"count":2,"data":"{\u0022runId\u0022:\u002220261004-182729-1d1caa\u0022,\u0022trial\u0022:2,\u0022Seconds\u0022:11.4659229,\u0022Ms\u0022:16.677900000001245,\u0022Combat\u0022:{\u0022EnemyAiTicks\u0022:4,\u0022EnemyAiElapsedTicks\u0022:263178,\u0022LineOfSightCalls\u0022:0,\u0022LineOfSightElapsedTicks\u0022:0,\u0022MissilePoolsCreated\u0022:0,\u0022MissilePoolCreationElapsedTicks\u0022:0,\u0022PlayerDirectRaycastCalls\u0022:0,\u0022PlayerDirectRaycastElapsedTicks\u0022:0,\u0022PlayerDirectDamageCalls\u0022:0,\u0022PlayerDirectDamageElapsedTicks\u0022:0,\u0022PlayerWeaponVisualCalls\u0022:0,\u0022PlayerWeaponVisualElapsedTicks\u0022:0,\u0022WeaponLaunches\u0022:0,\u0022EnemyWeaponLaunches\u0022:0,\u0022MissileLaunches\u0022:0,\u0022Impacts\u0022:1,\u0022ActiveMissiles\u0022:4"}
10-04 19:28:22.755  3817  3881 I godot   : QUEST_COMBAT_CHUNK: {"kind":"EVENT","runId":"20261004-182729-1d1caa","recordId":268,"index":1,"count":2,"data":"7,\u0022ActiveLasers\u0022:0,\u0022PlayerWorldRaycastElapsedTicks\u0022:0,\u0022PlayerMechRaycastElapsedTicks\u0022:0,\u0022WeaponEffectPoolBuilds\u0022:0,\u0022WeaponEffectPoolFallbacks\u0022:0,\u0022EnemyAiMilliseconds\u0022:0.263178,\u0022EnemyAiElapsedMs\u0022:0.263178,\u0022LineOfSightMilliseconds\u0022:0,\u0022LineOfSightElapsedMs\u0022:0,\u0022MissilePoolCreationMilliseconds\u0022:0,\u0022MissilePoolCreationElapsedMs\u0022:0,\u0022PlayerDirectRaycastMilliseconds\u0022:0,\u0022PlayerWorldRaycastMilliseconds\u0022:0,\u0022PlayerMechRaycastMilliseconds\u0022:0,\u0022PlayerDirectDamageMilliseconds\u0022:0,\u0022PlayerWeaponVisualMilliseconds\u0022:0}}"}
10-04 19:28:22.755  3817  3881 I godot   : QUEST_COMBAT_CHUNK: {"kind":"EVENT","runId":"20261004-182729-1d1caa","recordId":269,"index":0,"count":2,"data":"{\u0022runId\u0022:\u002220261004-182729-1d1caa\u0022,\u0022trial\u0022:2,\u0022Seconds\u0022:11.494595,\u0022Ms\u0022:13.08739999999986,\u0022Combat\u0022:{\u0022EnemyAiTicks\u0022:0,\u0022EnemyAiElapsedTicks\u0022:0,\u0022LineOfSightCalls\u0022:0,\u0022LineOfSightElapsedTicks\u0022:0,\u0022MissilePoolsCreated\u0022:0,\u0022MissilePoolCreationElapsedTicks\u0022:0,\u0022PlayerDirectRaycastCalls\u0022:0,\u0022PlayerDirectRaycastElapsedTicks\u0022:0,\u0022PlayerDirectDamageCalls\u0022:0,\u0022PlayerDirectDamageElapsedTicks\u0022:0,\u0022PlayerWeaponVisualCalls\u0022:0,\u0022PlayerWeaponVisualElapsedTicks\u0022:0,\u0022WeaponLaunches\u0022:0,\u0022EnemyWeaponLaunches\u0022:0,\u0022MissileLaunches\u0022:0,\u0022Impacts\u0022:1,\u0022ActiveMissiles\u0022:47,"}
10-04 19:28:22.755  3817  3881 I godot   : QUEST_COMBAT_CHUNK: {"kind":"EVENT","runId":"20261004-182729-1d1caa","recordId":269,"index":1,"count":2,"data":"\u0022ActiveLasers\u0022:0,\u0022PlayerWorldRaycastElapsedTicks\u0022:0,\u0022PlayerMechRaycastElapsedTicks\u0022:0,\u0022WeaponEffectPoolBuilds\u0022:0,\u0022WeaponEffectPoolFallbacks\u0022:0,\u0022EnemyAiMilliseconds\u0022:0,\u0022EnemyAiElapsedMs\u0022:0,\u0022LineOfSightMilliseconds\u0022:0,\u0022LineOfSightElapsedMs\u0022:0,\u0022MissilePoolCreationMilliseconds\u0022:0,\u0022MissilePoolCreationElapsedMs\u0022:0,\u0022PlayerDirectRaycastMilliseconds\u0022:0,\u0022PlayerWorldRaycastMilliseconds\u0022:0,\u0022PlayerMechRaycastMilliseconds\u0022:0,\u0022PlayerDirectDamageMilliseconds\u0022:0,\u0022PlayerWeaponVisualMilliseconds\u0022:0}}"}
10-04 19:28:22.756  3817  3881 I godot   : QUEST_COMBAT_CHUNK: {"kind":"EVENT","runId":"20261004-182729-1d1caa","recordId":270,"index":0,"count":2,"data":"{\u0022runId\u0022:\u002220261004-182729-1d1caa\u0022,\u0022trial\u0022:2,\u0022Seconds\u0022:11.5357273,\u0022Ms\u0022:15.234699999998824,\u0022Combat\u0022:{\u0022EnemyAiTicks\u0022:4,\u0022EnemyAiElapsedTicks\u0022:212813,\u0022LineOfSightCalls\u0022:0,\u0022LineOfSightElapsedTicks\u0022:0,\u0022MissilePoolsCreated\u0022:0,\u0022MissilePoolCreationElapsedTicks\u0022:0,\u0022PlayerDirectRaycastCalls\u0022:0,\u0022PlayerDirectRaycastElapsedTicks\u0022:0,\u0022PlayerDirectDamageCalls\u0022:0,\u0022PlayerDirectDamageElapsedTicks\u0022:0,\u0022PlayerWeaponVisualCalls\u0022:0,\u0022PlayerWeaponVisualElapsedTicks\u0022:0,\u0022WeaponLaunches\u0022:0,\u0022EnemyWeaponLaunches\u0022:0,\u0022MissileLaunches\u0022:0,\u0022Impacts\u0022:1,\u0022ActiveMissiles\u0022:4"}
10-04 19:28:22.756  3817  3881 I godot   : QUEST_COMBAT_CHUNK: {"kind":"EVENT","runId":"20261004-182729-1d1caa","recordId":270,"index":1,"count":2,"data":"7,\u0022ActiveLasers\u0022:0,\u0022PlayerWorldRaycastElapsedTicks\u0022:0,\u0022PlayerMechRaycastElapsedTicks\u0022:0,\u0022WeaponEffectPoolBuilds\u0022:0,\u0022WeaponEffectPoolFallbacks\u0022:0,\u0022EnemyAiMilliseconds\u0022:0.212813,\u0022EnemyAiElapsedMs\u0022:0.212813,\u0022LineOfSightMilliseconds\u0022:0,\u0022LineOfSightElapsedMs\u0022:0,\u0022MissilePoolCreationMilliseconds\u0022:0,\u0022MissilePoolCreationElapsedMs\u0022:0,\u0022PlayerDirectRaycastMilliseconds\u0022:0,\u0022PlayerWorldRaycastMilliseconds\u0022:0,\u0022PlayerMechRaycastMilliseconds\u0022:0,\u0022PlayerDirectDamageMilliseconds\u0022:0,\u0022PlayerWeaponVisualMilliseconds\u0022:0}}"}
10-04 19:28:22.756  3817  3881 I godot   : QUEST_COMBAT_CHUNK: {"kind":"EVENT","runId":"20261004-182729-1d1caa","recordId":271,"index":0,"count":2,"data":"{\u0022runId\u0022:\u002220261004-182729-1d1caa\u0022,\u0022trial\u0022:2,\u0022Seconds\u0022:11.5669082,\u0022Ms\u0022:15.505400000000336,\u0022Combat\u0022:{\u0022EnemyAiTicks\u0022:4,\u0022EnemyAiElapsedTicks\u0022:240989,\u0022LineOfSightCalls\u0022:0,\u0022LineOfSightElapsedTicks\u0022:0,\u0022MissilePoolsCreated\u0022:0,\u0022MissilePoolCreationElapsedTicks\u0022:0,\u0022PlayerDirectRaycastCalls\u0022:0,\u0022PlayerDirectRaycastElapsedTicks\u0022:0,\u0022PlayerDirectDamageCalls\u0022:0,\u0022PlayerDirectDamageElapsedTicks\u0022:0,\u0022PlayerWeaponVisualCalls\u0022:0,\u0022PlayerWeaponVisualElapsedTicks\u0022:0,\u0022WeaponLaunches\u0022:0,\u0022EnemyWeaponLaunches\u0022:0,\u0022MissileLaunches\u0022:0,\u0022Impacts\u0022:1,\u0022ActiveMissiles\u0022:4"}
10-04 19:28:22.756  3817  3881 I godot   : QUEST_COMBAT_CHUNK: {"kind":"EVENT","runId":"20261004-182729-1d1caa","recordId":271,"index":1,"count":2,"data":"7,\u0022ActiveLasers\u0022:0,\u0022PlayerWorldRaycastElapsedTicks\u0022:0,\u0022PlayerMechRaycastElapsedTicks\u0022:0,\u0022WeaponEffectPoolBuilds\u0022:0,\u0022WeaponEffectPoolFallbacks\u0022:0,\u0022EnemyAiMilliseconds\u0022:0.240989,\u0022EnemyAiElapsedMs\u0022:0.240989,\u0022LineOfSightMilliseconds\u0022:0,\u0022LineOfSightElapsedMs\u0022:0,\u0022MissilePoolCreationMilliseconds\u0022:0,\u0022MissilePoolCreationElapsedMs\u0022:0,\u0022PlayerDirectRaycastMilliseconds\u0022:0,\u0022PlayerWorldRaycastMilliseconds\u0022:0,\u0022PlayerMechRaycastMilliseconds\u0022:0,\u0022PlayerDirectDamageMilliseconds\u0022:0,\u0022PlayerWeaponVisualMilliseconds\u0022:0}}"}
10-04 19:28:22.757  3817  3881 I godot   : QUEST_COMBAT_CHUNK: {"kind":"EVENT","runId":"20261004-182729-1d1caa","recordId":272,"index":0,"count":2,"data":"{\u0022runId\u0022:\u002220261004-182729-1d1caa\u0022,\u0022trial\u0022:2,\u0022Seconds\u0022:11.5974513,\u0022Ms\u0022:15.55329999999877,\u0022Combat\u0022:{\u0022EnemyAiTicks\u0022:4,\u0022EnemyAiElapsedTicks\u0022:243489,\u0022LineOfSightCalls\u0022:0,\u0022LineOfSightElapsedTicks\u0022:0,\u0022MissilePoolsCreated\u0022:0,\u0022MissilePoolCreationElapsedTicks\u0022:0,\u0022PlayerDirectRaycastCalls\u0022:0,\u0022PlayerDirectRaycastElapsedTicks\u0022:0,\u0022PlayerDirectDamageCalls\u0022:0,\u0022PlayerDirectDamageElapsedTicks\u0022:0,\u0022PlayerWeaponVisualCalls\u0022:0,\u0022PlayerWeaponVisualElapsedTicks\u0022:0,\u0022WeaponLaunches\u0022:0,\u0022EnemyWeaponLaunches\u0022:0,\u0022MissileLaunches\u0022:0,\u0022Impacts\u0022:1,\u0022ActiveMissiles\u0022:47"}
10-04 19:28:22.757  3817  3881 I godot   : QUEST_COMBAT_CHUNK: {"kind":"EVENT","runId":"20261004-182729-1d1caa","recordId":272,"index":1,"count":2,"data":",\u0022ActiveLasers\u0022:0,\u0022PlayerWorldRaycastElapsedTicks\u0022:0,\u0022PlayerMechRaycastElapsedTicks\u0022:0,\u0022WeaponEffectPoolBuilds\u0022:0,\u0022WeaponEffectPoolFallbacks\u0022:0,\u0022EnemyAiMilliseconds\u0022:0.243489,\u0022EnemyAiElapsedMs\u0022:0.243489,\u0022LineOfSightMilliseconds\u0022:0,\u0022LineOfSightElapsedMs\u0022:0,\u0022MissilePoolCreationMilliseconds\u0022:0,\u0022MissilePoolCreationElapsedMs\u0022:0,\u0022PlayerDirectRaycastMilliseconds\u0022:0,\u0022PlayerWorldRaycastMilliseconds\u0022:0,\u0022PlayerMechRaycastMilliseconds\u0022:0,\u0022PlayerDirectDamageMilliseconds\u0022:0,\u0022PlayerWeaponVisualMilliseconds\u0022:0}}"}
10-04 19:28:22.757  3817  3881 I godot   : QUEST_COMBAT_CHUNK: {"kind":"EVENT","runId":"20261004-182729-1d1caa","recordId":273,"index":0,"count":2,"data":"{\u0022runId\u0022:\u002220261004-182729-1d1caa\u0022,\u0022trial\u0022:2,\u0022Seconds\u0022:11.644707,\u0022Ms\u0022:16.135500000000746,\u0022Combat\u0022:{\u0022EnemyAiTicks\u0022:4,\u0022EnemyAiElapsedTicks\u0022:231407,\u0022LineOfSightCalls\u0022:0,\u0022LineOfSightElapsedTicks\u0022:0,\u0022MissilePoolsCreated\u0022:0,\u0022MissilePoolCreationElapsedTicks\u0022:0,\u0022PlayerDirectRaycastCalls\u0022:0,\u0022PlayerDirectRaycastElapsedTicks\u0022:0,\u0022PlayerDirectDamageCalls\u0022:0,\u0022PlayerDirectDamageElapsedTicks\u0022:0,\u0022PlayerWeaponVisualCalls\u0022:0,\u0022PlayerWeaponVisualElapsedTicks\u0022:0,\u0022WeaponLaunches\u0022:0,\u0022EnemyWeaponLaunches\u0022:0,\u0022MissileLaunches\u0022:0,\u0022Impacts\u0022:1,\u0022ActiveMissiles\u0022:47"}
10-04 19:28:22.757  3817  3881 I godot   : QUEST_COMBAT_CHUNK: {"kind":"EVENT","runId":"20261004-182729-1d1caa","recordId":273,"index":1,"count":2,"data":",\u0022ActiveLasers\u0022:0,\u0022PlayerWorldRaycastElapsedTicks\u0022:0,\u0022PlayerMechRaycastElapsedTicks\u0022:0,\u0022WeaponEffectPoolBuilds\u0022:0,\u0022WeaponEffectPoolFallbacks\u0022:0,\u0022EnemyAiMilliseconds\u0022:0.231407,\u0022EnemyAiElapsedMs\u0022:0.231407,\u0022LineOfSightMilliseconds\u0022:0,\u0022LineOfSightElapsedMs\u0022:0,\u0022MissilePoolCreationMilliseconds\u0022:0,\u0022MissilePoolCreationElapsedMs\u0022:0,\u0022PlayerDirectRaycastMilliseconds\u0022:0,\u0022PlayerWorldRaycastMilliseconds\u0022:0,\u0022PlayerMechRaycastMilliseconds\u0022:0,\u0022PlayerDirectDamageMilliseconds\u0022:0,\u0022PlayerWeaponVisualMilliseconds\u0022:0}}"}
10-04 19:28:22.757  3817  3881 I godot   : QUEST_COMBAT_CHUNK: {"kind":"EVENT","runId":"20261004-182729-1d1caa","recordId":274,"index":0,"count":2,"data":"{\u0022runId\u0022:\u002220261004-182729-1d1caa\u0022,\u0022trial\u0022:2,\u0022Seconds\u0022:11.6605388,\u0022Ms\u0022:15.831799999999063,\u0022Combat\u0022:{\u0022EnemyAiTicks\u0022:4,\u0022EnemyAiElapsedTicks\u0022:240104,\u0022LineOfSightCalls\u0022:0,\u0022LineOfSightElapsedTicks\u0022:0,\u0022MissilePoolsCreated\u0022:0,\u0022MissilePoolCreationElapsedTicks\u0022:0,\u0022PlayerDirectRaycastCalls\u0022:0,\u0022PlayerDirectRaycastElapsedTicks\u0022:0,\u0022PlayerDirectDamageCalls\u0022:0,\u0022PlayerDirectDamageElapsedTicks\u0022:0,\u0022PlayerWeaponVisualCalls\u0022:0,\u0022PlayerWeaponVisualElapsedTicks\u0022:0,\u0022WeaponLaunches\u0022:0,\u0022EnemyWeaponLaunches\u0022:0,\u0022MissileLaunches\u0022:0,\u0022Impacts\u0022:1,\u0022ActiveMissiles\u0022:4"}
10-04 19:28:22.757  3817  3881 I godot   : QUEST_COMBAT_CHUNK: {"kind":"EVENT","runId":"20261004-182729-1d1caa","recordId":274,"index":1,"count":2,"data":"7,\u0022ActiveLasers\u0022:0,\u0022PlayerWorldRaycastElapsedTicks\u0022:0,\u0022PlayerMechRaycastElapsedTicks\u0022:0,\u0022WeaponEffectPoolBuilds\u0022:0,\u0022WeaponEffectPoolFallbacks\u0022:0,\u0022EnemyAiMilliseconds\u0022:0.240104,\u0022EnemyAiElapsedMs\u0022:0.240104,\u0022LineOfSightMilliseconds\u0022:0,\u0022LineOfSightElapsedMs\u0022:0,\u0022MissilePoolCreationMilliseconds\u0022:0,\u0022MissilePoolCreationElapsedMs\u0022:0,\u0022PlayerDirectRaycastMilliseconds\u0022:0,\u0022PlayerWorldRaycastMilliseconds\u0022:0,\u0022PlayerMechRaycastMilliseconds\u0022:0,\u0022PlayerDirectDamageMilliseconds\u0022:0,\u0022PlayerWeaponVisualMilliseconds\u0022:0}}"}
10-04 19:28:22.757  3817  3881 I godot   : QUEST_COMBAT_CHUNK: {"kind":"EVENT","runId":"20261004-182729-1d1caa","recordId":275,"index":0,"count":2,"data":"{\u0022runId\u0022:\u002220261004-182729-1d1caa\u0022,\u0022trial\u0022:2,\u0022Seconds\u0022:11.7072544,\u0022Ms\u0022:15.780299999999414,\u0022Combat\u0022:{\u0022EnemyAiTicks\u0022:4,\u0022EnemyAiElapsedTicks\u0022:303438,\u0022LineOfSightCalls\u0022:0,\u0022LineOfSightElapsedTicks\u0022:0,\u0022MissilePoolsCreated\u0022:0,\u0022MissilePoolCreationElapsedTicks\u0022:0,\u0022PlayerDirectRaycastCalls\u0022:0,\u0022PlayerDirectRaycastElapsedTicks\u0022:0,\u0022PlayerDirectDamageCalls\u0022:0,\u0022PlayerDirectDamageElapsedTicks\u0022:0,\u0022PlayerWeaponVisualCalls\u0022:0,\u0022PlayerWeaponVisualElapsedTicks\u0022:0,\u0022WeaponLaunches\u0022:0,\u0022EnemyWeaponLaunches\u0022:0,\u0022MissileLaunches\u0022:0,\u0022Impacts\u0022:1,\u0022ActiveMissiles\u0022:4"}
10-04 19:28:22.757  3817  3881 I godot   : QUEST_COMBAT_CHUNK: {"kind":"EVENT","runId":"20261004-182729-1d1caa","recordId":275,"index":1,"count":2,"data":"7,\u0022ActiveLasers\u0022:0,\u0022PlayerWorldRaycastElapsedTicks\u0022:0,\u0022PlayerMechRaycastElapsedTicks\u0022:0,\u0022WeaponEffectPoolBuilds\u0022:0,\u0022WeaponEffectPoolFallbacks\u0022:0,\u0022EnemyAiMilliseconds\u0022:0.303438,\u0022EnemyAiElapsedMs\u0022:0.303438,\u0022LineOfSightMilliseconds\u0022:0,\u0022LineOfSightElapsedMs\u0022:0,\u0022MissilePoolCreationMilliseconds\u0022:0,\u0022MissilePoolCreationElapsedMs\u0022:0,\u0022PlayerDirectRaycastMilliseconds\u0022:0,\u0022PlayerWorldRaycastMilliseconds\u0022:0,\u0022PlayerMechRaycastMilliseconds\u0022:0,\u0022PlayerDirectDamageMilliseconds\u0022:0,\u0022PlayerWeaponVisualMilliseconds\u0022:0}}"}
10-04 19:28:22.758  3817  3881 I godot   : QUEST_COMBAT_CHUNK: {"kind":"EVENT","runId":"20261004-182729-1d1caa","recordId":276,"index":0,"count":2,"data":"{\u0022runId\u0022:\u002220261004-182729-1d1caa\u0022,\u0022trial\u0022:2,\u0022Seconds\u0022:11.7384277,\u0022Ms\u0022:15.458500000001152,\u0022Combat\u0022:{\u0022EnemyAiTicks\u0022:4,\u0022EnemyAiElapsedTicks\u0022:344113,\u0022LineOfSightCalls\u0022:0,\u0022LineOfSightElapsedTicks\u0022:0,\u0022MissilePoolsCreated\u0022:0,\u0022MissilePoolCreationElapsedTicks\u0022:0,\u0022PlayerDirectRaycastCalls\u0022:0,\u0022PlayerDirectRaycastElapsedTicks\u0022:0,\u0022PlayerDirectDamageCalls\u0022:0,\u0022PlayerDirectDamageElapsedTicks\u0022:0,\u0022PlayerWeaponVisualCalls\u0022:0,\u0022PlayerWeaponVisualElapsedTicks\u0022:0,\u0022WeaponLaunches\u0022:0,\u0022EnemyWeaponLaunches\u0022:0,\u0022MissileLaunches\u0022:0,\u0022Impacts\u0022:1,\u0022ActiveMissiles\u0022:4"}
10-04 19:28:22.758  3817  3881 I godot   : QUEST_COMBAT_CHUNK: {"kind":"EVENT","runId":"20261004-182729-1d1caa","recordId":276,"index":1,"count":2,"data":"7,\u0022ActiveLasers\u0022:0,\u0022PlayerWorldRaycastElapsedTicks\u0022:0,\u0022PlayerMechRaycastElapsedTicks\u0022:0,\u0022WeaponEffectPoolBuilds\u0022:0,\u0022WeaponEffectPoolFallbacks\u0022:0,\u0022EnemyAiMilliseconds\u0022:0.344113,\u0022EnemyAiElapsedMs\u0022:0.344113,\u0022LineOfSightMilliseconds\u0022:0,\u0022LineOfSightElapsedMs\u0022:0,\u0022MissilePoolCreationMilliseconds\u0022:0,\u0022MissilePoolCreationElapsedMs\u0022:0,\u0022PlayerDirectRaycastMilliseconds\u0022:0,\u0022PlayerWorldRaycastMilliseconds\u0022:0,\u0022PlayerMechRaycastMilliseconds\u0022:0,\u0022PlayerDirectDamageMilliseconds\u0022:0,\u0022PlayerWeaponVisualMilliseconds\u0022:0}}"}
10-04 19:28:22.758  3817  3881 I godot   : QUEST_COMBAT_CHUNK: {"kind":"EVENT","runId":"20261004-182729-1d1caa","recordId":277,"index":0,"count":2,"data":"{\u0022runId\u0022:\u002220261004-182729-1d1caa\u0022,\u0022trial\u0022:2,\u0022Seconds\u0022:11.7537067,\u0022Ms\u0022:15.278999999999598,\u0022Combat\u0022:{\u0022EnemyAiTicks\u0022:4,\u0022EnemyAiElapsedTicks\u0022:391563,\u0022LineOfSightCalls\u0022:0,\u0022LineOfSightElapsedTicks\u0022:0,\u0022MissilePoolsCreated\u0022:0,\u0022MissilePoolCreationElapsedTicks\u0022:0,\u0022PlayerDirectRaycastCalls\u0022:0,\u0022PlayerDirectRaycastElapsedTicks\u0022:0,\u0022PlayerDirectDamageCalls\u0022:0,\u0022PlayerDirectDamageElapsedTicks\u0022:0,\u0022PlayerWeaponVisualCalls\u0022:0,\u0022PlayerWeaponVisualElapsedTicks\u0022:0,\u0022WeaponLaunches\u0022:0,\u0022EnemyWeaponLaunches\u0022:0,\u0022MissileLaunches\u0022:0,\u0022Impacts\u0022:1,\u0022ActiveMissiles\u0022:4"}
10-04 19:28:22.758  3817  3881 I godot   : QUEST_COMBAT_CHUNK: {"kind":"EVENT","runId":"20261004-182729-1d1caa","recordId":277,"index":1,"count":2,"data":"7,\u0022ActiveLasers\u0022:0,\u0022PlayerWorldRaycastElapsedTicks\u0022:0,\u0022PlayerMechRaycastElapsedTicks\u0022:0,\u0022WeaponEffectPoolBuilds\u0022:0,\u0022WeaponEffectPoolFallbacks\u0022:0,\u0022EnemyAiMilliseconds\u0022:0.391563,\u0022EnemyAiElapsedMs\u0022:0.391563,\u0022LineOfSightMilliseconds\u0022:0,\u0022LineOfSightElapsedMs\u0022:0,\u0022MissilePoolCreationMilliseconds\u0022:0,\u0022MissilePoolCreationElapsedMs\u0022:0,\u0022PlayerDirectRaycastMilliseconds\u0022:0,\u0022PlayerWorldRaycastMilliseconds\u0022:0,\u0022PlayerMechRaycastMilliseconds\u0022:0,\u0022PlayerDirectDamageMilliseconds\u0022:0,\u0022PlayerWeaponVisualMilliseconds\u0022:0}}"}
10-04 19:28:22.758  3817  3881 I godot   : QUEST_COMBAT_CHUNK: {"kind":"EVENT","runId":"20261004-182729-1d1caa","recordId":278,"index":0,"count":2,"data":"{\u0022runId\u0022:\u002220261004-182729-1d1caa\u0022,\u0022trial\u0022:2,\u0022Seconds\u0022:11.7704614,\u0022Ms\u0022:16.7546999999999,\u0022Combat\u0022:{\u0022EnemyAiTicks\u0022:4,\u0022EnemyAiElapsedTicks\u0022:269947,\u0022LineOfSightCalls\u0022:0,\u0022LineOfSightElapsedTicks\u0022:0,\u0022MissilePoolsCreated\u0022:0,\u0022MissilePoolCreationElapsedTicks\u0022:0,\u0022PlayerDirectRaycastCalls\u0022:0,\u0022PlayerDirectRaycastElapsedTicks\u0022:0,\u0022PlayerDirectDamageCalls\u0022:0,\u0022PlayerDirectDamageElapsedTicks\u0022:0,\u0022PlayerWeaponVisualCalls\u0022:0,\u0022PlayerWeaponVisualElapsedTicks\u0022:0,\u0022WeaponLaunches\u0022:0,\u0022EnemyWeaponLaunches\u0022:0,\u0022MissileLaunches\u0022:0,\u0022Impacts\u0022:1,\u0022ActiveMissiles\u0022:47,"}
10-04 19:28:22.758  3817  3881 I godot   : QUEST_COMBAT_CHUNK: {"kind":"EVENT","runId":"20261004-182729-1d1caa","recordId":278,"index":1,"count":2,"data":"\u0022ActiveLasers\u0022:0,\u0022PlayerWorldRaycastElapsedTicks\u0022:0,\u0022PlayerMechRaycastElapsedTicks\u0022:0,\u0022WeaponEffectPoolBuilds\u0022:0,\u0022WeaponEffectPoolFallbacks\u0022:0,\u0022EnemyAiMilliseconds\u0022:0.269947,\u0022EnemyAiElapsedMs\u0022:0.269947,\u0022LineOfSightMilliseconds\u0022:0,\u0022LineOfSightElapsedMs\u0022:0,\u0022MissilePoolCreationMilliseconds\u0022:0,\u0022MissilePoolCreationElapsedMs\u0022:0,\u0022PlayerDirectRaycastMilliseconds\u0022:0,\u0022PlayerWorldRaycastMilliseconds\u0022:0,\u0022PlayerMechRaycastMilliseconds\u0022:0,\u0022PlayerDirectDamageMilliseconds\u0022:0,\u0022PlayerWeaponVisualMilliseconds\u0022:0}}"}
10-04 19:28:22.758  3817  3881 I godot   : QUEST_COMBAT_CHUNK: {"kind":"EVENT","runId":"20261004-182729-1d1caa","recordId":279,"index":0,"count":2,"data":"{\u0022runId\u0022:\u002220261004-182729-1d1caa\u0022,\u0022trial\u0022:2,\u0022Seconds\u0022:11.8180898,\u0022Ms\u0022:15.758899999999798,\u0022Combat\u0022:{\u0022EnemyAiTicks\u0022:4,\u0022EnemyAiElapsedTicks\u0022:268594,\u0022LineOfSightCalls\u0022:0,\u0022LineOfSightElapsedTicks\u0022:0,\u0022MissilePoolsCreated\u0022:0,\u0022MissilePoolCreationElapsedTicks\u0022:0,\u0022PlayerDirectRaycastCalls\u0022:0,\u0022PlayerDirectRaycastElapsedTicks\u0022:0,\u0022PlayerDirectDamageCalls\u0022:0,\u0022PlayerDirectDamageElapsedTicks\u0022:0,\u0022PlayerWeaponVisualCalls\u0022:0,\u0022PlayerWeaponVisualElapsedTicks\u0022:0,\u0022WeaponLaunches\u0022:0,\u0022EnemyWeaponLaunches\u0022:0,\u0022MissileLaunches\u0022:0,\u0022Impacts\u0022:1,\u0022ActiveMissiles\u0022:4"}
10-04 19:28:22.758  3817  3881 I godot   : QUEST_COMBAT_CHUNK: {"kind":"EVENT","runId":"20261004-182729-1d1caa","recordId":279,"index":1,"count":2,"data":"7,\u0022ActiveLasers\u0022:0,\u0022PlayerWorldRaycastElapsedTicks\u0022:0,\u0022PlayerMechRaycastElapsedTicks\u0022:0,\u0022WeaponEffectPoolBuilds\u0022:0,\u0022WeaponEffectPoolFallbacks\u0022:0,\u0022EnemyAiMilliseconds\u0022:0.268594,\u0022EnemyAiElapsedMs\u0022:0.268594,\u0022LineOfSightMilliseconds\u0022:0,\u0022LineOfSightElapsedMs\u0022:0,\u0022MissilePoolCreationMilliseconds\u0022:0,\u0022MissilePoolCreationElapsedMs\u0022:0,\u0022PlayerDirectRaycastMilliseconds\u0022:0,\u0022PlayerWorldRaycastMilliseconds\u0022:0,\u0022PlayerMechRaycastMilliseconds\u0022:0,\u0022PlayerDirectDamageMilliseconds\u0022:0,\u0022PlayerWeaponVisualMilliseconds\u0022:0}}"}
10-04 19:28:22.759  3817  3881 I godot   : QUEST_COMBAT_CHUNK: {"kind":"EVENT","runId":"20261004-182729-1d1caa","recordId":280,"index":0,"count":2,"data":"{\u0022runId\u0022:\u002220261004-182729-1d1caa\u0022,\u0022trial\u0022:2,\u0022Seconds\u0022:11.846163,\u0022Ms\u0022:12.334300000000908,\u0022Combat\u0022:{\u0022EnemyAiTicks\u0022:0,\u0022EnemyAiElapsedTicks\u0022:0,\u0022LineOfSightCalls\u0022:0,\u0022LineOfSightElapsedTicks\u0022:0,\u0022MissilePoolsCreated\u0022:0,\u0022MissilePoolCreationElapsedTicks\u0022:0,\u0022PlayerDirectRaycastCalls\u0022:0,\u0022PlayerDirectRaycastElapsedTicks\u0022:0,\u0022PlayerDirectDamageCalls\u0022:0,\u0022PlayerDirectDamageElapsedTicks\u0022:0,\u0022PlayerWeaponVisualCalls\u0022:0,\u0022PlayerWeaponVisualElapsedTicks\u0022:0,\u0022WeaponLaunches\u0022:0,\u0022EnemyWeaponLaunches\u0022:0,\u0022MissileLaunches\u0022:0,\u0022Impacts\u0022:1,\u0022ActiveMissiles\u0022:47,"}
10-04 19:28:22.759  3817  3881 I godot   : QUEST_COMBAT_CHUNK: {"kind":"EVENT","runId":"20261004-182729-1d1caa","recordId":280,"index":1,"count":2,"data":"\u0022ActiveLasers\u0022:0,\u0022PlayerWorldRaycastElapsedTicks\u0022:0,\u0022PlayerMechRaycastElapsedTicks\u0022:0,\u0022WeaponEffectPoolBuilds\u0022:0,\u0022WeaponEffectPoolFallbacks\u0022:0,\u0022EnemyAiMilliseconds\u0022:0,\u0022EnemyAiElapsedMs\u0022:0,\u0022LineOfSightMilliseconds\u0022:0,\u0022LineOfSightElapsedMs\u0022:0,\u0022MissilePoolCreationMilliseconds\u0022:0,\u0022MissilePoolCreationElapsedMs\u0022:0,\u0022PlayerDirectRaycastMilliseconds\u0022:0,\u0022PlayerWorldRaycastMilliseconds\u0022:0,\u0022PlayerMechRaycastMilliseconds\u0022:0,\u0022PlayerDirectDamageMilliseconds\u0022:0,\u0022PlayerWeaponVisualMilliseconds\u0022:0}}"}
10-04 19:28:22.759  3817  3881 I godot   : QUEST_COMBAT_CHUNK: {"kind":"EVENT","runId":"20261004-182729-1d1caa","recordId":281,"index":0,"count":2,"data":"{\u0022runId\u0022:\u002220261004-182729-1d1caa\u0022,\u0022trial\u0022:2,\u0022Seconds\u0022:11.8970912,\u0022Ms\u0022:17.170600000000036,\u0022Combat\u0022:{\u0022EnemyAiTicks\u0022:4,\u0022EnemyAiElapsedTicks\u0022:301458,\u0022LineOfSightCalls\u0022:0,\u0022LineOfSightElapsedTicks\u0022:0,\u0022MissilePoolsCreated\u0022:0,\u0022MissilePoolCreationElapsedTicks\u0022:0,\u0022PlayerDirectRaycastCalls\u0022:0,\u0022PlayerDirectRaycastElapsedTicks\u0022:0,\u0022PlayerDirectDamageCalls\u0022:0,\u0022PlayerDirectDamageElapsedTicks\u0022:0,\u0022PlayerWeaponVisualCalls\u0022:0,\u0022PlayerWeaponVisualElapsedTicks\u0022:0,\u0022WeaponLaunches\u0022:0,\u0022EnemyWeaponLaunches\u0022:0,\u0022MissileLaunches\u0022:0,\u0022Impacts\u0022:1,\u0022ActiveMissiles\u0022:4"}
10-04 19:28:22.759  3817  3881 I godot   : QUEST_COMBAT_CHUNK: {"kind":"EVENT","runId":"20261004-182729-1d1caa","recordId":281,"index":1,"count":2,"data":"7,\u0022ActiveLasers\u0022:0,\u0022PlayerWorldRaycastElapsedTicks\u0022:0,\u0022PlayerMechRaycastElapsedTicks\u0022:0,\u0022WeaponEffectPoolBuilds\u0022:0,\u0022WeaponEffectPoolFallbacks\u0022:0,\u0022EnemyAiMilliseconds\u0022:0.301458,\u0022EnemyAiElapsedMs\u0022:0.301458,\u0022LineOfSightMilliseconds\u0022:0,\u0022LineOfSightElapsedMs\u0022:0,\u0022MissilePoolCreationMilliseconds\u0022:0,\u0022MissilePoolCreationElapsedMs\u0022:0,\u0022PlayerDirectRaycastMilliseconds\u0022:0,\u0022PlayerWorldRaycastMilliseconds\u0022:0,\u0022PlayerMechRaycastMilliseconds\u0022:0,\u0022PlayerDirectDamageMilliseconds\u0022:0,\u0022PlayerWeaponVisualMilliseconds\u0022:0}}"}
10-04 19:28:22.759  3817  3881 I godot   : QUEST_COMBAT_CHUNK: {"kind":"EVENT","runId":"20261004-182729-1d1caa","recordId":282,"index":0,"count":2,"data":"{\u0022runId\u0022:\u002220261004-182729-1d1caa\u0022,\u0022trial\u0022:2,\u0022Seconds\u0022:12.5208927,\u0022Ms\u0022:15.002799999999539,\u0022Combat\u0022:{\u0022EnemyAiTicks\u0022:4,\u0022EnemyAiElapsedTicks\u0022:308229,\u0022LineOfSightCalls\u0022:0,\u0022LineOfSightElapsedTicks\u0022:0,\u0022MissilePoolsCreated\u0022:0,\u0022MissilePoolCreationElapsedTicks\u0022:0,\u0022PlayerDirectRaycastCalls\u0022:1,\u0022PlayerDirectRaycastElapsedTicks\u0022:1324375,\u0022PlayerDirectDamageCalls\u0022:1,\u0022PlayerDirectDamageElapsedTicks\u0022:114219,\u0022PlayerWeaponVisualCalls\u0022:1,\u0022PlayerWeaponVisualElapsedTicks\u0022:184062,\u0022WeaponLaunches\u0022:1,\u0022EnemyWeaponLaunches\u0022:0,\u0022MissileLaunches\u0022:0,\u0022Impacts\u0022:1,\u0022Active"}
10-04 19:28:22.759  3817  3881 I godot   : QUEST_COMBAT_CHUNK: {"kind":"EVENT","runId":"20261004-182729-1d1caa","recordId":282,"index":1,"count":2,"data":"Missiles\u0022:47,\u0022ActiveLasers\u0022:3,\u0022PlayerWorldRaycastElapsedTicks\u0022:798646,\u0022PlayerMechRaycastElapsedTicks\u0022:521771,\u0022WeaponEffectPoolBuilds\u0022:0,\u0022WeaponEffectPoolFallbacks\u0022:0,\u0022EnemyAiMilliseconds\u0022:0.308229,\u0022EnemyAiElapsedMs\u0022:0.308229,\u0022LineOfSightMilliseconds\u0022:0,\u0022LineOfSightElapsedMs\u0022:0,\u0022MissilePoolCreationMilliseconds\u0022:0,\u0022MissilePoolCreationElapsedMs\u0022:0,\u0022PlayerDirectRaycastMilliseconds\u0022:1.324375,\u0022PlayerWorldRaycastMilliseconds\u0022:0.798646,\u0022PlayerMechRaycastMilliseconds\u0022:0.521771,\u0022PlayerDirectDamageMilliseconds\u0022:0.114219,\u0022PlayerWeaponVisualMilliseconds\u0022:0.184062}}"}
10-04 19:28:22.760  3817  3881 I godot   : QUEST_COMBAT_CHUNK: {"kind":"EVENT","runId":"20261004-182729-1d1caa","recordId":283,"index":0,"count":2,"data":"{\u0022runId\u0022:\u002220261004-182729-1d1caa\u0022,\u0022trial\u0022:2,\u0022Seconds\u0022:12.8982778,\u0022Ms\u0022:14.769400000000488,\u0022Combat\u0022:{\u0022EnemyAiTicks\u0022:4,\u0022EnemyAiElapsedTicks\u0022:329062,\u0022LineOfSightCalls\u0022:0,\u0022LineOfSightElapsedTicks\u0022:0,\u0022MissilePoolsCreated\u0022:0,\u0022MissilePoolCreationElapsedTicks\u0022:0,\u0022PlayerDirectRaycastCalls\u0022:0,\u0022PlayerDirectRaycastElapsedTicks\u0022:0,\u0022PlayerDirectDamageCalls\u0022:0,\u0022PlayerDirectDamageElapsedTicks\u0022:0,\u0022PlayerWeaponVisualCalls\u0022:0,\u0022PlayerWeaponVisualElapsedTicks\u0022:0,\u0022WeaponLaunches\u0022:0,\u0022EnemyWeaponLaunches\u0022:0,\u0022MissileLaunches\u0022:0,\u0022Impacts\u0022:1,\u0022ActiveMissiles\u0022:3"}
10-04 19:28:22.760  3817  3881 I godot   : QUEST_COMBAT_CHUNK: {"kind":"EVENT","runId":"20261004-182729-1d1caa","recordId":283,"index":1,"count":2,"data":"7,\u0022ActiveLasers\u0022:3,\u0022PlayerWorldRaycastElapsedTicks\u0022:0,\u0022PlayerMechRaycastElapsedTicks\u0022:0,\u0022WeaponEffectPoolBuilds\u0022:0,\u0022WeaponEffectPoolFallbacks\u0022:0,\u0022EnemyAiMilliseconds\u0022:0.329062,\u0022EnemyAiElapsedMs\u0022:0.329062,\u0022LineOfSightMilliseconds\u0022:0,\u0022LineOfSightElapsedMs\u0022:0,\u0022MissilePoolCreationMilliseconds\u0022:0,\u0022MissilePoolCreationElapsedMs\u0022:0,\u0022PlayerDirectRaycastMilliseconds\u0022:0,\u0022PlayerWorldRaycastMilliseconds\u0022:0,\u0022PlayerMechRaycastMilliseconds\u0022:0,\u0022PlayerDirectDamageMilliseconds\u0022:0,\u0022PlayerWeaponVisualMilliseconds\u0022:0}}"}
10-04 19:28:22.760  3817  3881 I godot   : QUEST_COMBAT_CHUNK: {"kind":"EVENT","runId":"20261004-182729-1d1caa","recordId":284,"index":0,"count":2,"data":"{\u0022runId\u0022:\u002220261004-182729-1d1caa\u0022,\u0022trial\u0022:2,\u0022Seconds\u0022:13.0853346,\u0022Ms\u0022:13.959899999999692,\u0022Combat\u0022:{\u0022EnemyAiTicks\u0022:4,\u0022EnemyAiElapsedTicks\u0022:321978,\u0022LineOfSightCalls\u0022:0,\u0022LineOfSightElapsedTicks\u0022:0,\u0022MissilePoolsCreated\u0022:0,\u0022MissilePoolCreationElapsedTicks\u0022:0,\u0022PlayerDirectRaycastCalls\u0022:0,\u0022PlayerDirectRaycastElapsedTicks\u0022:0,\u0022PlayerDirectDamageCalls\u0022:0,\u0022PlayerDirectDamageElapsedTicks\u0022:0,\u0022PlayerWeaponVisualCalls\u0022:0,\u0022PlayerWeaponVisualElapsedTicks\u0022:0,\u0022WeaponLaunches\u0022:0,\u0022EnemyWeaponLaunches\u0022:0,\u0022MissileLaunches\u0022:0,\u0022Impacts\u0022:1,\u0022ActiveMissiles\u0022:3"}
10-04 19:28:22.760  3817  3881 I godot   : QUEST_COMBAT_CHUNK: {"kind":"EVENT","runId":"20261004-182729-1d1caa","recordId":284,"index":1,"count":2,"data":"1,\u0022ActiveLasers\u0022:3,\u0022PlayerWorldRaycastElapsedTicks\u0022:0,\u0022PlayerMechRaycastElapsedTicks\u0022:0,\u0022WeaponEffectPoolBuilds\u0022:0,\u0022WeaponEffectPoolFallbacks\u0022:0,\u0022EnemyAiMilliseconds\u0022:0.321978,\u0022EnemyAiElapsedMs\u0022:0.321978,\u0022LineOfSightMilliseconds\u0022:0,\u0022LineOfSightElapsedMs\u0022:0,\u0022MissilePoolCreationMilliseconds\u0022:0,\u0022MissilePoolCreationElapsedMs\u0022:0,\u0022PlayerDirectRaycastMilliseconds\u0022:0,\u0022PlayerWorldRaycastMilliseconds\u0022:0,\u0022PlayerMechRaycastMilliseconds\u0022:0,\u0022PlayerDirectDamageMilliseconds\u0022:0,\u0022PlayerWeaponVisualMilliseconds\u0022:0}}"}
10-04 19:28:22.760  3817  3881 I godot   : QUEST_COMBAT_CHUNK: {"kind":"EVENT","runId":"20261004-182729-1d1caa","recordId":285,"index":0,"count":2,"data":"{\u0022runId\u0022:\u002220261004-182729-1d1caa\u0022,\u0022trial\u0022:2,\u0022Seconds\u0022:13.129729,\u0022Ms\u0022:15.262199999998671,\u0022Combat\u0022:{\u0022EnemyAiTicks\u0022:4,\u0022EnemyAiElapsedTicks\u0022:1599948,\u0022LineOfSightCalls\u0022:1,\u0022LineOfSightElapsedTicks\u0022:270938,\u0022MissilePoolsCreated\u0022:0,\u0022MissilePoolCreationElapsedTicks\u0022:0,\u0022PlayerDirectRaycastCalls\u0022:0,\u0022PlayerDirectRaycastElapsedTicks\u0022:0,\u0022PlayerDirectDamageCalls\u0022:0,\u0022PlayerDirectDamageElapsedTicks\u0022:0,\u0022PlayerWeaponVisualCalls\u0022:0,\u0022PlayerWeaponVisualElapsedTicks\u0022:0,\u0022WeaponLaunches\u0022:1,\u0022EnemyWeaponLaunches\u0022:1,\u0022MissileLaunches\u0022:0,\u0022Impacts\u0022:0,\u0022ActiveMissiles"}
10-04 19:28:22.760  3817  3881 I godot   : QUEST_COMBAT_CHUNK: {"kind":"EVENT","runId":"20261004-182729-1d1caa","recordId":285,"index":1,"count":2,"data":"\u0022:29,\u0022ActiveLasers\u0022:3,\u0022PlayerWorldRaycastElapsedTicks\u0022:0,\u0022PlayerMechRaycastElapsedTicks\u0022:0,\u0022WeaponEffectPoolBuilds\u0022:0,\u0022WeaponEffectPoolFallbacks\u0022:0,\u0022EnemyAiMilliseconds\u0022:1.599948,\u0022EnemyAiElapsedMs\u0022:1.599948,\u0022LineOfSightMilliseconds\u0022:0.270938,\u0022LineOfSightElapsedMs\u0022:0.270938,\u0022MissilePoolCreationMilliseconds\u0022:0,\u0022MissilePoolCreationElapsedMs\u0022:0,\u0022PlayerDirectRaycastMilliseconds\u0022:0,\u0022PlayerWorldRaycastMilliseconds\u0022:0,\u0022PlayerMechRaycastMilliseconds\u0022:0,\u0022PlayerDirectDamageMilliseconds\u0022:0,\u0022PlayerWeaponVisualMilliseconds\u0022:0}}"}
10-04 19:28:22.760  3817  3881 I godot   : QUEST_COMBAT_CHUNK: {"kind":"EVENT","runId":"20261004-182729-1d1caa","recordId":286,"index":0,"count":2,"data":"{\u0022runId\u0022:\u002220261004-182729-1d1caa\u0022,\u0022trial\u0022:2,\u0022Seconds\u0022:13.2185884,\u0022Ms\u0022:14.349599999999185,\u0022Combat\u0022:{\u0022EnemyAiTicks\u0022:4,\u0022EnemyAiElapsedTicks\u0022:292552,\u0022LineOfSightCalls\u0022:0,\u0022LineOfSightElapsedTicks\u0022:0,\u0022MissilePoolsCreated\u0022:0,\u0022MissilePoolCreationElapsedTicks\u0022:0,\u0022PlayerDirectRaycastCalls\u0022:0,\u0022PlayerDirectRaycastElapsedTicks\u0022:0,\u0022PlayerDirectDamageCalls\u0022:0,\u0022PlayerDirectDamageElapsedTicks\u0022:0,\u0022PlayerWeaponVisualCalls\u0022:0,\u0022PlayerWeaponVisualElapsedTicks\u0022:0,\u0022WeaponLaunches\u0022:0,\u0022EnemyWeaponLaunches\u0022:0,\u0022MissileLaunches\u0022:0,\u0022Impacts\u0022:1,\u0022ActiveMissiles\u0022:2"}
10-04 19:28:22.760  3817  3881 I godot   : QUEST_COMBAT_CHUNK: {"kind":"EVENT","runId":"20261004-182729-1d1caa","recordId":286,"index":1,"count":2,"data":"7,\u0022ActiveLasers\u0022:3,\u0022PlayerWorldRaycastElapsedTicks\u0022:0,\u0022PlayerMechRaycastElapsedTicks\u0022:0,\u0022WeaponEffectPoolBuilds\u0022:0,\u0022WeaponEffectPoolFallbacks\u0022:0,\u0022EnemyAiMilliseconds\u0022:0.292552,\u0022EnemyAiElapsedMs\u0022:0.292552,\u0022LineOfSightMilliseconds\u0022:0,\u0022LineOfSightElapsedMs\u0022:0,\u0022MissilePoolCreationMilliseconds\u0022:0,\u0022MissilePoolCreationElapsedMs\u0022:0,\u0022PlayerDirectRaycastMilliseconds\u0022:0,\u0022PlayerWorldRaycastMilliseconds\u0022:0,\u0022PlayerMechRaycastMilliseconds\u0022:0,\u0022PlayerDirectDamageMilliseconds\u0022:0,\u0022PlayerWeaponVisualMilliseconds\u0022:0}}"}
10-04 19:28:22.761  3817  3881 I godot   : QUEST_COMBAT_CHUNK: {"kind":"EVENT","runId":"20261004-182729-1d1caa","recordId":287,"index":0,"count":2,"data":"{\u0022runId\u0022:\u002220261004-182729-1d1caa\u0022,\u0022trial\u0022:2,\u0022Seconds\u0022:13.2480888,\u0022Ms\u0022:14.9253999999992,\u0022Combat\u0022:{\u0022EnemyAiTicks\u0022:4,\u0022EnemyAiElapsedTicks\u0022:327761,\u0022LineOfSightCalls\u0022:0,\u0022LineOfSightElapsedTicks\u0022:0,\u0022MissilePoolsCreated\u0022:0,\u0022MissilePoolCreationElapsedTicks\u0022:0,\u0022PlayerDirectRaycastCalls\u0022:0,\u0022PlayerDirectRaycastElapsedTicks\u0022:0,\u0022PlayerDirectDamageCalls\u0022:0,\u0022PlayerDirectDamageElapsedTicks\u0022:0,\u0022PlayerWeaponVisualCalls\u0022:0,\u0022PlayerWeaponVisualElapsedTicks\u0022:0,\u0022WeaponLaunches\u0022:0,\u0022EnemyWeaponLaunches\u0022:0,\u0022MissileLaunches\u0022:0,\u0022Impacts\u0022:1,\u0022ActiveMissiles\u0022:26,"}
10-04 19:28:22.761  3817  3881 I godot   : QUEST_COMBAT_CHUNK: {"kind":"EVENT","runId":"20261004-182729-1d1caa","recordId":287,"index":1,"count":2,"data":"\u0022ActiveLasers\u0022:3,\u0022PlayerWorldRaycastElapsedTicks\u0022:0,\u0022PlayerMechRaycastElapsedTicks\u0022:0,\u0022WeaponEffectPoolBuilds\u0022:0,\u0022WeaponEffectPoolFallbacks\u0022:0,\u0022EnemyAiMilliseconds\u0022:0.327761,\u0022EnemyAiElapsedMs\u0022:0.327761,\u0022LineOfSightMilliseconds\u0022:0,\u0022LineOfSightElapsedMs\u0022:0,\u0022MissilePoolCreationMilliseconds\u0022:0,\u0022MissilePoolCreationElapsedMs\u0022:0,\u0022PlayerDirectRaycastMilliseconds\u0022:0,\u0022PlayerWorldRaycastMilliseconds\u0022:0,\u0022PlayerMechRaycastMilliseconds\u0022:0,\u0022PlayerDirectDamageMilliseconds\u0022:0,\u0022PlayerWeaponVisualMilliseconds\u0022:0}}"}
10-04 19:28:22.761  3817  3881 I godot   : QUEST_COMBAT_CHUNK: {"kind":"EVENT","runId":"20261004-182729-1d1caa","recordId":288,"index":0,"count":2,"data":"{\u0022runId\u0022:\u002220261004-182729-1d1caa\u0022,\u0022trial\u0022:2,\u0022Seconds\u0022:13.2776167,\u0022Ms\u0022:14.519199999998733,\u0022Combat\u0022:{\u0022EnemyAiTicks\u0022:4,\u0022EnemyAiElapsedTicks\u0022:307082,\u0022LineOfSightCalls\u0022:0,\u0022LineOfSightElapsedTicks\u0022:0,\u0022MissilePoolsCreated\u0022:0,\u0022MissilePoolCreationElapsedTicks\u0022:0,\u0022PlayerDirectRaycastCalls\u0022:0,\u0022PlayerDirectRaycastElapsedTicks\u0022:0,\u0022PlayerDirectDamageCalls\u0022:0,\u0022PlayerDirectDamageElapsedTicks\u0022:0,\u0022PlayerWeaponVisualCalls\u0022:0,\u0022PlayerWeaponVisualElapsedTicks\u0022:0,\u0022WeaponLaunches\u0022:0,\u0022EnemyWeaponLaunches\u0022:0,\u0022MissileLaunches\u0022:0,\u0022Impacts\u0022:1,\u0022ActiveMissiles\u0022:2"}
10-04 19:28:22.761  3817  3881 I godot   : QUEST_COMBAT_CHUNK: {"kind":"EVENT","runId":"20261004-182729-1d1caa","recordId":288,"index":1,"count":2,"data":"6,\u0022ActiveLasers\u0022:3,\u0022PlayerWorldRaycastElapsedTicks\u0022:0,\u0022PlayerMechRaycastElapsedTicks\u0022:0,\u0022WeaponEffectPoolBuilds\u0022:0,\u0022WeaponEffectPoolFallbacks\u0022:0,\u0022EnemyAiMilliseconds\u0022:0.307082,\u0022EnemyAiElapsedMs\u0022:0.307082,\u0022LineOfSightMilliseconds\u0022:0,\u0022LineOfSightElapsedMs\u0022:0,\u0022MissilePoolCreationMilliseconds\u0022:0,\u0022MissilePoolCreationElapsedMs\u0022:0,\u0022PlayerDirectRaycastMilliseconds\u0022:0,\u0022PlayerWorldRaycastMilliseconds\u0022:0,\u0022PlayerMechRaycastMilliseconds\u0022:0,\u0022PlayerDirectDamageMilliseconds\u0022:0,\u0022PlayerWeaponVisualMilliseconds\u0022:0}}"}
10-04 19:28:22.761  3817  3881 I godot   : QUEST_COMBAT_CHUNK: {"kind":"EVENT","runId":"20261004-182729-1d1caa","recordId":289,"index":0,"count":2,"data":"{\u0022runId\u0022:\u002220261004-182729-1d1caa\u0022,\u0022trial\u0022:2,\u0022Seconds\u0022:13.3045795,\u0022Ms\u0022:11.85429999999954,\u0022Combat\u0022:{\u0022EnemyAiTicks\u0022:0,\u0022EnemyAiElapsedTicks\u0022:0,\u0022LineOfSightCalls\u0022:0,\u0022LineOfSightElapsedTicks\u0022:0,\u0022MissilePoolsCreated\u0022:0,\u0022MissilePoolCreationElapsedTicks\u0022:0,\u0022PlayerDirectRaycastCalls\u0022:0,\u0022PlayerDirectRaycastElapsedTicks\u0022:0,\u0022PlayerDirectDamageCalls\u0022:0,\u0022PlayerDirectDamageElapsedTicks\u0022:0,\u0022PlayerWeaponVisualCalls\u0022:0,\u0022PlayerWeaponVisualElapsedTicks\u0022:0,\u0022WeaponLaunches\u0022:0,\u0022EnemyWeaponLaunches\u0022:0,\u0022MissileLaunches\u0022:0,\u0022Impacts\u0022:2,\u0022ActiveMissiles\u0022:26,"}
10-04 19:28:22.761  3817  3881 I godot   : QUEST_COMBAT_CHUNK: {"kind":"EVENT","runId":"20261004-182729-1d1caa","recordId":289,"index":1,"count":2,"data":"\u0022ActiveLasers\u0022:3,\u0022PlayerWorldRaycastElapsedTicks\u0022:0,\u0022PlayerMechRaycastElapsedTicks\u0022:0,\u0022WeaponEffectPoolBuilds\u0022:0,\u0022WeaponEffectPoolFallbacks\u0022:0,\u0022EnemyAiMilliseconds\u0022:0,\u0022EnemyAiElapsedMs\u0022:0,\u0022LineOfSightMilliseconds\u0022:0,\u0022LineOfSightElapsedMs\u0022:0,\u0022MissilePoolCreationMilliseconds\u0022:0,\u0022MissilePoolCreationElapsedMs\u0022:0,\u0022PlayerDirectRaycastMilliseconds\u0022:0,\u0022PlayerWorldRaycastMilliseconds\u0022:0,\u0022PlayerMechRaycastMilliseconds\u0022:0,\u0022PlayerDirectDamageMilliseconds\u0022:0,\u0022PlayerWeaponVisualMilliseconds\u0022:0}}"}
10-04 19:28:22.761  3817  3881 I godot   : QUEST_COMBAT_CHUNK: {"kind":"EVENT","runId":"20261004-182729-1d1caa","recordId":290,"index":0,"count":2,"data":"{\u0022runId\u0022:\u002220261004-182729-1d1caa\u0022,\u0022trial\u0022:2,\u0022Seconds\u0022:13.3590146,\u0022Ms\u0022:18.02759999999992,\u0022Combat\u0022:{\u0022EnemyAiTicks\u0022:4,\u0022EnemyAiElapsedTicks\u0022:319219,\u0022LineOfSightCalls\u0022:0,\u0022LineOfSightElapsedTicks\u0022:0,\u0022MissilePoolsCreated\u0022:0,\u0022MissilePoolCreationElapsedTicks\u0022:0,\u0022PlayerDirectRaycastCalls\u0022:0,\u0022PlayerDirectRaycastElapsedTicks\u0022:0,\u0022PlayerDirectDamageCalls\u0022:0,\u0022PlayerDirectDamageElapsedTicks\u0022:0,\u0022PlayerWeaponVisualCalls\u0022:0,\u0022PlayerWeaponVisualElapsedTicks\u0022:0,\u0022WeaponLaunches\u0022:0,\u0022EnemyWeaponLaunches\u0022:0,\u0022MissileLaunches\u0022:0,\u0022Impacts\u0022:1,\u0022ActiveMissiles\u0022:26"}
10-04 19:28:22.762  3817  3881 I godot   : QUEST_COMBAT_CHUNK: {"kind":"EVENT","runId":"20261004-182729-1d1caa","recordId":290,"index":1,"count":2,"data":",\u0022ActiveLasers\u0022:3,\u0022PlayerWorldRaycastElapsedTicks\u0022:0,\u0022PlayerMechRaycastElapsedTicks\u0022:0,\u0022WeaponEffectPoolBuilds\u0022:0,\u0022WeaponEffectPoolFallbacks\u0022:0,\u0022EnemyAiMilliseconds\u0022:0.319219,\u0022EnemyAiElapsedMs\u0022:0.319219,\u0022LineOfSightMilliseconds\u0022:0,\u0022LineOfSightElapsedMs\u0022:0,\u0022MissilePoolCreationMilliseconds\u0022:0,\u0022MissilePoolCreationElapsedMs\u0022:0,\u0022PlayerDirectRaycastMilliseconds\u0022:0,\u0022PlayerWorldRaycastMilliseconds\u0022:0,\u0022PlayerMechRaycastMilliseconds\u0022:0,\u0022PlayerDirectDamageMilliseconds\u0022:0,\u0022PlayerWeaponVisualMilliseconds\u0022:0}}"}
10-04 19:28:22.762  3817  3881 I godot   : QUEST_COMBAT_CHUNK: {"kind":"EVENT","runId":"20261004-182729-1d1caa","recordId":291,"index":0,"count":2,"data":"{\u0022runId\u0022:\u002220261004-182729-1d1caa\u0022,\u0022trial\u0022:2,\u0022Seconds\u0022:13.3913721,\u0022Ms\u0022:15.333200000000602,\u0022Combat\u0022:{\u0022EnemyAiTicks\u0022:4,\u0022EnemyAiElapsedTicks\u0022:567604,\u0022LineOfSightCalls\u0022:0,\u0022LineOfSightElapsedTicks\u0022:0,\u0022MissilePoolsCreated\u0022:0,\u0022MissilePoolCreationElapsedTicks\u0022:0,\u0022PlayerDirectRaycastCalls\u0022:0,\u0022PlayerDirectRaycastElapsedTicks\u0022:0,\u0022PlayerDirectDamageCalls\u0022:0,\u0022PlayerDirectDamageElapsedTicks\u0022:0,\u0022PlayerWeaponVisualCalls\u0022:0,\u0022PlayerWeaponVisualElapsedTicks\u0022:0,\u0022WeaponLaunches\u0022:0,\u0022EnemyWeaponLaunches\u0022:0,\u0022MissileLaunches\u0022:0,\u0022Impacts\u0022:1,\u0022ActiveMissiles\u0022:2"}
10-04 19:28:22.762  3817  3881 I godot   : QUEST_COMBAT_CHUNK: {"kind":"EVENT","runId":"20261004-182729-1d1caa","recordId":291,"index":1,"count":2,"data":"6,\u0022ActiveLasers\u0022:3,\u0022PlayerWorldRaycastElapsedTicks\u0022:0,\u0022PlayerMechRaycastElapsedTicks\u0022:0,\u0022WeaponEffectPoolBuilds\u0022:0,\u0022WeaponEffectPoolFallbacks\u0022:0,\u0022EnemyAiMilliseconds\u0022:0.567604,\u0022EnemyAiElapsedMs\u0022:0.567604,\u0022LineOfSightMilliseconds\u0022:0,\u0022LineOfSightElapsedMs\u0022:0,\u0022MissilePoolCreationMilliseconds\u0022:0,\u0022MissilePoolCreationElapsedMs\u0022:0,\u0022PlayerDirectRaycastMilliseconds\u0022:0,\u0022PlayerWorldRaycastMilliseconds\u0022:0,\u0022PlayerMechRaycastMilliseconds\u0022:0,\u0022PlayerDirectDamageMilliseconds\u0022:0,\u0022PlayerWeaponVisualMilliseconds\u0022:0}}"}
10-04 19:28:22.762  3817  3881 I godot   : QUEST_COMBAT_CHUNK: {"kind":"EVENT","runId":"20261004-182729-1d1caa","recordId":292,"index":0,"count":2,"data":"{\u0022runId\u0022:\u002220261004-182729-1d1caa\u0022,\u0022trial\u0022:2,\u0022Seconds\u0022:13.4349287,\u0022Ms\u0022:15.359300000000076,\u0022Combat\u0022:{\u0022EnemyAiTicks\u0022:4,\u0022EnemyAiElapsedTicks\u0022:572135,\u0022LineOfSightCalls\u0022:0,\u0022LineOfSightElapsedTicks\u0022:0,\u0022MissilePoolsCreated\u0022:0,\u0022MissilePoolCreationElapsedTicks\u0022:0,\u0022PlayerDirectRaycastCalls\u0022:0,\u0022PlayerDirectRaycastElapsedTicks\u0022:0,\u0022PlayerDirectDamageCalls\u0022:0,\u0022PlayerDirectDamageElapsedTicks\u0022:0,\u0022PlayerWeaponVisualCalls\u0022:0,\u0022PlayerWeaponVisualElapsedTicks\u0022:0,\u0022WeaponLaunches\u0022:0,\u0022EnemyWeaponLaunches\u0022:0,\u0022MissileLaunches\u0022:0,\u0022Impacts\u0022:1,\u0022ActiveMissiles\u0022:2"}
10-04 19:28:22.762  3817  3881 I godot   : QUEST_COMBAT_CHUNK: {"kind":"EVENT","runId":"20261004-182729-1d1caa","recordId":292,"index":1,"count":2,"data":"6,\u0022ActiveLasers\u0022:3,\u0022PlayerWorldRaycastElapsedTicks\u0022:0,\u0022PlayerMechRaycastElapsedTicks\u0022:0,\u0022WeaponEffectPoolBuilds\u0022:0,\u0022WeaponEffectPoolFallbacks\u0022:0,\u0022EnemyAiMilliseconds\u0022:0.572135,\u0022EnemyAiElapsedMs\u0022:0.572135,\u0022LineOfSightMilliseconds\u0022:0,\u0022LineOfSightElapsedMs\u0022:0,\u0022MissilePoolCreationMilliseconds\u0022:0,\u0022MissilePoolCreationElapsedMs\u0022:0,\u0022PlayerDirectRaycastMilliseconds\u0022:0,\u0022PlayerWorldRaycastMilliseconds\u0022:0,\u0022PlayerMechRaycastMilliseconds\u0022:0,\u0022PlayerDirectDamageMilliseconds\u0022:0,\u0022PlayerWeaponVisualMilliseconds\u0022:0}}"}
10-04 19:28:22.762  3817  3881 I godot   : QUEST_COMBAT_CHUNK: {"kind":"EVENT","runId":"20261004-182729-1d1caa","recordId":293,"index":0,"count":2,"data":"{\u0022runId\u0022:\u002220261004-182729-1d1caa\u0022,\u0022trial\u0022:2,\u0022Seconds\u0022:13.4653141,\u0022Ms\u0022:18.100600000000355,\u0022Combat\u0022:{\u0022EnemyAiTicks\u0022:4,\u0022EnemyAiElapsedTicks\u0022:324791,\u0022LineOfSightCalls\u0022:0,\u0022LineOfSightElapsedTicks\u0022:0,\u0022MissilePoolsCreated\u0022:0,\u0022MissilePoolCreationElapsedTicks\u0022:0,\u0022PlayerDirectRaycastCalls\u0022:0,\u0022PlayerDirectRaycastElapsedTicks\u0022:0,\u0022PlayerDirectDamageCalls\u0022:0,\u0022PlayerDirectDamageElapsedTicks\u0022:0,\u0022PlayerWeaponVisualCalls\u0022:0,\u0022PlayerWeaponVisualElapsedTicks\u0022:0,\u0022WeaponLaunches\u0022:0,\u0022EnemyWeaponLaunches\u0022:0,\u0022MissileLaunches\u0022:0,\u0022Impacts\u0022:1,\u0022ActiveMissiles\u0022:2"}
10-04 19:28:22.762  3817  3881 I godot   : QUEST_COMBAT_CHUNK: {"kind":"EVENT","runId":"20261004-182729-1d1caa","recordId":293,"index":1,"count":2,"data":"6,\u0022ActiveLasers\u0022:3,\u0022PlayerWorldRaycastElapsedTicks\u0022:0,\u0022PlayerMechRaycastElapsedTicks\u0022:0,\u0022WeaponEffectPoolBuilds\u0022:0,\u0022WeaponEffectPoolFallbacks\u0022:0,\u0022EnemyAiMilliseconds\u0022:0.324791,\u0022EnemyAiElapsedMs\u0022:0.324791,\u0022LineOfSightMilliseconds\u0022:0,\u0022LineOfSightElapsedMs\u0022:0,\u0022MissilePoolCreationMilliseconds\u0022:0,\u0022MissilePoolCreationElapsedMs\u0022:0,\u0022PlayerDirectRaycastMilliseconds\u0022:0,\u0022PlayerWorldRaycastMilliseconds\u0022:0,\u0022PlayerMechRaycastMilliseconds\u0022:0,\u0022PlayerDirectDamageMilliseconds\u0022:0,\u0022PlayerWeaponVisualMilliseconds\u0022:0}}"}
10-04 19:28:22.763  3817  3881 I godot   : QUEST_COMBAT_CHUNK: {"kind":"EVENT","runId":"20261004-182729-1d1caa","recordId":294,"index":0,"count":2,"data":"{\u0022runId\u0022:\u002220261004-182729-1d1caa\u0022,\u0022trial\u0022:2,\u0022Seconds\u0022:13.5108291,\u0022Ms\u0022:15.580800000000394,\u0022Combat\u0022:{\u0022EnemyAiTicks\u0022:4,\u0022EnemyAiElapsedTicks\u0022:411616,\u0022LineOfSightCalls\u0022:0,\u0022LineOfSightElapsedTicks\u0022:0,\u0022MissilePoolsCreated\u0022:0,\u0022MissilePoolCreationElapsedTicks\u0022:0,\u0022PlayerDirectRaycastCalls\u0022:0,\u0022PlayerDirectRaycastElapsedTicks\u0022:0,\u0022PlayerDirectDamageCalls\u0022:0,\u0022PlayerDirectDamageElapsedTicks\u0022:0,\u0022PlayerWeaponVisualCalls\u0022:0,\u0022PlayerWeaponVisualElapsedTicks\u0022:0,\u0022WeaponLaunches\u0022:0,\u0022EnemyWeaponLaunches\u0022:0,\u0022MissileLaunches\u0022:0,\u0022Impacts\u0022:1,\u0022ActiveMissiles\u0022:2"}
10-04 19:28:22.763  3817  3881 I godot   : QUEST_COMBAT_CHUNK: {"kind":"EVENT","runId":"20261004-182729-1d1caa","recordId":294,"index":1,"count":2,"data":"6,\u0022ActiveLasers\u0022:3,\u0022PlayerWorldRaycastElapsedTicks\u0022:0,\u0022PlayerMechRaycastElapsedTicks\u0022:0,\u0022WeaponEffectPoolBuilds\u0022:0,\u0022WeaponEffectPoolFallbacks\u0022:0,\u0022EnemyAiMilliseconds\u0022:0.411616,\u0022EnemyAiElapsedMs\u0022:0.411616,\u0022LineOfSightMilliseconds\u0022:0,\u0022LineOfSightElapsedMs\u0022:0,\u0022MissilePoolCreationMilliseconds\u0022:0,\u0022MissilePoolCreationElapsedMs\u0022:0,\u0022PlayerDirectRaycastMilliseconds\u0022:0,\u0022PlayerWorldRaycastMilliseconds\u0022:0,\u0022PlayerMechRaycastMilliseconds\u0022:0,\u0022PlayerDirectDamageMilliseconds\u0022:0,\u0022PlayerWeaponVisualMilliseconds\u0022:0}}"}
10-04 19:28:22.763  3817  3881 I godot   : QUEST_COMBAT_CHUNK: {"kind":"EVENT","runId":"20261004-182729-1d1caa","recordId":295,"index":0,"count":2,"data":"{\u0022runId\u0022:\u002220261004-182729-1d1caa\u0022,\u0022trial\u0022:2,\u0022Seconds\u0022:13.5250666,\u0022Ms\u0022:14.237500000000125,\u0022Combat\u0022:{\u0022EnemyAiTicks\u0022:4,\u0022EnemyAiElapsedTicks\u0022:291512,\u0022LineOfSightCalls\u0022:0,\u0022LineOfSightElapsedTicks\u0022:0,\u0022MissilePoolsCreated\u0022:0,\u0022MissilePoolCreationElapsedTicks\u0022:0,\u0022PlayerDirectRaycastCalls\u0022:0,\u0022PlayerDirectRaycastElapsedTicks\u0022:0,\u0022PlayerDirectDamageCalls\u0022:0,\u0022PlayerDirectDamageElapsedTicks\u0022:0,\u0022PlayerWeaponVisualCalls\u0022:0,\u0022PlayerWeaponVisualElapsedTicks\u0022:0,\u0022WeaponLaunches\u0022:0,\u0022EnemyWeaponLaunches\u0022:0,\u0022MissileLaunches\u0022:0,\u0022Impacts\u0022:1,\u0022ActiveMissiles\u0022:2"}
10-04 19:28:22.763  3817  3881 I godot   : QUEST_COMBAT_CHUNK: {"kind":"EVENT","runId":"20261004-182729-1d1caa","recordId":295,"index":1,"count":2,"data":"6,\u0022ActiveLasers\u0022:3,\u0022PlayerWorldRaycastElapsedTicks\u0022:0,\u0022PlayerMechRaycastElapsedTicks\u0022:0,\u0022WeaponEffectPoolBuilds\u0022:0,\u0022WeaponEffectPoolFallbacks\u0022:0,\u0022EnemyAiMilliseconds\u0022:0.291512,\u0022EnemyAiElapsedMs\u0022:0.291512,\u0022LineOfSightMilliseconds\u0022:0,\u0022LineOfSightElapsedMs\u0022:0,\u0022MissilePoolCreationMilliseconds\u0022:0,\u0022MissilePoolCreationElapsedMs\u0022:0,\u0022PlayerDirectRaycastMilliseconds\u0022:0,\u0022PlayerWorldRaycastMilliseconds\u0022:0,\u0022PlayerMechRaycastMilliseconds\u0022:0,\u0022PlayerDirectDamageMilliseconds\u0022:0,\u0022PlayerWeaponVisualMilliseconds\u0022:0}}"}
10-04 19:28:22.763  3817  3881 I godot   : QUEST_COMBAT_CHUNK: {"kind":"EVENT","runId":"20261004-182729-1d1caa","recordId":296,"index":0,"count":2,"data":"{\u0022runId\u0022:\u002220261004-182729-1d1caa\u0022,\u0022trial\u0022:2,\u0022Seconds\u0022:13.5401322,\u0022Ms\u0022:15.06559999999979,\u0022Combat\u0022:{\u0022EnemyAiTicks\u0022:4,\u0022EnemyAiElapsedTicks\u0022:482240,\u0022LineOfSightCalls\u0022:1,\u0022LineOfSightElapsedTicks\u0022:183750,\u0022MissilePoolsCreated\u0022:0,\u0022MissilePoolCreationElapsedTicks\u0022:0,\u0022PlayerDirectRaycastCalls\u0022:0,\u0022PlayerDirectRaycastElapsedTicks\u0022:0,\u0022PlayerDirectDamageCalls\u0022:0,\u0022PlayerDirectDamageElapsedTicks\u0022:0,\u0022PlayerWeaponVisualCalls\u0022:0,\u0022PlayerWeaponVisualElapsedTicks\u0022:0,\u0022WeaponLaunches\u0022:0,\u0022EnemyWeaponLaunches\u0022:0,\u0022MissileLaunches\u0022:0,\u0022Impacts\u0022:1,\u0022ActiveMissiles"}
10-04 19:28:22.763  3817  3881 I godot   : QUEST_COMBAT_CHUNK: {"kind":"EVENT","runId":"20261004-182729-1d1caa","recordId":296,"index":1,"count":2,"data":"\u0022:26,\u0022ActiveLasers\u0022:3,\u0022PlayerWorldRaycastElapsedTicks\u0022:0,\u0022PlayerMechRaycastElapsedTicks\u0022:0,\u0022WeaponEffectPoolBuilds\u0022:0,\u0022WeaponEffectPoolFallbacks\u0022:0,\u0022EnemyAiMilliseconds\u0022:0.48224,\u0022EnemyAiElapsedMs\u0022:0.48224,\u0022LineOfSightMilliseconds\u0022:0.18375,\u0022LineOfSightElapsedMs\u0022:0.18375,\u0022MissilePoolCreationMilliseconds\u0022:0,\u0022MissilePoolCreationElapsedMs\u0022:0,\u0022PlayerDirectRaycastMilliseconds\u0022:0,\u0022PlayerWorldRaycastMilliseconds\u0022:0,\u0022PlayerMechRaycastMilliseconds\u0022:0,\u0022PlayerDirectDamageMilliseconds\u0022:0,\u0022PlayerWeaponVisualMilliseconds\u0022:0}}"}
10-04 19:28:22.763  3817  3881 I godot   : QUEST_COMBAT_CHUNK: {"kind":"EVENT","runId":"20261004-182729-1d1caa","recordId":297,"index":0,"count":2,"data":"{\u0022runId\u0022:\u002220261004-182729-1d1caa\u0022,\u0022trial\u0022:2,\u0022Seconds\u0022:13.5817519,\u0022Ms\u0022:12.514000000001246,\u0022Combat\u0022:{\u0022EnemyAiTicks\u0022:0,\u0022EnemyAiElapsedTicks\u0022:0,\u0022LineOfSightCalls\u0022:0,\u0022LineOfSightElapsedTicks\u0022:0,\u0022MissilePoolsCreated\u0022:0,\u0022MissilePoolCreationElapsedTicks\u0022:0,\u0022PlayerDirectRaycastCalls\u0022:0,\u0022PlayerDirectRaycastElapsedTicks\u0022:0,\u0022PlayerDirectDamageCalls\u0022:0,\u0022PlayerDirectDamageElapsedTicks\u0022:0,\u0022PlayerWeaponVisualCalls\u0022:0,\u0022PlayerWeaponVisualElapsedTicks\u0022:0,\u0022WeaponLaunches\u0022:0,\u0022EnemyWeaponLaunches\u0022:0,\u0022MissileLaunches\u0022:0,\u0022Impacts\u0022:1,\u0022ActiveMissiles\u0022:26,"}
10-04 19:28:22.763  3817  3881 I godot   : QUEST_COMBAT_CHUNK: {"kind":"EVENT","runId":"20261004-182729-1d1caa","recordId":297,"index":1,"count":2,"data":"\u0022ActiveLasers\u0022:0,\u0022PlayerWorldRaycastElapsedTicks\u0022:0,\u0022PlayerMechRaycastElapsedTicks\u0022:0,\u0022WeaponEffectPoolBuilds\u0022:0,\u0022WeaponEffectPoolFallbacks\u0022:0,\u0022EnemyAiMilliseconds\u0022:0,\u0022EnemyAiElapsedMs\u0022:0,\u0022LineOfSightMilliseconds\u0022:0,\u0022LineOfSightElapsedMs\u0022:0,\u0022MissilePoolCreationMilliseconds\u0022:0,\u0022MissilePoolCreationElapsedMs\u0022:0,\u0022PlayerDirectRaycastMilliseconds\u0022:0,\u0022PlayerWorldRaycastMilliseconds\u0022:0,\u0022PlayerMechRaycastMilliseconds\u0022:0,\u0022PlayerDirectDamageMilliseconds\u0022:0,\u0022PlayerWeaponVisualMilliseconds\u0022:0}}"}
10-04 19:28:22.764  3817  3881 I godot   : QUEST_COMBAT_CHUNK: {"kind":"EVENT","runId":"20261004-182729-1d1caa","recordId":298,"index":0,"count":2,"data":"{\u0022runId\u0022:\u002220261004-182729-1d1caa\u0022,\u0022trial\u0022:2,\u0022Seconds\u0022:13.6144491,\u0022Ms\u0022:14.647099999999469,\u0022Combat\u0022:{\u0022EnemyAiTicks\u0022:4,\u0022EnemyAiElapsedTicks\u0022:343124,\u0022LineOfSightCalls\u0022:0,\u0022LineOfSightElapsedTicks\u0022:0,\u0022MissilePoolsCreated\u0022:0,\u0022MissilePoolCreationElapsedTicks\u0022:0,\u0022PlayerDirectRaycastCalls\u0022:0,\u0022PlayerDirectRaycastElapsedTicks\u0022:0,\u0022PlayerDirectDamageCalls\u0022:0,\u0022PlayerDirectDamageElapsedTicks\u0022:0,\u0022PlayerWeaponVisualCalls\u0022:0,\u0022PlayerWeaponVisualElapsedTicks\u0022:0,\u0022WeaponLaunches\u0022:0,\u0022EnemyWeaponLaunches\u0022:0,\u0022MissileLaunches\u0022:0,\u0022Impacts\u0022:1,\u0022ActiveMissiles\u0022:2"}
10-04 19:28:22.764  3817  3881 I godot   : QUEST_COMBAT_CHUNK: {"kind":"EVENT","runId":"20261004-182729-1d1caa","recordId":298,"index":1,"count":2,"data":"6,\u0022ActiveLasers\u0022:0,\u0022PlayerWorldRaycastElapsedTicks\u0022:0,\u0022PlayerMechRaycastElapsedTicks\u0022:0,\u0022WeaponEffectPoolBuilds\u0022:0,\u0022WeaponEffectPoolFallbacks\u0022:0,\u0022EnemyAiMilliseconds\u0022:0.343124,\u0022EnemyAiElapsedMs\u0022:0.343124,\u0022LineOfSightMilliseconds\u0022:0,\u0022LineOfSightElapsedMs\u0022:0,\u0022MissilePoolCreationMilliseconds\u0022:0,\u0022MissilePoolCreationElapsedMs\u0022:0,\u0022PlayerDirectRaycastMilliseconds\u0022:0,\u0022PlayerWorldRaycastMilliseconds\u0022:0,\u0022PlayerMechRaycastMilliseconds\u0022:0,\u0022PlayerDirectDamageMilliseconds\u0022:0,\u0022PlayerWeaponVisualMilliseconds\u0022:0}}"}
10-04 19:28:22.764  3817  3881 I godot   : QUEST_COMBAT_CHUNK: {"kind":"EVENT","runId":"20261004-182729-1d1caa","recordId":299,"index":0,"count":2,"data":"{\u0022runId\u0022:\u002220261004-182729-1d1caa\u0022,\u0022trial\u0022:2,\u0022Seconds\u0022:13.646379,\u0022Ms\u0022:15.995099999999596,\u0022Combat\u0022:{\u0022EnemyAiTicks\u0022:4,\u0022EnemyAiElapsedTicks\u0022:426405,\u0022LineOfSightCalls\u0022:0,\u0022LineOfSightElapsedTicks\u0022:0,\u0022MissilePoolsCreated\u0022:0,\u0022MissilePoolCreationElapsedTicks\u0022:0,\u0022PlayerDirectRaycastCalls\u0022:0,\u0022PlayerDirectRaycastElapsedTicks\u0022:0,\u0022PlayerDirectDamageCalls\u0022:0,\u0022PlayerDirectDamageElapsedTicks\u0022:0,\u0022PlayerWeaponVisualCalls\u0022:0,\u0022PlayerWeaponVisualElapsedTicks\u0022:0,\u0022WeaponLaunches\u0022:0,\u0022EnemyWeaponLaunches\u0022:0,\u0022MissileLaunches\u0022:0,\u0022Impacts\u0022:1,\u0022ActiveMissiles\u0022:26"}
10-04 19:28:22.764  3817  3881 I godot   : QUEST_COMBAT_CHUNK: {"kind":"EVENT","runId":"20261004-182729-1d1caa","recordId":299,"index":1,"count":2,"data":",\u0022ActiveLasers\u0022:0,\u0022PlayerWorldRaycastElapsedTicks\u0022:0,\u0022PlayerMechRaycastElapsedTicks\u0022:0,\u0022WeaponEffectPoolBuilds\u0022:0,\u0022WeaponEffectPoolFallbacks\u0022:0,\u0022EnemyAiMilliseconds\u0022:0.426405,\u0022EnemyAiElapsedMs\u0022:0.426405,\u0022LineOfSightMilliseconds\u0022:0,\u0022LineOfSightElapsedMs\u0022:0,\u0022MissilePoolCreationMilliseconds\u0022:0,\u0022MissilePoolCreationElapsedMs\u0022:0,\u0022PlayerDirectRaycastMilliseconds\u0022:0,\u0022PlayerWorldRaycastMilliseconds\u0022:0,\u0022PlayerMechRaycastMilliseconds\u0022:0,\u0022PlayerDirectDamageMilliseconds\u0022:0,\u0022PlayerWeaponVisualMilliseconds\u0022:0}}"}
10-04 19:28:22.764  3817  3881 I godot   : QUEST_COMBAT_CHUNK: {"kind":"EVENT","runId":"20261004-182729-1d1caa","recordId":300,"index":0,"count":2,"data":"{\u0022runId\u0022:\u002220261004-182729-1d1caa\u0022,\u0022trial\u0022:2,\u0022Seconds\u0022:13.6762031,\u0022Ms\u0022:14.936699999999803,\u0022Combat\u0022:{\u0022EnemyAiTicks\u0022:4,\u0022EnemyAiElapsedTicks\u0022:315729,\u0022LineOfSightCalls\u0022:0,\u0022LineOfSightElapsedTicks\u0022:0,\u0022MissilePoolsCreated\u0022:0,\u0022MissilePoolCreationElapsedTicks\u0022:0,\u0022PlayerDirectRaycastCalls\u0022:0,\u0022PlayerDirectRaycastElapsedTicks\u0022:0,\u0022PlayerDirectDamageCalls\u0022:0,\u0022PlayerDirectDamageElapsedTicks\u0022:0,\u0022PlayerWeaponVisualCalls\u0022:0,\u0022PlayerWeaponVisualElapsedTicks\u0022:0,\u0022WeaponLaunches\u0022:0,\u0022EnemyWeaponLaunches\u0022:0,\u0022MissileLaunches\u0022:0,\u0022Impacts\u0022:1,\u0022ActiveMissiles\u0022:2"}
10-04 19:28:22.764  3817  3881 I godot   : QUEST_COMBAT_CHUNK: {"kind":"EVENT","runId":"20261004-182729-1d1caa","recordId":300,"index":1,"count":2,"data":"6,\u0022ActiveLasers\u0022:0,\u0022PlayerWorldRaycastElapsedTicks\u0022:0,\u0022PlayerMechRaycastElapsedTicks\u0022:0,\u0022WeaponEffectPoolBuilds\u0022:0,\u0022WeaponEffectPoolFallbacks\u0022:0,\u0022EnemyAiMilliseconds\u0022:0.315729,\u0022EnemyAiElapsedMs\u0022:0.315729,\u0022LineOfSightMilliseconds\u0022:0,\u0022LineOfSightElapsedMs\u0022:0,\u0022MissilePoolCreationMilliseconds\u0022:0,\u0022MissilePoolCreationElapsedMs\u0022:0,\u0022PlayerDirectRaycastMilliseconds\u0022:0,\u0022PlayerWorldRaycastMilliseconds\u0022:0,\u0022PlayerMechRaycastMilliseconds\u0022:0,\u0022PlayerDirectDamageMilliseconds\u0022:0,\u0022PlayerWeaponVisualMilliseconds\u0022:0}}"}
10-04 19:28:22.765  3817  3881 I godot   : QUEST_COMBAT_CHUNK: {"kind":"EVENT","runId":"20261004-182729-1d1caa","recordId":301,"index":0,"count":2,"data":"{\u0022runId\u0022:\u002220261004-182729-1d1caa\u0022,\u0022trial\u0022:2,\u0022Seconds\u0022:13.7524965,\u0022Ms\u0022:33.18529999999953,\u0022Combat\u0022:{\u0022EnemyAiTicks\u0022:4,\u0022EnemyAiElapsedTicks\u0022:15760522,\u0022LineOfSightCalls\u0022:0,\u0022LineOfSightElapsedTicks\u0022:0,\u0022MissilePoolsCreated\u0022:0,\u0022MissilePoolCreationElapsedTicks\u0022:0,\u0022PlayerDirectRaycastCalls\u0022:0,\u0022PlayerDirectRaycastElapsedTicks\u0022:0,\u0022PlayerDirectDamageCalls\u0022:0,\u0022PlayerDirectDamageElapsedTicks\u0022:0,\u0022PlayerWeaponVisualCalls\u0022:0,\u0022PlayerWeaponVisualElapsedTicks\u0022:0,\u0022WeaponLaunches\u0022:0,\u0022EnemyWeaponLaunches\u0022:0,\u0022MissileLaunches\u0022:0,\u0022Impacts\u0022:1,\u0022ActiveMissiles\u0022:"}
10-04 19:28:22.765  3817  3881 I godot   : QUEST_COMBAT_CHUNK: {"kind":"EVENT","runId":"20261004-182729-1d1caa","recordId":301,"index":1,"count":2,"data":"26,\u0022ActiveLasers\u0022:0,\u0022PlayerWorldRaycastElapsedTicks\u0022:0,\u0022PlayerMechRaycastElapsedTicks\u0022:0,\u0022WeaponEffectPoolBuilds\u0022:0,\u0022WeaponEffectPoolFallbacks\u0022:0,\u0022EnemyAiMilliseconds\u0022:15.760522,\u0022EnemyAiElapsedMs\u0022:15.760522,\u0022LineOfSightMilliseconds\u0022:0,\u0022LineOfSightElapsedMs\u0022:0,\u0022MissilePoolCreationMilliseconds\u0022:0,\u0022MissilePoolCreationElapsedMs\u0022:0,\u0022PlayerDirectRaycastMilliseconds\u0022:0,\u0022PlayerWorldRaycastMilliseconds\u0022:0,\u0022PlayerMechRaycastMilliseconds\u0022:0,\u0022PlayerDirectDamageMilliseconds\u0022:0,\u0022PlayerWeaponVisualMilliseconds\u0022:0}}"}
10-04 19:28:22.765  3817  3881 I godot   : QUEST_COMBAT_CHUNK: {"kind":"EVENT","runId":"20261004-182729-1d1caa","recordId":302,"index":0,"count":2,"data":"{\u0022runId\u0022:\u002220261004-182729-1d1caa\u0022,\u0022trial\u0022:2,\u0022Seconds\u0022:13.7613152,\u0022Ms\u0022:8.818700000000845,\u0022Combat\u0022:{\u0022EnemyAiTicks\u0022:8,\u0022EnemyAiElapsedTicks\u0022:483543,\u0022LineOfSightCalls\u0022:0,\u0022LineOfSightElapsedTicks\u0022:0,\u0022MissilePoolsCreated\u0022:0,\u0022MissilePoolCreationElapsedTicks\u0022:0,\u0022PlayerDirectRaycastCalls\u0022:0,\u0022PlayerDirectRaycastElapsedTicks\u0022:0,\u0022PlayerDirectDamageCalls\u0022:0,\u0022PlayerDirectDamageElapsedTicks\u0022:0,\u0022PlayerWeaponVisualCalls\u0022:0,\u0022PlayerWeaponVisualElapsedTicks\u0022:0,\u0022WeaponLaunches\u0022:0,\u0022EnemyWeaponLaunches\u0022:0,\u0022MissileLaunches\u0022:0,\u0022Impacts\u0022:1,\u0022ActiveMissiles\u0022:26"}
10-04 19:28:22.765  3817  3881 I godot   : QUEST_COMBAT_CHUNK: {"kind":"EVENT","runId":"20261004-182729-1d1caa","recordId":302,"index":1,"count":2,"data":",\u0022ActiveLasers\u0022:0,\u0022PlayerWorldRaycastElapsedTicks\u0022:0,\u0022PlayerMechRaycastElapsedTicks\u0022:0,\u0022WeaponEffectPoolBuilds\u0022:0,\u0022WeaponEffectPoolFallbacks\u0022:0,\u0022EnemyAiMilliseconds\u0022:0.483543,\u0022EnemyAiElapsedMs\u0022:0.483543,\u0022LineOfSightMilliseconds\u0022:0,\u0022LineOfSightElapsedMs\u0022:0,\u0022MissilePoolCreationMilliseconds\u0022:0,\u0022MissilePoolCreationElapsedMs\u0022:0,\u0022PlayerDirectRaycastMilliseconds\u0022:0,\u0022PlayerWorldRaycastMilliseconds\u0022:0,\u0022PlayerMechRaycastMilliseconds\u0022:0,\u0022PlayerDirectDamageMilliseconds\u0022:0,\u0022PlayerWeaponVisualMilliseconds\u0022:0}}"}
10-04 19:28:22.765  3817  3881 I godot   : QUEST_COMBAT_CHUNK: {"kind":"EVENT","runId":"20261004-182729-1d1caa","recordId":303,"index":0,"count":2,"data":"{\u0022runId\u0022:\u002220261004-182729-1d1caa\u0022,\u0022trial\u0022:2,\u0022Seconds\u0022:13.7901915,\u0022Ms\u0022:15.425399999999811,\u0022Combat\u0022:{\u0022EnemyAiTicks\u0022:4,\u0022EnemyAiElapsedTicks\u0022:305000,\u0022LineOfSightCalls\u0022:0,\u0022LineOfSightElapsedTicks\u0022:0,\u0022MissilePoolsCreated\u0022:0,\u0022MissilePoolCreationElapsedTicks\u0022:0,\u0022PlayerDirectRaycastCalls\u0022:0,\u0022PlayerDirectRaycastElapsedTicks\u0022:0,\u0022PlayerDirectDamageCalls\u0022:0,\u0022PlayerDirectDamageElapsedTicks\u0022:0,\u0022PlayerWeaponVisualCalls\u0022:0,\u0022PlayerWeaponVisualElapsedTicks\u0022:0,\u0022WeaponLaunches\u0022:0,\u0022EnemyWeaponLaunches\u0022:0,\u0022MissileLaunches\u0022:0,\u0022Impacts\u0022:1,\u0022ActiveMissiles\u0022:2"}
10-04 19:28:22.765  3817  3881 I godot   : QUEST_COMBAT_CHUNK: {"kind":"EVENT","runId":"20261004-182729-1d1caa","recordId":303,"index":1,"count":2,"data":"6,\u0022ActiveLasers\u0022:0,\u0022PlayerWorldRaycastElapsedTicks\u0022:0,\u0022PlayerMechRaycastElapsedTicks\u0022:0,\u0022WeaponEffectPoolBuilds\u0022:0,\u0022WeaponEffectPoolFallbacks\u0022:0,\u0022EnemyAiMilliseconds\u0022:0.305,\u0022EnemyAiElapsedMs\u0022:0.305,\u0022LineOfSightMilliseconds\u0022:0,\u0022LineOfSightElapsedMs\u0022:0,\u0022MissilePoolCreationMilliseconds\u0022:0,\u0022MissilePoolCreationElapsedMs\u0022:0,\u0022PlayerDirectRaycastMilliseconds\u0022:0,\u0022PlayerWorldRaycastMilliseconds\u0022:0,\u0022PlayerMechRaycastMilliseconds\u0022:0,\u0022PlayerDirectDamageMilliseconds\u0022:0,\u0022PlayerWeaponVisualMilliseconds\u0022:0}}"}
10-04 19:28:22.765  3817  3881 I godot   : QUEST_COMBAT_CHUNK: {"kind":"EVENT","runId":"20261004-182729-1d1caa","recordId":304,"index":0,"count":2,"data":"{\u0022runId\u0022:\u002220261004-182729-1d1caa\u0022,\u0022trial\u0022:2,\u0022Seconds\u0022:13.8052715,\u0022Ms\u0022:15.079999999999316,\u0022Combat\u0022:{\u0022EnemyAiTicks\u0022:4,\u0022EnemyAiElapsedTicks\u0022:470730,\u0022LineOfSightCalls\u0022:1,\u0022LineOfSightElapsedTicks\u0022:156406,\u0022MissilePoolsCreated\u0022:0,\u0022MissilePoolCreationElapsedTicks\u0022:0,\u0022PlayerDirectRaycastCalls\u0022:0,\u0022PlayerDirectRaycastElapsedTicks\u0022:0,\u0022PlayerDirectDamageCalls\u0022:0,\u0022PlayerDirectDamageElapsedTicks\u0022:0,\u0022PlayerWeaponVisualCalls\u0022:0,\u0022PlayerWeaponVisualElapsedTicks\u0022:0,\u0022WeaponLaunches\u0022:0,\u0022EnemyWeaponLaunches\u0022:0,\u0022MissileLaunches\u0022:0,\u0022Impacts\u0022:1,\u0022ActiveMissiles"}
10-04 19:28:22.765  3817  3881 I godot   : QUEST_COMBAT_CHUNK: {"kind":"EVENT","runId":"20261004-182729-1d1caa","recordId":304,"index":1,"count":2,"data":"\u0022:26,\u0022ActiveLasers\u0022:0,\u0022PlayerWorldRaycastElapsedTicks\u0022:0,\u0022PlayerMechRaycastElapsedTicks\u0022:0,\u0022WeaponEffectPoolBuilds\u0022:0,\u0022WeaponEffectPoolFallbacks\u0022:0,\u0022EnemyAiMilliseconds\u0022:0.47073,\u0022EnemyAiElapsedMs\u0022:0.47073,\u0022LineOfSightMilliseconds\u0022:0.156406,\u0022LineOfSightElapsedMs\u0022:0.156406,\u0022MissilePoolCreationMilliseconds\u0022:0,\u0022MissilePoolCreationElapsedMs\u0022:0,\u0022PlayerDirectRaycastMilliseconds\u0022:0,\u0022PlayerWorldRaycastMilliseconds\u0022:0,\u0022PlayerMechRaycastMilliseconds\u0022:0,\u0022PlayerDirectDamageMilliseconds\u0022:0,\u0022PlayerWeaponVisualMilliseconds\u0022:0}}"}
10-04 19:28:22.766  3817  3881 I godot   : QUEST_COMBAT_CHUNK: {"kind":"EVENT","runId":"20261004-182729-1d1caa","recordId":305,"index":0,"count":2,"data":"{\u0022runId\u0022:\u002220261004-182729-1d1caa\u0022,\u0022trial\u0022:2,\u0022Seconds\u0022:13.8523101,\u0022Ms\u0022:16.226100000000798,\u0022Combat\u0022:{\u0022EnemyAiTicks\u0022:4,\u0022EnemyAiElapsedTicks\u0022:270313,\u0022LineOfSightCalls\u0022:0,\u0022LineOfSightElapsedTicks\u0022:0,\u0022MissilePoolsCreated\u0022:0,\u0022MissilePoolCreationElapsedTicks\u0022:0,\u0022PlayerDirectRaycastCalls\u0022:0,\u0022PlayerDirectRaycastElapsedTicks\u0022:0,\u0022PlayerDirectDamageCalls\u0022:0,\u0022PlayerDirectDamageElapsedTicks\u0022:0,\u0022PlayerWeaponVisualCalls\u0022:0,\u0022PlayerWeaponVisualElapsedTicks\u0022:0,\u0022WeaponLaunches\u0022:0,\u0022EnemyWeaponLaunches\u0022:0,\u0022MissileLaunches\u0022:0,\u0022Impacts\u0022:1,\u0022ActiveMissiles\u0022:2"}
10-04 19:28:22.766  3817  3881 I godot   : QUEST_COMBAT_CHUNK: {"kind":"EVENT","runId":"20261004-182729-1d1caa","recordId":305,"index":1,"count":2,"data":"6,\u0022ActiveLasers\u0022:0,\u0022PlayerWorldRaycastElapsedTicks\u0022:0,\u0022PlayerMechRaycastElapsedTicks\u0022:0,\u0022WeaponEffectPoolBuilds\u0022:0,\u0022WeaponEffectPoolFallbacks\u0022:0,\u0022EnemyAiMilliseconds\u0022:0.270313,\u0022EnemyAiElapsedMs\u0022:0.270313,\u0022LineOfSightMilliseconds\u0022:0,\u0022LineOfSightElapsedMs\u0022:0,\u0022MissilePoolCreationMilliseconds\u0022:0,\u0022MissilePoolCreationElapsedMs\u0022:0,\u0022PlayerDirectRaycastMilliseconds\u0022:0,\u0022PlayerWorldRaycastMilliseconds\u0022:0,\u0022PlayerMechRaycastMilliseconds\u0022:0,\u0022PlayerDirectDamageMilliseconds\u0022:0,\u0022PlayerWeaponVisualMilliseconds\u0022:0}}"}
10-04 19:28:22.766  3817  3881 I godot   : QUEST_COMBAT_CHUNK: {"kind":"EVENT","runId":"20261004-182729-1d1caa","recordId":306,"index":0,"count":2,"data":"{\u0022runId\u0022:\u002220261004-182729-1d1caa\u0022,\u0022trial\u0022:2,\u0022Seconds\u0022:13.8837289,\u0022Ms\u0022:14.748799999999562,\u0022Combat\u0022:{\u0022EnemyAiTicks\u0022:4,\u0022EnemyAiElapsedTicks\u0022:322863,\u0022LineOfSightCalls\u0022:0,\u0022LineOfSightElapsedTicks\u0022:0,\u0022MissilePoolsCreated\u0022:0,\u0022MissilePoolCreationElapsedTicks\u0022:0,\u0022PlayerDirectRaycastCalls\u0022:0,\u0022PlayerDirectRaycastElapsedTicks\u0022:0,\u0022PlayerDirectDamageCalls\u0022:0,\u0022PlayerDirectDamageElapsedTicks\u0022:0,\u0022PlayerWeaponVisualCalls\u0022:0,\u0022PlayerWeaponVisualElapsedTicks\u0022:0,\u0022WeaponLaunches\u0022:0,\u0022EnemyWeaponLaunches\u0022:0,\u0022MissileLaunches\u0022:0,\u0022Impacts\u0022:1,\u0022ActiveMissiles\u0022:2"}
10-04 19:28:22.766  3817  3881 I godot   : QUEST_COMBAT_CHUNK: {"kind":"EVENT","runId":"20261004-182729-1d1caa","recordId":306,"index":1,"count":2,"data":"6,\u0022ActiveLasers\u0022:0,\u0022PlayerWorldRaycastElapsedTicks\u0022:0,\u0022PlayerMechRaycastElapsedTicks\u0022:0,\u0022WeaponEffectPoolBuilds\u0022:0,\u0022WeaponEffectPoolFallbacks\u0022:0,\u0022EnemyAiMilliseconds\u0022:0.322863,\u0022EnemyAiElapsedMs\u0022:0.322863,\u0022LineOfSightMilliseconds\u0022:0,\u0022LineOfSightElapsedMs\u0022:0,\u0022MissilePoolCreationMilliseconds\u0022:0,\u0022MissilePoolCreationElapsedMs\u0022:0,\u0022PlayerDirectRaycastMilliseconds\u0022:0,\u0022PlayerWorldRaycastMilliseconds\u0022:0,\u0022PlayerMechRaycastMilliseconds\u0022:0,\u0022PlayerDirectDamageMilliseconds\u0022:0,\u0022PlayerWeaponVisualMilliseconds\u0022:0}}"}
10-04 19:28:22.766  3817  3881 I godot   : QUEST_COMBAT_CHUNK: {"kind":"EVENT","runId":"20261004-182729-1d1caa","recordId":307,"index":0,"count":2,"data":"{\u0022runId\u0022:\u002220261004-182729-1d1caa\u0022,\u0022trial\u0022:2,\u0022Seconds\u0022:14.1471365,\u0022Ms\u0022:16.70410000000011,\u0022Combat\u0022:{\u0022EnemyAiTicks\u0022:4,\u0022EnemyAiElapsedTicks\u0022:1445313,\u0022LineOfSightCalls\u0022:1,\u0022LineOfSightElapsedTicks\u0022:287813,\u0022MissilePoolsCreated\u0022:0,\u0022MissilePoolCreationElapsedTicks\u0022:0,\u0022PlayerDirectRaycastCalls\u0022:0,\u0022PlayerDirectRaycastElapsedTicks\u0022:0,\u0022PlayerDirectDamageCalls\u0022:0,\u0022PlayerDirectDamageElapsedTicks\u0022:0,\u0022PlayerWeaponVisualCalls\u0022:0,\u0022PlayerWeaponVisualElapsedTicks\u0022:0,\u0022WeaponLaunches\u0022:1,\u0022EnemyWeaponLaunches\u0022:1,\u0022MissileLaunches\u0022:0,\u0022Impacts\u0022:0,\u0022ActiveMissiles"}
10-04 19:28:22.766  3817  3881 I godot   : QUEST_COMBAT_CHUNK: {"kind":"EVENT","runId":"20261004-182729-1d1caa","recordId":307,"index":1,"count":2,"data":"\u0022:26,\u0022ActiveLasers\u0022:0,\u0022PlayerWorldRaycastElapsedTicks\u0022:0,\u0022PlayerMechRaycastElapsedTicks\u0022:0,\u0022WeaponEffectPoolBuilds\u0022:0,\u0022WeaponEffectPoolFallbacks\u0022:0,\u0022EnemyAiMilliseconds\u0022:1.445313,\u0022EnemyAiElapsedMs\u0022:1.445313,\u0022LineOfSightMilliseconds\u0022:0.287813,\u0022LineOfSightElapsedMs\u0022:0.287813,\u0022MissilePoolCreationMilliseconds\u0022:0,\u0022MissilePoolCreationElapsedMs\u0022:0,\u0022PlayerDirectRaycastMilliseconds\u0022:0,\u0022PlayerWorldRaycastMilliseconds\u0022:0,\u0022PlayerMechRaycastMilliseconds\u0022:0,\u0022PlayerDirectDamageMilliseconds\u0022:0,\u0022PlayerWeaponVisualMilliseconds\u0022:0}}"}
10-04 19:28:22.766  3817  3881 I godot   : QUEST_COMBAT_CHUNK: {"kind":"EVENT","runId":"20261004-182729-1d1caa","recordId":308,"index":0,"count":2,"data":"{\u0022runId\u0022:\u002220261004-182729-1d1caa\u0022,\u0022trial\u0022:2,\u0022Seconds\u0022:14.1619378,\u0022Ms\u0022:14.80130000000024,\u0022Combat\u0022:{\u0022EnemyAiTicks\u0022:4,\u0022EnemyAiElapsedTicks\u0022:371875,\u0022LineOfSightCalls\u0022:0,\u0022LineOfSightElapsedTicks\u0022:0,\u0022MissilePoolsCreated\u0022:0,\u0022MissilePoolCreationElapsedTicks\u0022:0,\u0022PlayerDirectRaycastCalls\u0022:0,\u0022PlayerDirectRaycastElapsedTicks\u0022:0,\u0022PlayerDirectDamageCalls\u0022:0,\u0022PlayerDirectDamageElapsedTicks\u0022:0,\u0022PlayerWeaponVisualCalls\u0022:0,\u0022PlayerWeaponVisualElapsedTicks\u0022:0,\u0022WeaponLaunches\u0022:0,\u0022EnemyWeaponLaunches\u0022:0,\u0022MissileLaunches\u0022:1,\u0022Impacts\u0022:0,\u0022ActiveMissiles\u0022:27"}
10-04 19:28:22.766  3817  3881 I godot   : QUEST_COMBAT_CHUNK: {"kind":"EVENT","runId":"20261004-182729-1d1caa","recordId":308,"index":1,"count":2,"data":",\u0022ActiveLasers\u0022:0,\u0022PlayerWorldRaycastElapsedTicks\u0022:0,\u0022PlayerMechRaycastElapsedTicks\u0022:0,\u0022WeaponEffectPoolBuilds\u0022:0,\u0022WeaponEffectPoolFallbacks\u0022:0,\u0022EnemyAiMilliseconds\u0022:0.371875,\u0022EnemyAiElapsedMs\u0022:0.371875,\u0022LineOfSightMilliseconds\u0022:0,\u0022LineOfSightElapsedMs\u0022:0,\u0022MissilePoolCreationMilliseconds\u0022:0,\u0022MissilePoolCreationElapsedMs\u0022:0,\u0022PlayerDirectRaycastMilliseconds\u0022:0,\u0022PlayerWorldRaycastMilliseconds\u0022:0,\u0022PlayerMechRaycastMilliseconds\u0022:0,\u0022PlayerDirectDamageMilliseconds\u0022:0,\u0022PlayerWeaponVisualMilliseconds\u0022:0}}"}
10-04 19:28:22.767  3817  3881 I godot   : QUEST_COMBAT_CHUNK: {"kind":"EVENT","runId":"20261004-182729-1d1caa","recordId":309,"index":0,"count":2,"data":"{\u0022runId\u0022:\u002220261004-182729-1d1caa\u0022,\u0022trial\u0022:2,\u0022Seconds\u0022:14.2080399,\u0022Ms\u0022:18.132999999998844,\u0022Combat\u0022:{\u0022EnemyAiTicks\u0022:4,\u0022EnemyAiElapsedTicks\u0022:406458,\u0022LineOfSightCalls\u0022:0,\u0022LineOfSightElapsedTicks\u0022:0,\u0022MissilePoolsCreated\u0022:0,\u0022MissilePoolCreationElapsedTicks\u0022:0,\u0022PlayerDirectRaycastCalls\u0022:0,\u0022PlayerDirectRaycastElapsedTicks\u0022:0,\u0022PlayerDirectDamageCalls\u0022:0,\u0022PlayerDirectDamageElapsedTicks\u0022:0,\u0022PlayerWeaponVisualCalls\u0022:0,\u0022PlayerWeaponVisualElapsedTicks\u0022:0,\u0022WeaponLaunches\u0022:0,\u0022EnemyWeaponLaunches\u0022:0,\u0022MissileLaunches\u0022:1,\u0022Impacts\u0022:0,\u0022ActiveMissiles\u0022:2"}
10-04 19:28:22.767  3817  3881 I godot   : QUEST_COMBAT_CHUNK: {"kind":"EVENT","runId":"20261004-182729-1d1caa","recordId":309,"index":1,"count":2,"data":"8,\u0022ActiveLasers\u0022:0,\u0022PlayerWorldRaycastElapsedTicks\u0022:0,\u0022PlayerMechRaycastElapsedTicks\u0022:0,\u0022WeaponEffectPoolBuilds\u0022:0,\u0022WeaponEffectPoolFallbacks\u0022:0,\u0022EnemyAiMilliseconds\u0022:0.406458,\u0022EnemyAiElapsedMs\u0022:0.406458,\u0022LineOfSightMilliseconds\u0022:0,\u0022LineOfSightElapsedMs\u0022:0,\u0022MissilePoolCreationMilliseconds\u0022:0,\u0022MissilePoolCreationElapsedMs\u0022:0,\u0022PlayerDirectRaycastMilliseconds\u0022:0,\u0022PlayerWorldRaycastMilliseconds\u0022:0,\u0022PlayerMechRaycastMilliseconds\u0022:0,\u0022PlayerDirectDamageMilliseconds\u0022:0,\u0022PlayerWeaponVisualMilliseconds\u0022:0}}"}
10-04 19:28:22.767  3817  3881 I godot   : QUEST_COMBAT_CHUNK: {"kind":"EVENT","runId":"20261004-182729-1d1caa","recordId":310,"index":0,"count":2,"data":"{\u0022runId\u0022:\u002220261004-182729-1d1caa\u0022,\u0022trial\u0022:2,\u0022Seconds\u0022:14.2368693,\u0022Ms\u0022:14.256100000000771,\u0022Combat\u0022:{\u0022EnemyAiTicks\u0022:4,\u0022EnemyAiElapsedTicks\u0022:384271,\u0022LineOfSightCalls\u0022:0,\u0022LineOfSightElapsedTicks\u0022:0,\u0022MissilePoolsCreated\u0022:0,\u0022MissilePoolCreationElapsedTicks\u0022:0,\u0022PlayerDirectRaycastCalls\u0022:0,\u0022PlayerDirectRaycastElapsedTicks\u0022:0,\u0022PlayerDirectDamageCalls\u0022:0,\u0022PlayerDirectDamageElapsedTicks\u0022:0,\u0022PlayerWeaponVisualCalls\u0022:0,\u0022PlayerWeaponVisualElapsedTicks\u0022:0,\u0022WeaponLaunches\u0022:0,\u0022EnemyWeaponLaunches\u0022:0,\u0022MissileLaunches\u0022:1,\u0022Impacts\u0022:0,\u0022ActiveMissiles\u0022:2"}
10-04 19:28:22.767  3817  3881 I godot   : QUEST_COMBAT_CHUNK: {"kind":"EVENT","runId":"20261004-182729-1d1caa","recordId":310,"index":1,"count":2,"data":"9,\u0022ActiveLasers\u0022:0,\u0022PlayerWorldRaycastElapsedTicks\u0022:0,\u0022PlayerMechRaycastElapsedTicks\u0022:0,\u0022WeaponEffectPoolBuilds\u0022:0,\u0022WeaponEffectPoolFallbacks\u0022:0,\u0022EnemyAiMilliseconds\u0022:0.384271,\u0022EnemyAiElapsedMs\u0022:0.384271,\u0022LineOfSightMilliseconds\u0022:0,\u0022LineOfSightElapsedMs\u0022:0,\u0022MissilePoolCreationMilliseconds\u0022:0,\u0022MissilePoolCreationElapsedMs\u0022:0,\u0022PlayerDirectRaycastMilliseconds\u0022:0,\u0022PlayerWorldRaycastMilliseconds\u0022:0,\u0022PlayerMechRaycastMilliseconds\u0022:0,\u0022PlayerDirectDamageMilliseconds\u0022:0,\u0022PlayerWeaponVisualMilliseconds\u0022:0}}"}
10-04 19:28:22.768  3817  3881 I godot   : QUEST_COMBAT_CHUNK: {"kind":"EVENT","runId":"20261004-182729-1d1caa","recordId":311,"index":0,"count":2,"data":"{\u0022runId\u0022:\u002220261004-182729-1d1caa\u0022,\u0022trial\u0022:2,\u0022Seconds\u0022:14.2676666,\u0022Ms\u0022:15.413999999999817,\u0022Combat\u0022:{\u0022EnemyAiTicks\u0022:4,\u0022EnemyAiElapsedTicks\u0022:395781,\u0022LineOfSightCalls\u0022:0,\u0022LineOfSightElapsedTicks\u0022:0,\u0022MissilePoolsCreated\u0022:0,\u0022MissilePoolCreationElapsedTicks\u0022:0,\u0022PlayerDirectRaycastCalls\u0022:0,\u0022PlayerDirectRaycastElapsedTicks\u0022:0,\u0022PlayerDirectDamageCalls\u0022:0,\u0022PlayerDirectDamageElapsedTicks\u0022:0,\u0022PlayerWeaponVisualCalls\u0022:0,\u0022PlayerWeaponVisualElapsedTicks\u0022:0,\u0022WeaponLaunches\u0022:0,\u0022EnemyWeaponLaunches\u0022:0,\u0022MissileLaunches\u0022:1,\u0022Impacts\u0022:0,\u0022ActiveMissiles\u0022:2"}
10-04 19:28:22.768  3817  3881 I godot   : QUEST_COMBAT_CHUNK: {"kind":"EVENT","runId":"20261004-182729-1d1caa","recordId":311,"index":1,"count":2,"data":"9,\u0022ActiveLasers\u0022:0,\u0022PlayerWorldRaycastElapsedTicks\u0022:0,\u0022PlayerMechRaycastElapsedTicks\u0022:0,\u0022WeaponEffectPoolBuilds\u0022:0,\u0022WeaponEffectPoolFallbacks\u0022:0,\u0022EnemyAiMilliseconds\u0022:0.395781,\u0022EnemyAiElapsedMs\u0022:0.395781,\u0022LineOfSightMilliseconds\u0022:0,\u0022LineOfSightElapsedMs\u0022:0,\u0022MissilePoolCreationMilliseconds\u0022:0,\u0022MissilePoolCreationElapsedMs\u0022:0,\u0022PlayerDirectRaycastMilliseconds\u0022:0,\u0022PlayerWorldRaycastMilliseconds\u0022:0,\u0022PlayerMechRaycastMilliseconds\u0022:0,\u0022PlayerDirectDamageMilliseconds\u0022:0,\u0022PlayerWeaponVisualMilliseconds\u0022:0}}"}
10-04 19:28:22.768  3817  3881 I godot   : QUEST_COMBAT_CHUNK: {"kind":"EVENT","runId":"20261004-182729-1d1caa","recordId":312,"index":0,"count":2,"data":"{\u0022runId\u0022:\u002220261004-182729-1d1caa\u0022,\u0022trial\u0022:2,\u0022Seconds\u0022:14.5237201,\u0022Ms\u0022:17.246000000000095,\u0022Combat\u0022:{\u0022EnemyAiTicks\u0022:4,\u0022EnemyAiElapsedTicks\u0022:316302,\u0022LineOfSightCalls\u0022:0,\u0022LineOfSightElapsedTicks\u0022:0,\u0022MissilePoolsCreated\u0022:0,\u0022MissilePoolCreationElapsedTicks\u0022:0,\u0022PlayerDirectRaycastCalls\u0022:1,\u0022PlayerDirectRaycastElapsedTicks\u0022:1526042,\u0022PlayerDirectDamageCalls\u0022:1,\u0022PlayerDirectDamageElapsedTicks\u0022:122292,\u0022PlayerWeaponVisualCalls\u0022:1,\u0022PlayerWeaponVisualElapsedTicks\u0022:133489,\u0022WeaponLaunches\u0022:1,\u0022EnemyWeaponLaunches\u0022:0,\u0022MissileLaunches\u0022:0,\u0022Impacts\u0022:1,\u0022Active"}
10-04 19:28:22.768  3817  3881 I godot   : QUEST_COMBAT_CHUNK: {"kind":"EVENT","runId":"20261004-182729-1d1caa","recordId":312,"index":1,"count":2,"data":"Missiles\u0022:28,\u0022ActiveLasers\u0022:3,\u0022PlayerWorldRaycastElapsedTicks\u0022:939583,\u0022PlayerMechRaycastElapsedTicks\u0022:580625,\u0022WeaponEffectPoolBuilds\u0022:0,\u0022WeaponEffectPoolFallbacks\u0022:0,\u0022EnemyAiMilliseconds\u0022:0.316302,\u0022EnemyAiElapsedMs\u0022:0.316302,\u0022LineOfSightMilliseconds\u0022:0,\u0022LineOfSightElapsedMs\u0022:0,\u0022MissilePoolCreationMilliseconds\u0022:0,\u0022MissilePoolCreationElapsedMs\u0022:0,\u0022PlayerDirectRaycastMilliseconds\u0022:1.526042,\u0022PlayerWorldRaycastMilliseconds\u0022:0.939583,\u0022PlayerMechRaycastMilliseconds\u0022:0.580625,\u0022PlayerDirectDamageMilliseconds\u0022:0.122292,\u0022PlayerWeaponVisualMilliseconds\u0022:0.133489}}"}
10-04 19:28:22.826  3817  3881 I godot   : MechRewired: reactor online.
10-04 19:28:22.826  3817  3881 I godot   : MechRewired: VR game data directory: /data/data/uk.co.deanthecoder.mechrewired/files/game-data
10-04 19:28:22.826  3817  3881 I godot   : MechRewired: OpenXR seated cockpit enabled.
10-04 19:28:22.826  3817  3881 I godot   : MechRewired: rendering with mobile on vulkan.
10-04 19:28:22.826  3817  3881 I godot   : MechRewired: combat difficulty Medium.
10-04 19:28:23.041  3817  3881 I godot   : MechRewired: validated private MW2.PRJ SHA-256 e79f04412fb26cdad86403f19dd73605a8278fc3666608d782d9526bb2a2bef4.
10-04 19:28:23.041  3817  3881 I godot   : MechRewired: indexed 7,735 resources from MW2.PRJ (21,893,380 bytes).
10-04 19:28:23.041  3817  3881 I godot   : MechRewired: selected Wolf campaign (BWD/YELLSCN1.BWD; MEK/MDG00STD.MEK).
10-04 19:28:23.042  3817  3881 I godot   : MechRewired: resolved mission BWD/YELLSCN1.BWD (prefix YELL; palette PAL/YELL_DA.COL; world BWD/YELLWLD1.BWD; planet BWD/YELLPLT1.BWD; deployment BWD/YELLST01.BWD; 3 navigation references).
10-04 19:28:23.042  3817  3881 I godot   : MechRewired: configured player Mad Dog (60 tons, 8 firing points).
10-04 19:28:23.042  3817  3881 I godot   : MechRewired: loaded player loadout (6 weapons, 24 heat sinks, 2 ammo bins).
10-04 19:28:23.043  3817  3881 I godot   : MechRewired: loaded mission lighting (time 1500; view distance 500m; luma standard).
10-04 19:28:23.043  3817  3881 I godot   : MechRewired: loaded player deployment.
10-04 19:28:23.043  3817  3881 I godot   : MechRewired: decoded 5 mission tables from BWD/YELLSCN1.BWD; default table has 24 records and 5 supported objectives.
10-04 19:28:23.043  3817  3881 I godot   : MechRewired: loaded 3 mission navigation points from BWD/YELLSCN1.BWD.
10-04 19:28:23.046  3817  3881 I godot   : MechRewired: resolved 4 mission game pieces (4 hostile).
10-04 19:28:23.048  3817  3881 I godot   : MechRewired: assembled YELL mission world (8 BWD resources, 135 terrain objects, 22 scenery objects, 20 debris objects, 5 effect controls, 8 actors).
10-04 19:28:23.048  3817  3881 I godot   : MechRewired: loaded 2 mission-area boundaries from BWD/YELLSCN1.BWD.
10-04 19:28:23.048  3817  3881 I godot   : MISSION_STARTUP: mission data 7 ms.
10-04 19:28:23.084  3817  3881 I godot   : MechRewired: configured mission atmosphere.
10-04 19:28:23.393  3817  3881 I godot   : MechRewired: loaded original material 170 artwork CEL/A9SMO319.XEL (83x103).
10-04 19:28:23.760  3817  3881 I godot   : MechRewired: rendered mission world (185 instances, 8 active actor components, 20 ground-settled debris objects, 82 unique models; luminosity levels 12 terrain / 8 objects).
10-04 19:28:23.760  3817  3881 I godot   : MISSION_STARTUP: world objects 712 ms.
10-04 19:28:28.055  3817  3881 I godot   : MISSION_STARTUP: derived terrain 4295 ms.
10-04 19:28:28.882  3817  3881 I godot   : MechRewired: prepared desert terrain surface.
10-04 19:28:28.882  3817  3881 I godot   : MISSION_STARTUP: implicit ground and terrain index 827 ms.
